46,<b>&nbsp;&nbsp;%</b><br>Fentanyl&nbsp;&nbsp;<br>Epidural,0
43,<b>&nbsp;1&nbsp;mg</b><br>0.9% NaC&nbsp;100&nbsp;mL,0
43,<b>&nbsp;1&nbsp;mg</b><br>0.9% NaC&nbsp;50&nbsp;mL,0
43,<b>&nbsp;10&nbsp;Units</b><br>0.9% NaC&nbsp;100&nbsp;mL,0
35,<b>&nbsp;100&nbsp;mcg</b><br>0.9% NaC&nbsp;10&nbsp;mL<br>,0
33,<b>&nbsp;100&nbsp;mcg</b><br>0.9% NaC&nbsp;25&nbsp;mL,0
41,<b>&nbsp;1000&nbsp;mg</b><br>0.9% NaC&nbsp;110&nbsp;mL,0
43,<b>&nbsp;20&nbsp;g</b><br>0.9% NaC&nbsp;1000&nbsp;mL,0
43,<b>&nbsp;20&nbsp;mcg</b><br>5% D/W&nbsp;100&nbsp;mL,0
43,<b>&nbsp;20&nbsp;mg</b><br>0.9% NaC&nbsp;100&nbsp;mL,0
54,<b>&nbsp;200&nbsp;mcg</b><br>0.9% NaC&nbsp;25&nbsp;mL,0
43,<b>&nbsp;25&nbsp;mg</b><br>0.9% NaC&nbsp;1000&nbsp;mL,0
43,<b>&nbsp;40&nbsp;g</b><br>5% D/W&nbsp;500&nbsp;mL,0
43,<b>&nbsp;400&nbsp;mcg</b><br>0.9% NaC&nbsp;500&nbsp;mL,0
33,<b>&nbsp;50&nbsp;mcg</b><br>Acetar&nbsp;25&nbsp;mL,0
43,<b>&nbsp;500&nbsp;mcg</b><br>0.9% NaC&nbsp;100&nbsp;mL,0
43,<b>&nbsp;80&nbsp;mg</b><br>0.9% NaC&nbsp;500&nbsp;mL,0
18,<b></b><br>&nbsp;%<br>,0
18,<b></b><br>0.25&nbsp;%<br>PNB,0
18,<b></b><br>0.5&nbsp;%<br>Local infiltration,0
12,<b></b><br>1,0
12,<b></b><br>2,0
18,<b></b><br>2&nbsp;%<br>Local infiltration,0
18,<b></b><br>2&nbsp;%<br>Spray vocal cord,0
17,<b></b><br>Epidural,0
16,<b></b><br>IV,0
1,<b></b><br>IV,0
17,<b></b><br>IV,0
20,<b></b><br>IV,0
9,<b></b><br>IV,0
19,<b></b><br>IV,0
22,<b></b><br>IV,0
25,<b></b><br>IV,0
28,<b></b><br>IV,0
15,<b></b><br>IV,0
21,<b></b><br>IV,0
53,<b></b><br>IV,0
1,<b></b><br>IV<br>,0
1,<b></b><br>IV<br>KCl 10 mEq,0
17,<b></b><br>Spinal,0
28,<b></b><br>Spinal,0
29,<b>0.025% Iliadine spray</b>,0
29,<b>0.05% Iliadine spray</b>,0
1,<b>0.9% NaCl</b><br>IV,0
1,<b>0.9% NaCl</b><br>IV<br>,0
1,<b>0.9% NaCl</b><br>IV<br>Albumin 20 mEq,0
1,<b>0.9% NaCl</b><br>IV<br>KCl  mEq,0
1,<b>0.9% NaCl</b><br>IV<br>KCl 10 mEq,0
1,<b>0.9% NaCl</b><br>IV<br>KCl 15 mEq,0
1,<b>0.9% NaCl</b><br>IV<br>KCl 20 mEq,0
1,<b>0.9% NaCl</b><br>IV<br>KCl 40 mEq,0
1,<b>0.9% NaCl</b><br>IV<br>KCl 40 mmol,0
1,<b>0.9% NaCl</b><br>IV<br>KCl 60 mEq,0
1,<b>0.9% NaCl</b><br>IV<br>KCl 60 mEq<br>KCl 60 mEq,0
1,<b>0.9% NaCl</b><br>IV<br>KPhos 20 mEq,0
1,<b>0.9% NaCl</b><br>IV<br>KPhos 30 mEq,0
1,<b>0.9% NaCl</b><br>IV<br>KPhos 40 mEq,0
1,<b>0.9% NaCl</b><br>IV<br>MgSO4 20 g,0
1,<b>0.9% NaCl</b><br>IV<br>MgSO4 4 g,0
1,<b>0.9% NaCl</b><br>IV<br>MgSO4 50 %,0
29,<b>1% Lidocaine</b>,0
28,<b>10% Calcium gluconate</b><br>,0
28,<b>10% Calcium gluconate</b><br>IV,0
29,<b>10% Cocaine</b>,0
1,<b>10% D/N/2</b><br>IV,0
1,<b>10% D/N/2</b><br>IV<br>,0
1,<b>10% D/N/2</b><br>IV<br>KCl 10 mEq,0
1,<b>10% D/N/2</b><br>IV<br>KCl 20 mEq,0
1,<b>10% D/N/2</b><br>IV<br>KCl 30 mEq,0
1,<b>10% D/N/2</b><br>IV<br>KCl 40 mEq,0
1,<b>10% D/N/2</b><br>IV<br>KCl 60 mEq,0
1,<b>10% D/N/2</b><br>IV<br>KPhos 40 mEq,0
1,<b>10% D/N/2</b><br>IV<br>KPhos 60 mEq,0
1,<b>10% D/NSS</b><br>IV,0
1,<b>10% D/NSS</b><br>IV<br>,0
1,<b>10% D/NSS</b><br>IV<br>KCl 20 mEq,0
1,<b>10% D/NSS</b><br>IV<br>KCl 30 mEq,0
1,<b>10% D/NSS</b><br>IV<br>KCl 40 mEq,0
1,<b>10% D/NSS</b><br>IV<br>KCl 60 mEq,0
1,<b>10% D/W</b><br>IV,0
1,<b>10% D/W</b><br>IV<br>,0
1,<b>10% D/W</b><br>IV<br>KCl 40 mEq,0
29,<b>10% Lidocaine spray</b>,0
43,<b>10% MgSO4&nbsp;1&nbsp;g</b><br>0.9% NaC&nbsp;10&nbsp;mL,0
43,<b>10% MgSO4&nbsp;1&nbsp;g</b><br>0.9% NaC&nbsp;100&nbsp;mL,0
43,<b>10% MgSO4&nbsp;1&nbsp;g</b><br>0.9% NaC&nbsp;20&nbsp;mL,0
43,<b>10% MgSO4&nbsp;1&nbsp;g</b><br>0.9% NaC&nbsp;25&nbsp;mL,0
43,<b>10% MgSO4&nbsp;1&nbsp;g</b><br>5% D/W&nbsp;100&nbsp;mL,0
43,<b>10% MgSO4&nbsp;1&nbsp;g</b><br>5% D/W&nbsp;20&nbsp;mL,0
43,<b>10% MgSO4&nbsp;1&nbsp;g</b><br>5% D/W&nbsp;50&nbsp;mL,0
43,<b>10% MgSO4&nbsp;10&nbsp;g</b><br>5% D/W&nbsp;1000&nbsp;mL,0
43,<b>10% MgSO4&nbsp;10&nbsp;g</b><br>5% D/W&nbsp;500&nbsp;mL,0
43,<b>10% MgSO4&nbsp;100&nbsp;g</b><br>5% D/W&nbsp;1000&nbsp;mL,0
43,<b>10% MgSO4&nbsp;2&nbsp;g</b><br>0.9% NaC&nbsp;100&nbsp;mL,0
43,<b>10% MgSO4&nbsp;2&nbsp;g</b><br>0.9% NaC&nbsp;104&nbsp;mL,0
43,<b>10% MgSO4&nbsp;2&nbsp;g</b><br>0.9% NaC&nbsp;25&nbsp;mL,0
43,<b>10% MgSO4&nbsp;2&nbsp;g</b><br>0.9% NaC&nbsp;42&nbsp;mL,0
43,<b>10% MgSO4&nbsp;2&nbsp;g</b><br>0.9% NaC&nbsp;50&nbsp;mL,0
43,<b>10% MgSO4&nbsp;2&nbsp;g</b><br>5% D/W&nbsp;100&nbsp;mL,0
43,<b>10% MgSO4&nbsp;2&nbsp;g</b><br>5% D/W&nbsp;20&nbsp;mL,0
43,<b>10% MgSO4&nbsp;2&nbsp;g</b><br>5% D/W&nbsp;50&nbsp;mL,0
43,<b>10% MgSO4&nbsp;20&nbsp;g</b><br>0.9% NaC&nbsp;1000&nbsp;mL,0
43,<b>10% MgSO4&nbsp;20&nbsp;g</b><br>5% D/N/2&nbsp;1000&nbsp;mL,0
43,<b>10% MgSO4&nbsp;20&nbsp;g</b><br>5% D/W&nbsp;1000&nbsp;mL,0
43,<b>10% MgSO4&nbsp;20&nbsp;g</b><br>5% D/W&nbsp;1010&nbsp;mL,0
43,<b>10% MgSO4&nbsp;20&nbsp;g</b><br>5% D/W&nbsp;1040&nbsp;mL,0
43,<b>10% MgSO4&nbsp;20&nbsp;g</b><br>5% D/W&nbsp;500&nbsp;mL,0
43,<b>10% MgSO4&nbsp;20&nbsp;g</b><br>5% D/W&nbsp;900&nbsp;mL,0
43,<b>10% MgSO4&nbsp;20&nbsp;g</b><br>Acetar&nbsp;1000&nbsp;mL,0
43,<b>10% MgSO4&nbsp;20&nbsp;mg</b><br>5% D/W&nbsp;1000&nbsp;mL,0
43,<b>10% MgSO4&nbsp;20&nbsp;mg</b><br>5% D/W&nbsp;1020&nbsp;mL,0
43,<b>10% MgSO4&nbsp;200&nbsp;mEq</b><br>5% D/W&nbsp;1000&nbsp;mL,0
43,<b>10% MgSO4&nbsp;20000&nbsp;mg</b><br>5% D/W&nbsp;1000&nbsp;mL,0
43,<b>10% MgSO4&nbsp;4&nbsp;g</b><br>0.9% NaC&nbsp;100&nbsp;mL,0
43,<b>10% MgSO4&nbsp;4&nbsp;g</b><br>0.9% NaC&nbsp;108&nbsp;mL,0
43,<b>10% MgSO4&nbsp;4&nbsp;g</b><br>5% D/W&nbsp;100&nbsp;mL,0
43,<b>10% MgSO4&nbsp;4&nbsp;g</b><br>5% D/W&nbsp;1000&nbsp;mL,0
43,<b>10% MgSO4&nbsp;4&nbsp;mg</b><br>5% D/W&nbsp;100&nbsp;mL,0
43,<b>10% MgSO4&nbsp;40&nbsp;g</b><br>0.9% NaC&nbsp;1000&nbsp;mL,0
43,<b>10% MgSO4&nbsp;40&nbsp;g</b><br>0.9% NaC&nbsp;1020&nbsp;mL,0
43,<b>10% MgSO4&nbsp;40&nbsp;g</b><br>5% D/W&nbsp;1000&nbsp;mL,0
43,<b>10% MgSO4&nbsp;40&nbsp;mg</b><br>0.9% NaC&nbsp;1000&nbsp;mL,0
43,<b>10% MgSO4&nbsp;40&nbsp;mg</b><br>5% D/N/2&nbsp;1000&nbsp;mL,0
43,<b>10% MgSO4&nbsp;50&nbsp;g</b><br>5% D/W&nbsp;1000&nbsp;mL,0
43,<b>10% MgSO4&nbsp;500&nbsp;mg</b><br>0.9% NaC&nbsp;10&nbsp;mL,0
43,<b>10% MgSO4&nbsp;8&nbsp;mEq</b><br>5% D/W&nbsp;100&nbsp;mL,0
43,<b>10% MgSO4&nbsp;8&nbsp;mg</b><br>0.9% NaC&nbsp;100&nbsp;mL,0
28,<b>10% MgSO4</b><br>IV,0
29,<b>2% Lidocaine</b>,0
1,<b>20% Albumin</b><br>IV,0
1,<b>20% Albumin</b><br>IV<br>,0
49,<b>20% Mannitol</b>,0
28,<b>20% Mannitol</b><br>IV,0
1,<b>3% NaCl</b><br>IV,0
1,<b>3% NaCl</b><br>IV<br>,0
29,<b>4% Lidocaine</b>,0
1,<b>40% Dextran</b><br>IV,0
1,<b>40% Dextran</b><br>IV<br>,0
1,<b>5% Albumin</b><br>IV,0
1,<b>5% Albumin</b><br>IV<br>,0
1,<b>5% Albumin</b><br>IV<br>Albumin  ,0
1,<b>5% Albumin</b><br>IV<br>Albumin  <br>Albumin  ,0
1,<b>5% Albumin</b><br>IV<br>Albumin 5 %,0
1,<b>5% D/N/2</b><br>IV,0
1,<b>5% D/N/2</b><br>IV<br>,0
1,<b>5% D/N/2</b><br>IV<br>KCl 10 mEq,0
1,<b>5% D/N/2</b><br>IV<br>KCl 20 amps,0
1,<b>5% D/N/2</b><br>IV<br>KCl 20 mEq,0
1,<b>5% D/N/2</b><br>IV<br>KCl 20 mmol,0
1,<b>5% D/N/2</b><br>IV<br>KCl 30 mEq,0
1,<b>5% D/N/2</b><br>IV<br>KCl 40 mEq,0
1,<b>5% D/N/2</b><br>IV<br>KCl 40 mmol,0
1,<b>5% D/N/2</b><br>IV<br>KCl 50 mEq,0
1,<b>5% D/N/2</b><br>IV<br>KCl 60 mEq,0
1,<b>5% D/N/2</b><br>IV<br>KPhos 20 mEq,0
1,<b>5% D/N/2</b><br>IV<br>KPhos 40 mEq,0
1,<b>5% D/N/2</b><br>IV<br>KPhos 60 mEq,0
1,<b>5% D/N/3</b><br>IV,0
1,<b>5% D/N/3</b><br>IV<br>,0
1,<b>5% D/N/4</b><br>IV,0
1,<b>5% D/N/4</b><br>IV<br>,0
1,<b>5% D/N/5</b><br>IV,0
1,<b>5% D/N/5</b><br>IV<br>,0
1,<b>5% D/N/5</b><br>IV<br>Albumin  ,0
1,<b>5% D/NSS</b><br>IV,0
1,<b>5% D/NSS</b><br>IV<br>,0
1,<b>5% D/NSS</b><br>IV<br>KCl 15 mEq,0
1,<b>5% D/NSS</b><br>IV<br>KCl 20 mEq,0
1,<b>5% D/NSS</b><br>IV<br>KCl 30 mEq,0
1,<b>5% D/NSS</b><br>IV<br>KCl 40 mEq,0
1,<b>5% D/NSS</b><br>IV<br>KCl 60 mEq,0
1,<b>5% D/NSS</b><br>IV<br>KPhos 40 mEq,0
1,<b>5% D/NSS</b><br>IV<br>KPhos 60 mEq,0
1,<b>5% D/W</b><br>IV,0
1,<b>5% D/W</b><br>IV<br>,0
1,<b>5% D/W</b><br>IV<br>KCl 10 mEq,0
1,<b>5% D/W</b><br>IV<br>KCl 20 mEq,0
1,<b>5% D/W</b><br>IV<br>KCl 5 mEq,0
1,<b>5% D/W</b><br>IV<br>KCl 60 mEq,0
1,<b>5% D/W</b><br>IV<br>KPhos 40 mEq,0
1,<b>5% D/W</b><br>IV<br>MgSO4  %<br>MgSO4 20 g,0
1,<b>5% D/W</b><br>IV<br>MgSO4 10 g,0
1,<b>5% D/W</b><br>IV<br>MgSO4 2 g,0
1,<b>5% D/W</b><br>IV<br>MgSO4 2 mg,0
1,<b>5% D/W</b><br>IV<br>MgSO4 20 g,0
1,<b>5% D/W</b><br>IV<br>MgSO4 4 g,0
1,<b>5% D/W</b><br>IV<br>MgSO4 40 g,0
1,<b>5% D/W</b><br>IV<br>MgSO4 50 %,0
28,<b>50% Glucose</b><br>IV,0
1,<b>6% Hemohes</b><br>IV,0
43,<b>7.5% NaHCO3&nbsp;1.25&nbsp;g</b><br>0.9% NaC&nbsp;100&nbsp;mL,0
43,<b>7.5% NaHCO3&nbsp;1.78&nbsp;mEq</b><br>5% D/W&nbsp;4&nbsp;mL,0
43,<b>7.5% NaHCO3&nbsp;100&nbsp;mEq</b><br>0.9% NaC&nbsp;1000&nbsp;mL,0
43,<b>7.5% NaHCO3&nbsp;11&nbsp;g</b><br>5% D/W&nbsp;850&nbsp;mL,0
43,<b>7.5% NaHCO3&nbsp;11.25&nbsp;g</b><br>&nbsp;650&nbsp;mL,0
43,<b>7.5% NaHCO3&nbsp;11.25&nbsp;g</b><br>5% D/W&nbsp;1000&nbsp;mL,0
43,<b>7.5% NaHCO3&nbsp;11.25&nbsp;g</b><br>5% D/W&nbsp;500&nbsp;mL,0
43,<b>7.5% NaHCO3&nbsp;11.25&nbsp;g</b><br>5% D/W&nbsp;850&nbsp;mL,0
43,<b>7.5% NaHCO3&nbsp;11.25&nbsp;mg</b><br>5% D/N/2&nbsp;1000&nbsp;mL,0
43,<b>7.5% NaHCO3&nbsp;11.25&nbsp;mg</b><br>5% D/W&nbsp;1000&nbsp;mL,0
43,<b>7.5% NaHCO3&nbsp;13&nbsp;mEq</b><br>5% D/W&nbsp;26&nbsp;mL,0
43,<b>7.5% NaHCO3&nbsp;132&nbsp;mEq</b><br>5% D/N/2&nbsp;1000&nbsp;mL,0
43,<b>7.5% NaHCO3&nbsp;132&nbsp;mEq</b><br>5% D/W&nbsp;1000&nbsp;mL,0
43,<b>7.5% NaHCO3&nbsp;132&nbsp;mg</b><br>5% D/W&nbsp;1000&nbsp;mL,0
43,<b>7.5% NaHCO3&nbsp;132&nbsp;mmol</b><br>5% D/W&nbsp;1000&nbsp;mL,0
43,<b>7.5% NaHCO3&nbsp;132&nbsp;mmol</b><br>Sterile&nbsp;1000&nbsp;mL,0
43,<b>7.5% NaHCO3&nbsp;133&nbsp;mEq</b><br>5% D/W&nbsp;1000&nbsp;mL,0
43,<b>7.5% NaHCO3&nbsp;133.5&nbsp;mEq</b><br>5% D/W&nbsp;1850&nbsp;mL,0
43,<b>7.5% NaHCO3&nbsp;133.6&nbsp;mmol</b><br>5% D/W&nbsp;1000&nbsp;mL,0
43,<b>7.5% NaHCO3&nbsp;133.8&nbsp;mEq</b><br>0.9% NaC&nbsp;1000&nbsp;mL,0
43,<b>7.5% NaHCO3&nbsp;133.8&nbsp;mEq</b><br>0.9% NaC&nbsp;1150&nbsp;mL,0
43,<b>7.5% NaHCO3&nbsp;133.8&nbsp;mEq</b><br>5% D/NSS&nbsp;1000&nbsp;mL,0
43,<b>7.5% NaHCO3&nbsp;133.8&nbsp;mEq</b><br>5% D/W&nbsp;1000&nbsp;mL,0
43,<b>7.5% NaHCO3&nbsp;133.8&nbsp;mmol</b><br>5% D/W&nbsp;1000&nbsp;mL,0
43,<b>7.5% NaHCO3&nbsp;134&nbsp;mEq</b><br>5% D/W&nbsp;1000&nbsp;mL,0
43,<b>7.5% NaHCO3&nbsp;134&nbsp;mEq</b><br>5% D/W&nbsp;850&nbsp;mL,0
43,<b>7.5% NaHCO3&nbsp;135&nbsp;mEq</b><br>0.9% NaC&nbsp;1000&nbsp;mL,0
43,<b>7.5% NaHCO3&nbsp;135&nbsp;mEq</b><br>5% D/W&nbsp;1000&nbsp;mL,0
43,<b>7.5% NaHCO3&nbsp;144.6&nbsp;mEq</b><br>5% D/W&nbsp;1000&nbsp;mL,0
43,<b>7.5% NaHCO3&nbsp;150&nbsp;mEq</b><br>0.9% NaC&nbsp;1000&nbsp;mL,0
43,<b>7.5% NaHCO3&nbsp;150&nbsp;mEq</b><br>5% D/N/2&nbsp;1000&nbsp;mL,0
43,<b>7.5% NaHCO3&nbsp;150&nbsp;mEq</b><br>5% D/W&nbsp;1000&nbsp;mL,0
43,<b>7.5% NaHCO3&nbsp;150&nbsp;mEq</b><br>5% D/W&nbsp;500&nbsp;mL,0
43,<b>7.5% NaHCO3&nbsp;150&nbsp;mg</b><br>5% D/W&nbsp;1000&nbsp;mL,0
43,<b>7.5% NaHCO3&nbsp;150&nbsp;mg</b><br>5% D/W&nbsp;850&nbsp;mL,0
43,<b>7.5% NaHCO3&nbsp;178.4&nbsp;mEq</b><br>5% D/W&nbsp;1200&nbsp;mL,0
43,<b>7.5% NaHCO3&nbsp;18&nbsp;mEq</b><br>5% D/W&nbsp;100&nbsp;mL,0
43,<b>7.5% NaHCO3&nbsp;22.3&nbsp;mEq</b><br>Undilute&nbsp;25&nbsp;mL,0
43,<b>7.5% NaHCO3&nbsp;25&nbsp;mcg</b><br>Undilute&nbsp;25&nbsp;mL,0
43,<b>7.5% NaHCO3&nbsp;3.75&nbsp;g</b><br>0.9% NaC&nbsp;100&nbsp;mL,0
43,<b>7.5% NaHCO3&nbsp;3.75&nbsp;g</b><br>5% D/W&nbsp;1000&nbsp;mL,0
43,<b>7.5% NaHCO3&nbsp;3.75&nbsp;g</b><br>Acetar&nbsp;550&nbsp;mL,0
43,<b>7.5% NaHCO3&nbsp;3.75&nbsp;g</b><br>Undilute&nbsp;100&nbsp;mL,0
43,<b>7.5% NaHCO3&nbsp;3.75&nbsp;g</b><br>Undilute&nbsp;50&nbsp;mL,0
43,<b>7.5% NaHCO3&nbsp;44&nbsp;mEq</b><br>Undilute&nbsp;50&nbsp;mL,0
43,<b>7.5% NaHCO3&nbsp;44.6&nbsp;mEq</b><br>&nbsp;50&nbsp;mL,0
43,<b>7.5% NaHCO3&nbsp;44.6&nbsp;mEq</b><br>0.9% NaC&nbsp;50&nbsp;mL,0
43,<b>7.5% NaHCO3&nbsp;44.6&nbsp;mEq</b><br>5% D/W&nbsp;1150&nbsp;mL,0
43,<b>7.5% NaHCO3&nbsp;44.6&nbsp;mEq</b><br>Undilute&nbsp;100&nbsp;mL,0
43,<b>7.5% NaHCO3&nbsp;44.6&nbsp;mEq</b><br>Undilute&nbsp;50&nbsp;mL,0
43,<b>7.5% NaHCO3&nbsp;44.6&nbsp;mEq</b><br>Undilute&nbsp;75&nbsp;mL,0
43,<b>7.5% NaHCO3&nbsp;45&nbsp;mEq</b><br>Undilute&nbsp;100&nbsp;mL,0
43,<b>7.5% NaHCO3&nbsp;45&nbsp;mEq</b><br>Undilute&nbsp;50&nbsp;mL,0
43,<b>7.5% NaHCO3&nbsp;487&nbsp;mg</b><br>Sterile&nbsp;13&nbsp;mL,0
43,<b>7.5% NaHCO3&nbsp;5.63&nbsp;g</b><br>5% D/W&nbsp;500&nbsp;mL,0
43,<b>7.5% NaHCO3&nbsp;5.63&nbsp;mg</b><br>Sterile&nbsp;425&nbsp;mL,0
43,<b>7.5% NaHCO3&nbsp;5.8&nbsp;mEq</b><br>Sterile&nbsp;13&nbsp;mL,0
43,<b>7.5% NaHCO3&nbsp;50&nbsp;mEq</b><br>Acetar&nbsp;100&nbsp;mL,0
43,<b>7.5% NaHCO3&nbsp;50&nbsp;mEq</b><br>Undilute&nbsp;50&nbsp;mL,0
43,<b>7.5% NaHCO3&nbsp;75&nbsp;mEq</b><br>5% D/W&nbsp;500&nbsp;mL,0
43,<b>7.5% NaHCO3&nbsp;89.2&nbsp;mEq</b><br>Undilute&nbsp;100&nbsp;mL,0
43,<b>7.5% NaHCO3&nbsp;9.75&nbsp;g</b><br>0.9% NaC&nbsp;1150&nbsp;mL,0
28,<b>7.5% NaHCO3</b><br>IV,0
1,<b>Acetar</b><br>IV,0
1,<b>Acetar</b><br>IV<br>,0
1,<b>Acetar</b><br>IV<br>Albumin  ,0
1,<b>Acetar</b><br>IV<br>Albumin 10 g,0
1,<b>Acetar</b><br>IV<br>Albumin 20 g,0
1,<b>Acetar</b><br>IV<br>Albumin 4 %,0
1,<b>Acetar</b><br>IV<br>KCl 10 mEq,0
1,<b>Acetar</b><br>IV<br>KCl 20 mEq,0
1,<b>Acetar</b><br>IV<br>KCl 30 mEq,0
1,<b>Acetar</b><br>IV<br>KCl 40 mEq,0
1,<b>Acetar</b><br>IV<br>KCl 50 mEq,0
1,<b>Acetar</b><br>IV<br>KCl 60 mEq,0
23,<b>Adenosine</b><br>IV,0
9,<b>Amikacin</b><br>IV,0
40,<b>Amiodarone&nbsp;100&nbsp;mg</b><br>0.9% NaC&nbsp;80&nbsp;mL,0
40,<b>Amiodarone&nbsp;150&nbsp;mg</b><br>0.9% NaC&nbsp;100&nbsp;mL,0
40,<b>Amiodarone&nbsp;150&nbsp;mg</b><br>0.9% NaC&nbsp;103&nbsp;mL,0
40,<b>Amiodarone&nbsp;150&nbsp;mg</b><br>0.9% NaC&nbsp;200&nbsp;mL,0
40,<b>Amiodarone&nbsp;150&nbsp;mg</b><br>0.9% NaC&nbsp;25&nbsp;mL,0
40,<b>Amiodarone&nbsp;150&nbsp;mg</b><br>0.9% NaC&nbsp;50&nbsp;mL,0
40,<b>Amiodarone&nbsp;150&nbsp;mg</b><br>5% D/W&nbsp;100&nbsp;mL,0
40,<b>Amiodarone&nbsp;150&nbsp;mg</b><br>5% D/W&nbsp;102&nbsp;mL,0
40,<b>Amiodarone&nbsp;150&nbsp;mg</b><br>5% D/W&nbsp;103&nbsp;mL,0
40,<b>Amiodarone&nbsp;150&nbsp;mg</b><br>5% D/W&nbsp;104&nbsp;mL,0
40,<b>Amiodarone&nbsp;150&nbsp;mg</b><br>5% D/W&nbsp;150&nbsp;mL,0
40,<b>Amiodarone&nbsp;150&nbsp;mg</b><br>5% D/W&nbsp;50&nbsp;mL,0
40,<b>Amiodarone&nbsp;250&nbsp;mg</b><br>0.9% NaC&nbsp;25&nbsp;mL,0
40,<b>Amiodarone&nbsp;300&nbsp;mg</b><br>0.9% NaC&nbsp;100&nbsp;mL,0
40,<b>Amiodarone&nbsp;300&nbsp;mg</b><br>0.9% NaC&nbsp;125&nbsp;mL,0
40,<b>Amiodarone&nbsp;300&nbsp;mg</b><br>0.9% NaC&nbsp;25&nbsp;mL,0
40,<b>Amiodarone&nbsp;300&nbsp;mg</b><br>0.9% NaC&nbsp;506&nbsp;mL,0
40,<b>Amiodarone&nbsp;300&nbsp;mg</b><br>5% D/W&nbsp;100&nbsp;mL,0
40,<b>Amiodarone&nbsp;300&nbsp;mg</b><br>5% D/W&nbsp;150&nbsp;mL,0
40,<b>Amiodarone&nbsp;300&nbsp;mg</b><br>5% D/W&nbsp;250&nbsp;mL,0
40,<b>Amiodarone&nbsp;300&nbsp;mg</b><br>5% D/W&nbsp;500&nbsp;mL,0
40,<b>Amiodarone&nbsp;450&nbsp;mg</b><br>0.9% NaC&nbsp;300&nbsp;mL,0
40,<b>Amiodarone&nbsp;450&nbsp;mg</b><br>0.9% NaC&nbsp;500&nbsp;mL,0
40,<b>Amiodarone&nbsp;450&nbsp;mg</b><br>0.9% NaC&nbsp;506&nbsp;mL,0
40,<b>Amiodarone&nbsp;450&nbsp;mg</b><br>5% D/W&nbsp;1000&nbsp;mL,0
40,<b>Amiodarone&nbsp;450&nbsp;mg</b><br>5% D/W&nbsp;250&nbsp;mL,0
40,<b>Amiodarone&nbsp;450&nbsp;mg</b><br>5% D/W&nbsp;450&nbsp;mL,0
40,<b>Amiodarone&nbsp;450&nbsp;mg</b><br>5% D/W&nbsp;500&nbsp;mL,0
40,<b>Amiodarone&nbsp;540&nbsp;mg</b><br>5% D/W&nbsp;500&nbsp;mL,0
40,<b>Amiodarone&nbsp;600&nbsp;mg</b><br>0.9% NaC&nbsp;100&nbsp;mL,0
40,<b>Amiodarone&nbsp;600&nbsp;mg</b><br>0.9% NaC&nbsp;500&nbsp;mL,0
40,<b>Amiodarone&nbsp;600&nbsp;mg</b><br>5% D/N/2&nbsp;500&nbsp;mL,0
40,<b>Amiodarone&nbsp;600&nbsp;mg</b><br>5% D/W&nbsp;100&nbsp;mL,0
40,<b>Amiodarone&nbsp;600&nbsp;mg</b><br>5% D/W&nbsp;200&nbsp;mL,0
40,<b>Amiodarone&nbsp;600&nbsp;mg</b><br>5% D/W&nbsp;250&nbsp;mL,0
40,<b>Amiodarone&nbsp;600&nbsp;mg</b><br>5% D/W&nbsp;300&nbsp;mL,0
40,<b>Amiodarone&nbsp;600&nbsp;mg</b><br>5% D/W&nbsp;400&nbsp;mL,0
40,<b>Amiodarone&nbsp;600&nbsp;mg</b><br>5% D/W&nbsp;450&nbsp;mL,0
40,<b>Amiodarone&nbsp;600&nbsp;mg</b><br>5% D/W&nbsp;500&nbsp;mL,0
40,<b>Amiodarone&nbsp;600&nbsp;mg</b><br>5% D/W&nbsp;512&nbsp;mL,0
40,<b>Amiodarone&nbsp;600&nbsp;mg</b><br>5% D/W&nbsp;600&nbsp;mL,0
40,<b>Amiodarone&nbsp;600&nbsp;mg</b><br>5% D/W&nbsp;612&nbsp;mL,0
40,<b>Amiodarone&nbsp;75&nbsp;mg</b><br>5% D/W&nbsp;50&nbsp;mL,0
40,<b>Amiodarone&nbsp;900&nbsp;mg</b><br>0.9% NaC&nbsp;100&nbsp;mL,0
40,<b>Amiodarone&nbsp;900&nbsp;mg</b><br>0.9% NaC&nbsp;500&nbsp;mL,0
40,<b>Amiodarone&nbsp;900&nbsp;mg</b><br>5% D/W&nbsp;250&nbsp;mL,0
40,<b>Amiodarone&nbsp;900&nbsp;mg</b><br>5% D/W&nbsp;500&nbsp;mL,0
40,<b>Amiodarone&nbsp;900&nbsp;mg</b><br>5% D/W&nbsp;510&nbsp;mL,0
23,<b>Amiodarone</b><br>IV,0
55,<b>Amoxicillin/C&nbsp;1.2&nbsp;g</b><br>&nbsp;100&nbsp;mL,0
55,<b>Amoxicillin/C&nbsp;1.2&nbsp;g</b><br>0.9% NaC&nbsp;100&nbsp;mL,0
55,<b>Amoxicillin/C&nbsp;1.2&nbsp;g</b><br>5% D/W&nbsp;100&nbsp;mL,0
55,<b>Amoxicillin/C&nbsp;200&nbsp;mg</b><br>0.9% NaC&nbsp;20&nbsp;mL,0
9,<b>Amoxicillin/Clavuronate</b><br>IV,0
9,<b>Ampicilin</b><br>IV,0
48,<b>Ascites fluid</b>,0
34,<b>Atracurium&nbsp;10&nbsp;mg</b><br>&nbsp;1&nbsp;mL,0
34,<b>Atracurium&nbsp;10&nbsp;mg</b><br>0.9% NaC&nbsp;10&nbsp;mL,0
34,<b>Atracurium&nbsp;10&nbsp;mg</b><br>Undilute&nbsp;1&nbsp;mL,0
34,<b>Atracurium&nbsp;100&nbsp;mg</b><br>0.9% NaC&nbsp;10&nbsp;mL,0
34,<b>Atracurium&nbsp;100&nbsp;mg</b><br>0.9% NaC&nbsp;20&nbsp;mL,0
34,<b>Atracurium&nbsp;100&nbsp;mg</b><br>0.9% NaC&nbsp;50&nbsp;mL,0
34,<b>Atracurium&nbsp;100&nbsp;mg</b><br>Undilute&nbsp;10&nbsp;mL,0
34,<b>Atracurium&nbsp;125&nbsp;mg</b><br>0.9% NaC&nbsp;50&nbsp;mL,0
34,<b>Atracurium&nbsp;150&nbsp;mg</b><br>Undilute&nbsp;15&nbsp;mL,0
34,<b>Atracurium&nbsp;20&nbsp;mg</b><br>0.9% NaC&nbsp;20&nbsp;mL,0
34,<b>Atracurium&nbsp;20&nbsp;mg</b><br>0.9% NaC&nbsp;4&nbsp;mL,0
34,<b>Atracurium&nbsp;200&nbsp;mg</b><br>0.9% NaC&nbsp;20&nbsp;mL,0
34,<b>Atracurium&nbsp;200&nbsp;mg</b><br>Undilute&nbsp;20&nbsp;mL,0
34,<b>Atracurium&nbsp;200&nbsp;mg</b><br>Undilute&nbsp;220&nbsp;mL,0
34,<b>Atracurium&nbsp;200&nbsp;mg</b><br>Undilute&nbsp;40&nbsp;mL,0
34,<b>Atracurium&nbsp;25&nbsp;mg</b><br>&nbsp;25&nbsp;mL,0
34,<b>Atracurium&nbsp;25&nbsp;mg</b><br>0.9% NaC&nbsp;25&nbsp;mL,0
34,<b>Atracurium&nbsp;25&nbsp;mg</b><br>0.9% NaC&nbsp;5&nbsp;mL,0
34,<b>Atracurium&nbsp;30&nbsp;mg</b><br>0.9% NaC&nbsp;6&nbsp;mL,0
34,<b>Atracurium&nbsp;4&nbsp;mg</b><br>0.9% NaC&nbsp;1&nbsp;mL,0
34,<b>Atracurium&nbsp;40&nbsp;mg</b><br>0.9% NaC&nbsp;20&nbsp;mL,0
34,<b>Atracurium&nbsp;45&nbsp;mg</b><br>0.9% NaC&nbsp;22.5&nbsp;mL,0
34,<b>Atracurium&nbsp;50&nbsp;mg</b><br>&nbsp;25&nbsp;mL,0
34,<b>Atracurium&nbsp;50&nbsp;mg</b><br>&nbsp;50&nbsp;mL,0
34,<b>Atracurium&nbsp;50&nbsp;mg</b><br>0.9% NaC&nbsp;10&nbsp;mL,0
34,<b>Atracurium&nbsp;50&nbsp;mg</b><br>0.9% NaC&nbsp;20&nbsp;mL,0
34,<b>Atracurium&nbsp;50&nbsp;mg</b><br>0.9% NaC&nbsp;25&nbsp;mL,0
34,<b>Atracurium&nbsp;50&nbsp;mg</b><br>0.9% NaC&nbsp;50&nbsp;mL,0
34,<b>Atracurium&nbsp;50&nbsp;mg</b><br>Undilute&nbsp;5&nbsp;mL,0
34,<b>Atracurium&nbsp;55&nbsp;mg</b><br>0.9% NaC&nbsp;11&nbsp;mL,0
34,<b>Atracurium&nbsp;6&nbsp;mg</b><br>0.9% NaC&nbsp;6&nbsp;mL,0
34,<b>Atracurium&nbsp;60&nbsp;mg</b><br>&nbsp;12&nbsp;mL,0
34,<b>Atracurium&nbsp;60&nbsp;mg</b><br>0.9% NaC&nbsp;6&nbsp;mL,0
34,<b>Atracurium&nbsp;60&nbsp;mg</b><br>Undilute&nbsp;6&nbsp;mL,0
34,<b>Atracurium&nbsp;60&nbsp;mg</b><br>Undilute&nbsp;60&nbsp;mL,0
34,<b>Atracurium&nbsp;70&nbsp;mg</b><br>0.9% NaC&nbsp;14&nbsp;mL,0
34,<b>Atracurium&nbsp;70&nbsp;mg</b><br>5% D/NSS&nbsp;21&nbsp;mL,0
34,<b>Atracurium&nbsp;70&nbsp;mg</b><br>Undilute&nbsp;28&nbsp;mL,0
34,<b>Atracurium&nbsp;75&nbsp;mg</b><br>0.9% NaC&nbsp;50&nbsp;mL,0
34,<b>Atracurium&nbsp;80&nbsp;mg</b><br>Undilute&nbsp;8&nbsp;mL,0
16,<b>Atracurium</b><br>IV,0
16,<b>Atracurium</b><br>IV&nbsp;%<br>IV,0
19,<b>Atropine</b><br>IV,0
23,<b>Atropine</b><br>IV,0
9,<b>Augmentin</b><br>IV,0
24,<b>Beradual</b>,0
44,<b>Blood loss</b>,0
18,<b>Bupivacaine Hyperbaric</b><br>&nbsp;%<br>Local infiltration,0
18,<b>Bupivacaine Hyperbaric</b><br>&nbsp;%<br>PNB,0
18,<b>Bupivacaine Hyperbaric</b><br>&nbsp;%<br>Spinal,0
18,<b>Bupivacaine Hyperbaric</b><br>0.05&nbsp;%<br>Spinal,0
18,<b>Bupivacaine Hyperbaric</b><br>0.06&nbsp;%<br>Epidural,0
18,<b>Bupivacaine Hyperbaric</b><br>0.1&nbsp;%<br>Epidural,0
18,<b>Bupivacaine Hyperbaric</b><br>0.13&nbsp;%<br>Epidural,0
18,<b>Bupivacaine Hyperbaric</b><br>0.13&nbsp;%<br>Spinal,0
18,<b>Bupivacaine Hyperbaric</b><br>0.15&nbsp;%<br>Epidural,0
18,<b>Bupivacaine Hyperbaric</b><br>0.15&nbsp;%<br>PNB,0
18,<b>Bupivacaine Hyperbaric</b><br>0.2&nbsp;%<br>Caudal,0
18,<b>Bupivacaine Hyperbaric</b><br>0.2&nbsp;%<br>Epidural,0
18,<b>Bupivacaine Hyperbaric</b><br>0.2&nbsp;%<br>Local infiltration,0
18,<b>Bupivacaine Hyperbaric</b><br>0.2&nbsp;%<br>PNB,0
18,<b>Bupivacaine Hyperbaric</b><br>0.2&nbsp;%<br>PNB Catheter,0
18,<b>Bupivacaine Hyperbaric</b><br>0.2&nbsp;%<br>Spinal,0
18,<b>Bupivacaine Hyperbaric</b><br>0.25&nbsp;%<br>Epidural,0
18,<b>Bupivacaine Hyperbaric</b><br>0.25&nbsp;%<br>Local infiltration,0
18,<b>Bupivacaine Hyperbaric</b><br>0.25&nbsp;%<br>PNB,0
18,<b>Bupivacaine Hyperbaric</b><br>0.25&nbsp;%<br>PNB Catheter,0
18,<b>Bupivacaine Hyperbaric</b><br>0.25&nbsp;%<br>Spinal,0
18,<b>Bupivacaine Hyperbaric</b><br>0.3&nbsp;%<br>PNB,0
18,<b>Bupivacaine Hyperbaric</b><br>0.3&nbsp;%<br>Spinal,0
18,<b>Bupivacaine Hyperbaric</b><br>0.33&nbsp;%<br>PNB,0
18,<b>Bupivacaine Hyperbaric</b><br>0.38&nbsp;%<br>PNB,0
18,<b>Bupivacaine Hyperbaric</b><br>0.38&nbsp;%<br>PNB Catheter,0
18,<b>Bupivacaine Hyperbaric</b><br>0.38&nbsp;%<br>Spinal,0
18,<b>Bupivacaine Hyperbaric</b><br>0.4&nbsp;%<br>Spinal,0
18,<b>Bupivacaine Hyperbaric</b><br>0.5&nbsp;%<br>Caudal,0
18,<b>Bupivacaine Hyperbaric</b><br>0.5&nbsp;%<br>Epidural,0
18,<b>Bupivacaine Hyperbaric</b><br>0.5&nbsp;%<br>IV,0
18,<b>Bupivacaine Hyperbaric</b><br>0.5&nbsp;%<br>Local infiltration,0
18,<b>Bupivacaine Hyperbaric</b><br>0.5&nbsp;%<br>PNB,0
18,<b>Bupivacaine Hyperbaric</b><br>0.5&nbsp;%<br>SC,0
18,<b>Bupivacaine Hyperbaric</b><br>0.5&nbsp;%<br>Spinal,0
18,<b>Bupivacaine Hyperbaric</b><br>0.52&nbsp;%<br>Spinal,0
18,<b>Bupivacaine Hyperbaric</b><br>0.55&nbsp;%<br>Spinal,0
18,<b>Bupivacaine Hyperbaric</b><br>0.8&nbsp;%<br>Spinal,0
18,<b>Bupivacaine Hyperbaric</b><br>0.85&nbsp;%<br>Spinal,0
18,<b>Bupivacaine Hyperbaric</b><br>10&nbsp;%<br>Spinal,0
18,<b>Bupivacaine Hyperbaric</b><br>2&nbsp;%<br>Spinal,0
18,<b>Bupivacaine Hyperbaric</b><br>2.2&nbsp;%<br>Spinal,0
18,<b>Bupivacaine Hyperbaric</b><br>2.5&nbsp;%<br>Local infiltration,0
18,<b>Bupivacaine Hyperbaric</b><br>2.5&nbsp;%<br>Spinal,0
18,<b>Bupivacaine Hyperbaric</b><br>2.6&nbsp;%<br>Spinal,0
18,<b>Bupivacaine Hyperbaric</b><br>3&nbsp;%<br>Spinal,0
18,<b>Bupivacaine Hyperbaric</b><br>3.2&nbsp;%<br>Spinal,0
18,<b>Bupivacaine Hyperbaric</b><br>3.8&nbsp;%<br>Spinal,0
18,<b>Bupivacaine Hyperbaric</b><br>5&nbsp;%<br>Spinal,0
18,<b>Bupivacaine Hyperbaric</b><br>50&nbsp;%<br>Local infiltration,0
18,<b>Bupivacaine Hyperbaric</b><br>50&nbsp;%<br>Spinal,0
18,<b>Bupivacaine Hyperbaric</b><br>845&nbsp;%<br>Spinal,0
18,<b>Bupivacaine Isobaric</b><br>&nbsp;%<br>Spinal,0
18,<b>Bupivacaine Isobaric</b><br>0.05&nbsp;%<br>Spinal,0
18,<b>Bupivacaine Isobaric</b><br>0.13&nbsp;%<br>Epidural,0
18,<b>Bupivacaine Isobaric</b><br>0.14&nbsp;%<br>PNB,0
18,<b>Bupivacaine Isobaric</b><br>0.2&nbsp;%<br>Local infiltration,0
18,<b>Bupivacaine Isobaric</b><br>0.2&nbsp;%<br>PNB,0
18,<b>Bupivacaine Isobaric</b><br>0.2&nbsp;%<br>Spinal,0
18,<b>Bupivacaine Isobaric</b><br>0.25&nbsp;%<br>Epidural,0
18,<b>Bupivacaine Isobaric</b><br>0.25&nbsp;%<br>Local infiltration,0
18,<b>Bupivacaine Isobaric</b><br>0.25&nbsp;%<br>PNB,0
18,<b>Bupivacaine Isobaric</b><br>0.25&nbsp;%<br>PNB Catheter,0
18,<b>Bupivacaine Isobaric</b><br>0.25&nbsp;%<br>Spinal,0
18,<b>Bupivacaine Isobaric</b><br>0.27&nbsp;%<br>PNB,0
18,<b>Bupivacaine Isobaric</b><br>0.3&nbsp;%<br>PNB,0
18,<b>Bupivacaine Isobaric</b><br>0.38&nbsp;%<br>PNB,0
18,<b>Bupivacaine Isobaric</b><br>0.5&nbsp;%<br>Local infiltration,0
18,<b>Bupivacaine Isobaric</b><br>0.5&nbsp;%<br>PNB,0
18,<b>Bupivacaine Isobaric</b><br>0.5&nbsp;%<br>Spinal,0
18,<b>Bupivacaine Isobaric</b><br>1.5&nbsp;%<br>Spinal,0
18,<b>Bupivacaine Isobaric</b><br>3.6&nbsp;%<br>Spinal,0
18,<b>Bupivacaine Isobaric</b><br>3.8&nbsp;%<br>Spinal,0
18,<b>Bupivacaine Isobaric</b><br>50&nbsp;%<br>Spinal,0
47,<b>Bupivacaine&nbsp;&nbsp;%</b><br>,0
47,<b>Bupivacaine&nbsp;.2&nbsp;%</b><br>Epidural,0
46,<b>Bupivacaine&nbsp;.2&nbsp;%</b><br>Fentanyl&nbsp;2&nbsp;<br>Epidural,0
46,<b>Bupivacaine&nbsp;.2&nbsp;%</b><br>Fentanyl&nbsp;2&nbsp;mcg/ml<br>Epidural,0
47,<b>Bupivacaine&nbsp;.25&nbsp;%</b><br>Epidural,0
46,<b>Bupivacaine&nbsp;.25&nbsp;%</b><br>Fentanyl&nbsp;2&nbsp;mcg/ml<br>Epidural,0
47,<b>Bupivacaine&nbsp;.25&nbsp;%</b><br>PNB Catheter,0
47,<b>Bupivacaine&nbsp;.5&nbsp;%</b><br>Epidural,0
46,<b>Bupivacaine&nbsp;.5&nbsp;%</b><br>Fentanyl&nbsp;2&nbsp;mcg/ml<br>Epidural,0
46,<b>Bupivacaine&nbsp;0.02&nbsp;%</b><br>Fentanyl&nbsp;2&nbsp;mcg/ml<br>Epidural,0
46,<b>Bupivacaine&nbsp;0.062&nbsp;%</b><br>Fentanyl&nbsp;2&nbsp;mcg/ml<br>Epidural,0
46,<b>Bupivacaine&nbsp;0.075&nbsp;%</b><br>Morphine&nbsp;.02&nbsp;mg/ml<br>Epidural,0
46,<b>Bupivacaine&nbsp;0.08&nbsp;%</b><br>Fentanyl&nbsp;2&nbsp;<br>Epidural,0
46,<b>Bupivacaine&nbsp;0.08&nbsp;%</b><br>Fentanyl&nbsp;2&nbsp;mcg/ml<br>Epidural,0
46,<b>Bupivacaine&nbsp;0.08&nbsp;%</b><br>Fentanyl&nbsp;4&nbsp;mcg/ml<br>Epidural,0
46,<b>Bupivacaine&nbsp;0.08&nbsp;%</b><br>Morphine&nbsp;.02&nbsp;mg/ml<br>Epidural,0
46,<b>Bupivacaine&nbsp;0.08&nbsp;%</b><br>Morphine&nbsp;0.0&nbsp;<br>Epidural,0
46,<b>Bupivacaine&nbsp;0.08&nbsp;%</b><br>Morphine&nbsp;0.0&nbsp;mg/ml<br>Epidural,0
46,<b>Bupivacaine&nbsp;0.08&nbsp;%</b><br>Morphine&nbsp;30&nbsp;mcg/ml<br>Epidural,0
46,<b>Bupivacaine&nbsp;0.1&nbsp;%</b><br>&nbsp;&nbsp;<br>Epidural,0
47,<b>Bupivacaine&nbsp;0.1&nbsp;%</b><br>Epidural,0
46,<b>Bupivacaine&nbsp;0.1&nbsp;%</b><br>Fentanyl&nbsp;&nbsp;<br>Epidural,0
46,<b>Bupivacaine&nbsp;0.1&nbsp;%</b><br>Fentanyl&nbsp;1&nbsp;mcg/ml<br>Epidural,0
46,<b>Bupivacaine&nbsp;0.1&nbsp;%</b><br>Fentanyl&nbsp;10&nbsp;mcg/ml<br>Epidural,0
46,<b>Bupivacaine&nbsp;0.1&nbsp;%</b><br>Fentanyl&nbsp;2&nbsp;mcg/ml<br>,0
46,<b>Bupivacaine&nbsp;0.1&nbsp;%</b><br>Fentanyl&nbsp;2&nbsp;mcg/ml<br>Epidural,0
46,<b>Bupivacaine&nbsp;0.1&nbsp;%</b><br>Fentanyl&nbsp;2&nbsp;mcg/ml<br>Local infiltration,0
46,<b>Bupivacaine&nbsp;0.1&nbsp;%</b><br>Fentanyl&nbsp;2&nbsp;mg/ml<br>Epidural,0
46,<b>Bupivacaine&nbsp;0.1&nbsp;%</b><br>Fentanyl&nbsp;3&nbsp;mcg/ml<br>Epidural,0
47,<b>Bupivacaine&nbsp;0.1&nbsp;%</b><br>IV,0
46,<b>Bupivacaine&nbsp;0.1&nbsp;%</b><br>Morphine&nbsp;.04&nbsp;mg/ml<br>Epidural,0
46,<b>Bupivacaine&nbsp;0.1&nbsp;%</b><br>Morphine&nbsp;.06&nbsp;mg/ml<br>Epidural,0
46,<b>Bupivacaine&nbsp;0.1&nbsp;%</b><br>Morphine&nbsp;0.5&nbsp;mg/ml<br>Epidural,0
46,<b>Bupivacaine&nbsp;0.1&nbsp;%</b><br>Morphine&nbsp;0.6&nbsp;mg/ml<br>Epidural,0
46,<b>Bupivacaine&nbsp;0.1&nbsp;%</b><br>Morphine&nbsp;20&nbsp;mcg/ml<br>Epidural,0
46,<b>Bupivacaine&nbsp;0.1&nbsp;%</b><br>Morphine&nbsp;30&nbsp;mcg/ml<br>Epidural,0
46,<b>Bupivacaine&nbsp;0.1&nbsp;%</b><br>Morphine&nbsp;40&nbsp;mcg/ml<br>Epidural,0
46,<b>Bupivacaine&nbsp;0.1&nbsp;%</b><br>Morphine&nbsp;67&nbsp;mcg/ml<br>Epidural,0
46,<b>Bupivacaine&nbsp;0.1&nbsp;%</b><br>Morphine&nbsp;70&nbsp;mcg/ml<br>Epidural,0
47,<b>Bupivacaine&nbsp;0.1&nbsp;%</b><br>PNB Catheter,0
46,<b>Bupivacaine&nbsp;0.12&nbsp;%</b><br>Fentanyl&nbsp;2&nbsp;mcg/ml<br>Epidural,0
46,<b>Bupivacaine&nbsp;0.12&nbsp;%</b><br>Morphine&nbsp;.04&nbsp;mg/ml<br>Epidural,0
47,<b>Bupivacaine&nbsp;0.12&nbsp;%</b><br>PNB Catheter,0
47,<b>Bupivacaine&nbsp;0.125&nbsp;%</b><br>Epidural,0
46,<b>Bupivacaine&nbsp;0.125&nbsp;%</b><br>Fentanyl&nbsp;&nbsp;mcg/ml<br>Epidural,0
46,<b>Bupivacaine&nbsp;0.125&nbsp;%</b><br>Fentanyl&nbsp;0.2&nbsp;mcg/ml<br>Epidural,0
46,<b>Bupivacaine&nbsp;0.125&nbsp;%</b><br>Fentanyl&nbsp;1&nbsp;mcg/ml<br>Epidural,0
46,<b>Bupivacaine&nbsp;0.125&nbsp;%</b><br>Fentanyl&nbsp;1.2&nbsp;mcg/ml<br>Epidural,0
46,<b>Bupivacaine&nbsp;0.125&nbsp;%</b><br>Fentanyl&nbsp;1.5&nbsp;mcg/ml<br>Epidural,0
46,<b>Bupivacaine&nbsp;0.125&nbsp;%</b><br>Fentanyl&nbsp;100&nbsp;<br>,0
46,<b>Bupivacaine&nbsp;0.125&nbsp;%</b><br>Fentanyl&nbsp;2&nbsp;<br>Epidural,0
46,<b>Bupivacaine&nbsp;0.125&nbsp;%</b><br>Fentanyl&nbsp;2&nbsp;mcg/ml<br>,0
46,<b>Bupivacaine&nbsp;0.125&nbsp;%</b><br>Fentanyl&nbsp;2&nbsp;mcg/ml<br>Epidural,0
46,<b>Bupivacaine&nbsp;0.125&nbsp;%</b><br>Fentanyl&nbsp;2&nbsp;mg/ml<br>Epidural,0
46,<b>Bupivacaine&nbsp;0.125&nbsp;%</b><br>Fentanyl&nbsp;2.5&nbsp;<br>Epidural,0
46,<b>Bupivacaine&nbsp;0.125&nbsp;%</b><br>Fentanyl&nbsp;2.5&nbsp;mcg/ml<br>,0
46,<b>Bupivacaine&nbsp;0.125&nbsp;%</b><br>Fentanyl&nbsp;2.5&nbsp;mcg/ml<br>Epidural,0
46,<b>Bupivacaine&nbsp;0.125&nbsp;%</b><br>Fentanyl&nbsp;20&nbsp;mcg/ml<br>Epidural,0
46,<b>Bupivacaine&nbsp;0.125&nbsp;%</b><br>Fentanyl&nbsp;3&nbsp;mcg/ml<br>Epidural,0
46,<b>Bupivacaine&nbsp;0.125&nbsp;%</b><br>Fentanyl&nbsp;40&nbsp;mcg/ml<br>Epidural,0
46,<b>Bupivacaine&nbsp;0.125&nbsp;%</b><br>Fentanyl&nbsp;5&nbsp;mcg/ml<br>Epidural,0
46,<b>Bupivacaine&nbsp;0.125&nbsp;%</b><br>Fentanyl&nbsp;50&nbsp;<br>Epidural,0
46,<b>Bupivacaine&nbsp;0.125&nbsp;%</b><br>Morphine&nbsp;.02&nbsp;mg/ml<br>Epidural,0
46,<b>Bupivacaine&nbsp;0.125&nbsp;%</b><br>Morphine&nbsp;40&nbsp;mcg/ml<br>Epidural,0
46,<b>Bupivacaine&nbsp;0.125&nbsp;%</b><br>Morphine&nbsp;625&nbsp;mcg/ml<br>Epidural,0
47,<b>Bupivacaine&nbsp;0.125&nbsp;%</b><br>PNB Catheter,0
46,<b>Bupivacaine&nbsp;0.13&nbsp;%</b><br>Fentanyl&nbsp;2&nbsp;mcg/ml<br>Epidural,0
46,<b>Bupivacaine&nbsp;0.14&nbsp;%</b><br>Fentanyl&nbsp;2&nbsp;mcg/ml<br>Epidural,0
46,<b>Bupivacaine&nbsp;0.14&nbsp;%</b><br>Morphine&nbsp;.02&nbsp;mg/ml<br>Epidural,0
47,<b>Bupivacaine&nbsp;0.14&nbsp;%</b><br>PNB Catheter,0
47,<b>Bupivacaine&nbsp;0.15&nbsp;%</b><br>Epidural,0
46,<b>Bupivacaine&nbsp;0.15&nbsp;%</b><br>Fentanyl&nbsp;2&nbsp;<br>Epidural,0
46,<b>Bupivacaine&nbsp;0.15&nbsp;%</b><br>Fentanyl&nbsp;2&nbsp;mcg/ml<br>Epidural,0
46,<b>Bupivacaine&nbsp;0.15&nbsp;%</b><br>Fentanyl&nbsp;2.5&nbsp;mcg/ml<br>Epidural,0
46,<b>Bupivacaine&nbsp;0.15&nbsp;%</b><br>Fentanyl&nbsp;3&nbsp;mcg/ml<br>Epidural,0
47,<b>Bupivacaine&nbsp;0.15&nbsp;%</b><br>PNB Catheter,0
47,<b>Bupivacaine&nbsp;0.16&nbsp;%</b><br>Epidural,0
46,<b>Bupivacaine&nbsp;0.16&nbsp;%</b><br>Fentanyl&nbsp;2&nbsp;mcg/ml<br>Epidural,0
46,<b>Bupivacaine&nbsp;0.16&nbsp;%</b><br>Fentanyl&nbsp;3&nbsp;mcg/ml<br>Epidural,0
47,<b>Bupivacaine&nbsp;0.17&nbsp;%</b><br>Epidural,0
46,<b>Bupivacaine&nbsp;0.175&nbsp;%</b><br>Fentanyl&nbsp;2&nbsp;mcg/ml<br>Epidural,0
47,<b>Bupivacaine&nbsp;0.18&nbsp;%</b><br>PNB Catheter,0
47,<b>Bupivacaine&nbsp;0.2&nbsp;%</b><br>,0
46,<b>Bupivacaine&nbsp;0.2&nbsp;%</b><br>&nbsp;&nbsp;<br>Epidural,0
46,<b>Bupivacaine&nbsp;0.2&nbsp;%</b><br>&nbsp;2&nbsp;mcg/ml<br>Epidural,0
47,<b>Bupivacaine&nbsp;0.2&nbsp;%</b><br>Epidural,0
46,<b>Bupivacaine&nbsp;0.2&nbsp;%</b><br>Fentanyl&nbsp;&nbsp;<br>Epidural,0
46,<b>Bupivacaine&nbsp;0.2&nbsp;%</b><br>Fentanyl&nbsp;&nbsp;mcg/ml<br>,0
46,<b>Bupivacaine&nbsp;0.2&nbsp;%</b><br>Fentanyl&nbsp;&nbsp;mcg/ml<br>Epidural,0
46,<b>Bupivacaine&nbsp;0.2&nbsp;%</b><br>Fentanyl&nbsp;0.9&nbsp;mcg/ml<br>Epidural,0
46,<b>Bupivacaine&nbsp;0.2&nbsp;%</b><br>Fentanyl&nbsp;1&nbsp;mcg/ml<br>,0
46,<b>Bupivacaine&nbsp;0.2&nbsp;%</b><br>Fentanyl&nbsp;1&nbsp;mcg/ml<br>Epidural,0
46,<b>Bupivacaine&nbsp;0.2&nbsp;%</b><br>Fentanyl&nbsp;2&nbsp;<br>,0
46,<b>Bupivacaine&nbsp;0.2&nbsp;%</b><br>Fentanyl&nbsp;2&nbsp;<br>Epidural,0
46,<b>Bupivacaine&nbsp;0.2&nbsp;%</b><br>Fentanyl&nbsp;2&nbsp;mcg/ml<br>,0
46,<b>Bupivacaine&nbsp;0.2&nbsp;%</b><br>Fentanyl&nbsp;2&nbsp;mcg/ml<br>Epidural,0
46,<b>Bupivacaine&nbsp;0.2&nbsp;%</b><br>Fentanyl&nbsp;2&nbsp;mcg/ml<br>IV,0
46,<b>Bupivacaine&nbsp;0.2&nbsp;%</b><br>Fentanyl&nbsp;2&nbsp;mg/ml<br>Epidural,0
46,<b>Bupivacaine&nbsp;0.2&nbsp;%</b><br>Fentanyl&nbsp;2.5&nbsp;mcg/ml<br>Epidural,0
46,<b>Bupivacaine&nbsp;0.2&nbsp;%</b><br>Fentanyl&nbsp;20&nbsp;mcg/ml<br>Epidural,0
46,<b>Bupivacaine&nbsp;0.2&nbsp;%</b><br>Fentanyl&nbsp;25&nbsp;mcg/ml<br>Epidural,0
46,<b>Bupivacaine&nbsp;0.2&nbsp;%</b><br>Fentanyl&nbsp;3&nbsp;<br>Epidural,0
46,<b>Bupivacaine&nbsp;0.2&nbsp;%</b><br>Fentanyl&nbsp;3&nbsp;mcg/ml<br>,0
46,<b>Bupivacaine&nbsp;0.2&nbsp;%</b><br>Fentanyl&nbsp;3&nbsp;mcg/ml<br>Epidural,0
46,<b>Bupivacaine&nbsp;0.2&nbsp;%</b><br>Fentanyl&nbsp;3&nbsp;mcg/ml<br>IV,0
46,<b>Bupivacaine&nbsp;0.2&nbsp;%</b><br>Fentanyl&nbsp;4&nbsp;mcg/ml<br>Epidural,0
46,<b>Bupivacaine&nbsp;0.2&nbsp;%</b><br>Fentanyl&nbsp;5&nbsp;<br>Epidural,0
46,<b>Bupivacaine&nbsp;0.2&nbsp;%</b><br>Fentanyl&nbsp;5&nbsp;mcg/ml<br>Epidural,0
46,<b>Bupivacaine&nbsp;0.2&nbsp;%</b><br>Fentanyl&nbsp;50&nbsp;<br>Epidural,0
46,<b>Bupivacaine&nbsp;0.2&nbsp;%</b><br>Fentanyl&nbsp;50&nbsp;mcg/ml<br>Epidural,0
46,<b>Bupivacaine&nbsp;0.2&nbsp;%</b><br>Morphine&nbsp;.02&nbsp;mg/ml<br>Epidural,0
46,<b>Bupivacaine&nbsp;0.2&nbsp;%</b><br>Morphine&nbsp;0.0&nbsp;mcg/ml<br>Epidural,0
46,<b>Bupivacaine&nbsp;0.2&nbsp;%</b><br>Morphine&nbsp;0.1&nbsp;<br>Epidural,0
46,<b>Bupivacaine&nbsp;0.2&nbsp;%</b><br>Morphine&nbsp;2&nbsp;mcg/ml<br>Epidural,0
46,<b>Bupivacaine&nbsp;0.2&nbsp;%</b><br>Morphine&nbsp;20&nbsp;mcg/ml<br>Epidural,0
46,<b>Bupivacaine&nbsp;0.2&nbsp;%</b><br>Morphine&nbsp;30&nbsp;mcg/ml<br>Epidural,0
46,<b>Bupivacaine&nbsp;0.2&nbsp;%</b><br>Morphine&nbsp;40&nbsp;mcg/ml<br>Epidural,0
47,<b>Bupivacaine&nbsp;0.2&nbsp;%</b><br>PNB Catheter,0
47,<b>Bupivacaine&nbsp;0.20&nbsp;%</b><br>Epidural,0
46,<b>Bupivacaine&nbsp;0.24&nbsp;%</b><br>Fentanyl&nbsp;2&nbsp;mcg/ml<br>Epidural,0
47,<b>Bupivacaine&nbsp;0.25&nbsp;%</b><br>,0
47,<b>Bupivacaine&nbsp;0.25&nbsp;%</b><br>Epidural,0
46,<b>Bupivacaine&nbsp;0.25&nbsp;%</b><br>Fentanyl&nbsp;&nbsp;<br>Epidural,0
46,<b>Bupivacaine&nbsp;0.25&nbsp;%</b><br>Fentanyl&nbsp;&nbsp;mcg/ml<br>Epidural,0
46,<b>Bupivacaine&nbsp;0.25&nbsp;%</b><br>Fentanyl&nbsp;0.2&nbsp;mcg/ml<br>Epidural,0
46,<b>Bupivacaine&nbsp;0.25&nbsp;%</b><br>Fentanyl&nbsp;0.5&nbsp;mcg/ml<br>Epidural,0
46,<b>Bupivacaine&nbsp;0.25&nbsp;%</b><br>Fentanyl&nbsp;1&nbsp;mcg/ml<br>Epidural,0
46,<b>Bupivacaine&nbsp;0.25&nbsp;%</b><br>Fentanyl&nbsp;1.2&nbsp;mcg/ml<br>Epidural,0
46,<b>Bupivacaine&nbsp;0.25&nbsp;%</b><br>Fentanyl&nbsp;2 m&nbsp;<br>Epidural,0
46,<b>Bupivacaine&nbsp;0.25&nbsp;%</b><br>Fentanyl&nbsp;2&nbsp;<br>Epidural,0
46,<b>Bupivacaine&nbsp;0.25&nbsp;%</b><br>Fentanyl&nbsp;2&nbsp;mcg/ml<br>,0
46,<b>Bupivacaine&nbsp;0.25&nbsp;%</b><br>Fentanyl&nbsp;2&nbsp;mcg/ml<br>Epidural,0
46,<b>Bupivacaine&nbsp;0.25&nbsp;%</b><br>Fentanyl&nbsp;2.5&nbsp;mcg/ml<br>Epidural,0
46,<b>Bupivacaine&nbsp;0.25&nbsp;%</b><br>Fentanyl&nbsp;25&nbsp;mcg/ml<br>Epidural,0
46,<b>Bupivacaine&nbsp;0.25&nbsp;%</b><br>Fentanyl&nbsp;3&nbsp;mcg/ml<br>Epidural,0
46,<b>Bupivacaine&nbsp;0.25&nbsp;%</b><br>Fentanyl&nbsp;5&nbsp;mcg/ml<br>Epidural,0
46,<b>Bupivacaine&nbsp;0.25&nbsp;%</b><br>Fentanyl&nbsp;50&nbsp;mcg/ml<br>Epidural,0
47,<b>Bupivacaine&nbsp;0.25&nbsp;%</b><br>IV,0
47,<b>Bupivacaine&nbsp;0.25&nbsp;%</b><br>Local infiltration,0
46,<b>Bupivacaine&nbsp;0.25&nbsp;%</b><br>Morphine&nbsp;0.5&nbsp;mg/ml<br>Epidural,0
46,<b>Bupivacaine&nbsp;0.25&nbsp;%</b><br>Morphine&nbsp;40&nbsp;mcg/ml<br>Epidural,0
47,<b>Bupivacaine&nbsp;0.25&nbsp;%</b><br>PNB Catheter,0
47,<b>Bupivacaine&nbsp;0.255&nbsp;%</b><br>Epidural,0
47,<b>Bupivacaine&nbsp;0.3&nbsp;%</b><br>Epidural,0
47,<b>Bupivacaine&nbsp;0.375&nbsp;%</b><br>Epidural,0
46,<b>Bupivacaine&nbsp;0.375&nbsp;%</b><br>Fentanyl&nbsp;2&nbsp;mcg/ml<br>Epidural,0
46,<b>Bupivacaine&nbsp;0.375&nbsp;%</b><br>Fentanyl&nbsp;2.5&nbsp;mcg/ml<br>,0
46,<b>Bupivacaine&nbsp;0.375&nbsp;%</b><br>Fentanyl&nbsp;2.5&nbsp;mcg/ml<br>Epidural,0
47,<b>Bupivacaine&nbsp;0.375&nbsp;%</b><br>PNB Catheter,0
47,<b>Bupivacaine&nbsp;0.4&nbsp;%</b><br>Epidural,0
47,<b>Bupivacaine&nbsp;0.5&nbsp;%</b><br>,0
47,<b>Bupivacaine&nbsp;0.5&nbsp;%</b><br>Epidural,0
46,<b>Bupivacaine&nbsp;0.5&nbsp;%</b><br>Fentanyl&nbsp;0.2&nbsp;mg/ml<br>Epidural,0
46,<b>Bupivacaine&nbsp;0.5&nbsp;%</b><br>Fentanyl&nbsp;2&nbsp;mcg/ml<br>,0
46,<b>Bupivacaine&nbsp;0.5&nbsp;%</b><br>Fentanyl&nbsp;2&nbsp;mcg/ml<br>Epidural,0
46,<b>Bupivacaine&nbsp;0.5&nbsp;%</b><br>Fentanyl&nbsp;3&nbsp;mcg/ml<br>Epidural,0
47,<b>Bupivacaine&nbsp;0.5&nbsp;%</b><br>Local infiltration,0
46,<b>Bupivacaine&nbsp;0.5&nbsp;%</b><br>Morphine&nbsp;0.2&nbsp;mg/ml<br>Local infiltration,0
47,<b>Bupivacaine&nbsp;0.5&nbsp;%</b><br>PNB Catheter,0
46,<b>Bupivacaine&nbsp;0.625&nbsp;%</b><br>Fentanyl&nbsp;2&nbsp;mcg/ml<br>Epidural,0
46,<b>Bupivacaine&nbsp;02&nbsp;%</b><br>Fentanyl&nbsp;2&nbsp;mcg/ml<br>Epidural,0
47,<b>Bupivacaine&nbsp;025&nbsp;%</b><br>Epidural,0
47,<b>Bupivacaine&nbsp;1&nbsp;%</b><br>Epidural,0
46,<b>Bupivacaine&nbsp;1&nbsp;%</b><br>Fentanyl&nbsp;2&nbsp;mcg/ml<br>Epidural,0
46,<b>Bupivacaine&nbsp;1.25&nbsp;%</b><br>Fentanyl&nbsp;2&nbsp;mcg/ml<br>Epidural,0
46,<b>Bupivacaine&nbsp;1.25&nbsp;%</b><br>Morphine&nbsp;0.6&nbsp;mg/ml<br>Epidural,0
47,<b>Bupivacaine&nbsp;2&nbsp;%</b><br>Epidural,0
46,<b>Bupivacaine&nbsp;2&nbsp;%</b><br>Fentanyl&nbsp;2&nbsp;mcg/ml<br>Epidural,0
46,<b>Bupivacaine&nbsp;2&nbsp;%</b><br>Morphine&nbsp;40&nbsp;mcg/ml<br>Epidural,0
18,<b>Bupivacaine</b><br>&nbsp;%<br>,0
18,<b>Bupivacaine</b><br>&nbsp;%<br>Epidural,0
18,<b>Bupivacaine</b><br>&nbsp;%<br>IV,0
18,<b>Bupivacaine</b><br>&nbsp;%<br>Local infiltration,0
18,<b>Bupivacaine</b><br>&nbsp;%<br>PNB,0
18,<b>Bupivacaine</b><br>&nbsp;%<br>SC,0
18,<b>Bupivacaine</b><br>&nbsp;%<br>Spinal,0
18,<b>Bupivacaine</b><br>0.02&nbsp;%<br>Epidural,0
18,<b>Bupivacaine</b><br>0.02&nbsp;%<br>Local infiltration,0
18,<b>Bupivacaine</b><br>0.02&nbsp;%<br>PNB,0
18,<b>Bupivacaine</b><br>0.03&nbsp;%<br>IV,0
18,<b>Bupivacaine</b><br>0.03&nbsp;%<br>Local infiltration,0
18,<b>Bupivacaine</b><br>0.05&nbsp;%<br>Epidural,0
18,<b>Bupivacaine</b><br>0.05&nbsp;%<br>Local infiltration,0
18,<b>Bupivacaine</b><br>0.06&nbsp;%<br>Local infiltration,0
18,<b>Bupivacaine</b><br>0.08&nbsp;%<br>Epidural,0
18,<b>Bupivacaine</b><br>0.1&nbsp;%<br>,0
18,<b>Bupivacaine</b><br>0.1&nbsp;%<br>Epidural,0
18,<b>Bupivacaine</b><br>0.1&nbsp;%<br>Local infiltration,0
18,<b>Bupivacaine</b><br>0.1&nbsp;%<br>PNB,0
18,<b>Bupivacaine</b><br>0.1&nbsp;%<br>PNB Catheter,0
18,<b>Bupivacaine</b><br>0.1&nbsp;%<br>Spinal,0
18,<b>Bupivacaine</b><br>0.11&nbsp;%<br>Epidural,0
18,<b>Bupivacaine</b><br>0.12&nbsp;%<br>Epidural,0
18,<b>Bupivacaine</b><br>0.13&nbsp;%<br>,0
18,<b>Bupivacaine</b><br>0.13&nbsp;%<br>Epidural,0
18,<b>Bupivacaine</b><br>0.13&nbsp;%<br>Local infiltration,0
18,<b>Bupivacaine</b><br>0.13&nbsp;%<br>PNB,0
18,<b>Bupivacaine</b><br>0.13&nbsp;%<br>PNB Catheter,0
18,<b>Bupivacaine</b><br>0.13&nbsp;%<br>Spinal,0
18,<b>Bupivacaine</b><br>0.14&nbsp;%<br>PNB,0
18,<b>Bupivacaine</b><br>0.15&nbsp;%<br>Epidural,0
18,<b>Bupivacaine</b><br>0.15&nbsp;%<br>Local infiltration,0
18,<b>Bupivacaine</b><br>0.15&nbsp;%<br>PNB,0
18,<b>Bupivacaine</b><br>0.16&nbsp;%<br>Epidural,0
18,<b>Bupivacaine</b><br>0.16&nbsp;%<br>IV,0
18,<b>Bupivacaine</b><br>0.16&nbsp;%<br>Local infiltration,0
18,<b>Bupivacaine</b><br>0.16&nbsp;%<br>PNB,0
18,<b>Bupivacaine</b><br>0.17&nbsp;%<br>Epidural,0
18,<b>Bupivacaine</b><br>0.17&nbsp;%<br>Local infiltration,0
18,<b>Bupivacaine</b><br>0.17&nbsp;%<br>PNB,0
18,<b>Bupivacaine</b><br>0.18&nbsp;%<br>Epidural,0
18,<b>Bupivacaine</b><br>0.18&nbsp;%<br>Local infiltration,0
18,<b>Bupivacaine</b><br>0.18&nbsp;%<br>PNB,0
18,<b>Bupivacaine</b><br>0.19&nbsp;%<br>PNB,0
18,<b>Bupivacaine</b><br>0.2&nbsp;%<br>,0
18,<b>Bupivacaine</b><br>0.2&nbsp;%<br>Caudal,0
18,<b>Bupivacaine</b><br>0.2&nbsp;%<br>Epidural,0
18,<b>Bupivacaine</b><br>0.2&nbsp;%<br>IV,0
18,<b>Bupivacaine</b><br>0.2&nbsp;%<br>Local infiltration,0
18,<b>Bupivacaine</b><br>0.2&nbsp;%<br>PNB,0
18,<b>Bupivacaine</b><br>0.2&nbsp;%<br>PNB Catheter,0
18,<b>Bupivacaine</b><br>0.2&nbsp;%<br>SC,0
18,<b>Bupivacaine</b><br>0.2&nbsp;%<br>Spray vocal cord,0
18,<b>Bupivacaine</b><br>0.23&nbsp;%<br>PNB,0
18,<b>Bupivacaine</b><br>0.24&nbsp;%<br>Epidural,0
18,<b>Bupivacaine</b><br>0.25&nbsp;%<br>,0
18,<b>Bupivacaine</b><br>0.25&nbsp;%<br>Caudal,0
18,<b>Bupivacaine</b><br>0.25&nbsp;%<br>Epidural,0
18,<b>Bupivacaine</b><br>0.25&nbsp;%<br>IM,0
18,<b>Bupivacaine</b><br>0.25&nbsp;%<br>IV,0
18,<b>Bupivacaine</b><br>0.25&nbsp;%<br>Local infiltration,0
18,<b>Bupivacaine</b><br>0.25&nbsp;%<br>PNB,0
18,<b>Bupivacaine</b><br>0.25&nbsp;%<br>PNB Catheter,0
18,<b>Bupivacaine</b><br>0.25&nbsp;%<br>SC,0
18,<b>Bupivacaine</b><br>0.25&nbsp;%<br>Spinal,0
18,<b>Bupivacaine</b><br>0.25&nbsp;%<br>Spray vocal cord,0
18,<b>Bupivacaine</b><br>0.27&nbsp;%<br>PNB,0
18,<b>Bupivacaine</b><br>0.28&nbsp;%<br>Local infiltration,0
18,<b>Bupivacaine</b><br>0.28&nbsp;%<br>PNB,0
18,<b>Bupivacaine</b><br>0.3&nbsp;%<br>Caudal,0
18,<b>Bupivacaine</b><br>0.3&nbsp;%<br>Epidural,0
18,<b>Bupivacaine</b><br>0.3&nbsp;%<br>IV,0
18,<b>Bupivacaine</b><br>0.3&nbsp;%<br>Local infiltration,0
18,<b>Bupivacaine</b><br>0.3&nbsp;%<br>PNB,0
18,<b>Bupivacaine</b><br>0.3&nbsp;%<br>PNB Catheter,0
18,<b>Bupivacaine</b><br>0.33&nbsp;%<br>,0
18,<b>Bupivacaine</b><br>0.33&nbsp;%<br>Epidural,0
18,<b>Bupivacaine</b><br>0.33&nbsp;%<br>Local infiltration,0
18,<b>Bupivacaine</b><br>0.33&nbsp;%<br>PNB,0
18,<b>Bupivacaine</b><br>0.33&nbsp;%<br>PNB Catheter,0
18,<b>Bupivacaine</b><br>0.34&nbsp;%<br>Local infiltration,0
18,<b>Bupivacaine</b><br>0.34&nbsp;%<br>PNB,0
18,<b>Bupivacaine</b><br>0.35&nbsp;%<br>Epidural,0
18,<b>Bupivacaine</b><br>0.35&nbsp;%<br>PNB,0
18,<b>Bupivacaine</b><br>0.36&nbsp;%<br>PNB,0
18,<b>Bupivacaine</b><br>0.37&nbsp;%<br>PNB,0
18,<b>Bupivacaine</b><br>0.38&nbsp;%<br>,0
18,<b>Bupivacaine</b><br>0.38&nbsp;%<br>Epidural,0
18,<b>Bupivacaine</b><br>0.38&nbsp;%<br>Local infiltration,0
18,<b>Bupivacaine</b><br>0.38&nbsp;%<br>PNB,0
18,<b>Bupivacaine</b><br>0.38&nbsp;%<br>PNB Catheter,0
18,<b>Bupivacaine</b><br>0.38&nbsp;%<br>Spray vocal cord,0
18,<b>Bupivacaine</b><br>0.4&nbsp;%<br>,0
18,<b>Bupivacaine</b><br>0.4&nbsp;%<br>Epidural,0
18,<b>Bupivacaine</b><br>0.4&nbsp;%<br>Local infiltration,0
18,<b>Bupivacaine</b><br>0.4&nbsp;%<br>PNB,0
18,<b>Bupivacaine</b><br>0.4&nbsp;%<br>PNB Catheter,0
18,<b>Bupivacaine</b><br>0.46&nbsp;%<br>PNB,0
18,<b>Bupivacaine</b><br>0.5&nbsp;%<br>,0
18,<b>Bupivacaine</b><br>0.5&nbsp;%<br>Caudal,0
18,<b>Bupivacaine</b><br>0.5&nbsp;%<br>Epidural,0
18,<b>Bupivacaine</b><br>0.5&nbsp;%<br>IM,0
18,<b>Bupivacaine</b><br>0.5&nbsp;%<br>Intranasal,0
18,<b>Bupivacaine</b><br>0.5&nbsp;%<br>IV,0
18,<b>Bupivacaine</b><br>0.5&nbsp;%<br>Local infiltration,0
18,<b>Bupivacaine</b><br>0.5&nbsp;%<br>PNB,0
18,<b>Bupivacaine</b><br>0.5&nbsp;%<br>PNB Catheter,0
18,<b>Bupivacaine</b><br>0.5&nbsp;%<br>SC,0
18,<b>Bupivacaine</b><br>0.5&nbsp;%<br>Spinal,0
18,<b>Bupivacaine</b><br>0.5&nbsp;%<br>Spray vocal cord,0
18,<b>Bupivacaine</b><br>0.52&nbsp;%<br>Local infiltration,0
18,<b>Bupivacaine</b><br>0.56&nbsp;%<br>Local infiltration,0
18,<b>Bupivacaine</b><br>1&nbsp;%<br>,0
18,<b>Bupivacaine</b><br>1&nbsp;%<br>Epidural,0
18,<b>Bupivacaine</b><br>1&nbsp;%<br>IV,0
18,<b>Bupivacaine</b><br>1&nbsp;%<br>Local infiltration,0
18,<b>Bupivacaine</b><br>1.25&nbsp;%<br>Local infiltration,0
18,<b>Bupivacaine</b><br>1.25&nbsp;%<br>PNB,0
18,<b>Bupivacaine</b><br>1.5&nbsp;%<br>Epidural,0
18,<b>Bupivacaine</b><br>1.5&nbsp;%<br>Local infiltration,0
18,<b>Bupivacaine</b><br>10&nbsp;%<br>Local infiltration,0
18,<b>Bupivacaine</b><br>2&nbsp;%<br>Epidural,0
18,<b>Bupivacaine</b><br>2&nbsp;%<br>IV,0
18,<b>Bupivacaine</b><br>2&nbsp;%<br>Local infiltration,0
18,<b>Bupivacaine</b><br>2&nbsp;%<br>PNB,0
18,<b>Bupivacaine</b><br>2&nbsp;%<br>PNB Catheter,0
18,<b>Bupivacaine</b><br>2&nbsp;%<br>Spinal,0
18,<b>Bupivacaine</b><br>2.5&nbsp;%<br>Epidural,0
18,<b>Bupivacaine</b><br>2.5&nbsp;%<br>Local infiltration,0
18,<b>Bupivacaine</b><br>2.5&nbsp;%<br>PNB,0
18,<b>Bupivacaine</b><br>25&nbsp;%<br>PNB,0
18,<b>Bupivacaine</b><br>3.5&nbsp;%<br>Local infiltration,0
18,<b>Bupivacaine</b><br>40&nbsp;%<br>PNB,0
18,<b>Bupivacaine</b><br>5&nbsp;%<br>Local infiltration,0
18,<b>Bupivacaine</b><br>5&nbsp;%<br>PNB,0
18,<b>Bupivacaine</b><br>5&nbsp;%<br>Spinal,0
18,<b>Bupivacaine</b><br>50&nbsp;%<br>Spinal,0
43,<b>Ca gluconate&nbsp;1&nbsp;g</b><br>Acetar&nbsp;410&nbsp;mL,0
43,<b>Ca gluconate&nbsp;10&nbsp;g</b><br>5% D/W&nbsp;500&nbsp;mL,0
43,<b>Ca gluconate&nbsp;2&nbsp;g</b><br>0.9% NaC&nbsp;100&nbsp;mL,0
43,<b>Ca gluconate&nbsp;2&nbsp;g</b><br>5% D/W&nbsp;100&nbsp;mL,0
43,<b>Ca gluconate&nbsp;2&nbsp;g</b><br>Undilute&nbsp;20&nbsp;mL,0
43,<b>Ca gluconate&nbsp;22.5&nbsp;mEq</b><br>5% D/W&nbsp;500&nbsp;mL,0
43,<b>Ca gluconate&nbsp;5&nbsp;g</b><br>0.9% NaC&nbsp;500&nbsp;mL,0
43,<b>Ca gluconate&nbsp;5&nbsp;g</b><br>5% D/NSS&nbsp;550&nbsp;mL,0
43,<b>Ca gluconate&nbsp;5&nbsp;g</b><br>5% D/W&nbsp;500&nbsp;mL,0
43,<b>Ca gluconate&nbsp;5&nbsp;g</b><br>5% D/W&nbsp;550&nbsp;mL,0
43,<b>Ca gluconate&nbsp;50&nbsp;mg</b><br>5% D/W&nbsp;5005&nbsp;mL,0
43,<b>Ca gluconate&nbsp;50&nbsp;mg</b><br>5% D/W&nbsp;550&nbsp;mL,0
43,<b>Ca gluconate&nbsp;5000&nbsp;mg</b><br>5% D/W&nbsp;500&nbsp;mL,0
43,<b>Ca gluconate&nbsp;6&nbsp;g</b><br>0.9% NaC&nbsp;200&nbsp;mL,0
9,<b>Cavumox</b><br>IV,0
55,<b>Cefazolin&nbsp;1&nbsp;g</b><br>&nbsp;100&nbsp;mL,0
55,<b>Cefazolin&nbsp;1&nbsp;g</b><br>0.9% NaC&nbsp;100&nbsp;mL,0
55,<b>Cefazolin&nbsp;1&nbsp;g</b><br>0.9% NaC&nbsp;200&nbsp;mL,0
55,<b>Cefazolin&nbsp;1&nbsp;g</b><br>0.9% NaC&nbsp;51&nbsp;mL,0
55,<b>Cefazolin&nbsp;1&nbsp;g</b><br>5% D/W&nbsp;100&nbsp;mL,0
55,<b>Cefazolin&nbsp;1000&nbsp;mg</b><br>5% D/N/2&nbsp;200&nbsp;mL,0
55,<b>Cefazolin&nbsp;2&nbsp;g</b><br>&nbsp;100&nbsp;mL,0
55,<b>Cefazolin&nbsp;2&nbsp;g</b><br>0.9% NaC&nbsp;100&nbsp;mL,0
55,<b>Cefazolin&nbsp;2&nbsp;g</b><br>5% D/W&nbsp;100&nbsp;mL,0
55,<b>Cefazolin&nbsp;2&nbsp;g</b><br>Acetar&nbsp;1000&nbsp;mL,0
9,<b>Cefazolin</b><br>IV,0
55,<b>Cefoperazone/&nbsp;2&nbsp;g</b><br>0.9% NaC&nbsp;100&nbsp;mL,0
55,<b>Cefoperazone/&nbsp;3&nbsp;g</b><br>0.9% NaC&nbsp;100&nbsp;mL,0
9,<b>Cefoperazone:Sulbactam</b><br>IV,0
55,<b>Ceftazidime&nbsp;2&nbsp;g</b><br>0.9% NaC&nbsp;100&nbsp;mL,0
9,<b>Ceftazidime</b><br>IV,0
9,<b>Ceftazime</b><br>IV,0
55,<b>Ceftriaxone&nbsp;1&nbsp;g</b><br>&nbsp;100&nbsp;mL,0
55,<b>Ceftriaxone&nbsp;1&nbsp;g</b><br>0.9% NaC&nbsp;100&nbsp;mL,0
55,<b>Ceftriaxone&nbsp;1&nbsp;g</b><br>5% D/W&nbsp;100&nbsp;mL,0
55,<b>Ceftriaxone&nbsp;1.25&nbsp;g</b><br>0.9% NaC&nbsp;100&nbsp;mL,0
55,<b>Ceftriaxone&nbsp;2&nbsp;g</b><br>&nbsp;100&nbsp;mL,0
55,<b>Ceftriaxone&nbsp;2&nbsp;g</b><br>0.9% NaC&nbsp;100&nbsp;mL,0
55,<b>Ceftriaxone&nbsp;2&nbsp;g</b><br>5% D/W&nbsp;100&nbsp;mL,0
9,<b>Ceftriaxone</b><br>IV,0
55,<b>Cefuroxime&nbsp;1.5&nbsp;g</b><br>&nbsp;100&nbsp;mL,0
55,<b>Cefuroxime&nbsp;1.5&nbsp;g</b><br>0.9% NaC&nbsp;100&nbsp;mL,0
55,<b>Cefuroxime&nbsp;1.5&nbsp;g</b><br>5% D/W&nbsp;100&nbsp;mL,0
9,<b>Cefuroxime</b><br>IV,0
56,<b>Cell Saver</b>,0
13,<b>Chest Tube</b><br>,0
13,<b>Chest Tube</b><br>L & R Pleural,0
13,<b>Chest Tube</b><br>L Pleural,0
13,<b>Chest Tube</b><br>Mediastinal,0
13,<b>Chest Tube</b><br>R Pleural,0
28,<b>Chlopheniramine</b><br>IV,0
55,<b>Ciprofloxacin&nbsp;200&nbsp;mg</b><br>&nbsp;100&nbsp;mL,0
55,<b>Ciprofloxacin&nbsp;200&nbsp;mg</b><br>Undilute&nbsp;400&nbsp;mL,0
55,<b>Ciprofloxacin&nbsp;400&nbsp;mg</b><br>&nbsp;400&nbsp;mL,0
55,<b>Ciprofloxacin&nbsp;400&nbsp;mg</b><br>0.9% NaC&nbsp;200&nbsp;mL,0
50,<b>Ciprofloxacin&nbsp;400&nbsp;mg</b><br>Undilute&nbsp;100&nbsp;ml,0
55,<b>Ciprofloxacin&nbsp;400&nbsp;mg</b><br>Undilute&nbsp;200&nbsp;mL,0
55,<b>Ciprofloxacin&nbsp;400&nbsp;mg</b><br>Undilute&nbsp;400&nbsp;mL,0
9,<b>Ciprofloxacin</b><br>IV,0
34,<b>Cisatracurium&nbsp;0.5&nbsp;mg</b><br>&nbsp;1&nbsp;mL,0
34,<b>Cisatracurium&nbsp;0.5&nbsp;mg</b><br>0.9% NaC&nbsp;1&nbsp;mL,0
34,<b>Cisatracurium&nbsp;1&nbsp;mg</b><br>&nbsp;1&nbsp;mL,0
34,<b>Cisatracurium&nbsp;1&nbsp;mg</b><br>0.9% NaC&nbsp;1&nbsp;mL,0
34,<b>Cisatracurium&nbsp;1&nbsp;mg</b><br>0.9% NaC&nbsp;10&nbsp;mL,0
34,<b>Cisatracurium&nbsp;1&nbsp;mg</b><br>0.9% NaC&nbsp;2&nbsp;mL,0
34,<b>Cisatracurium&nbsp;1&nbsp;mg</b><br>5% D/N/2&nbsp;1&nbsp;mL,0
34,<b>Cisatracurium&nbsp;1&nbsp;mg</b><br>Acetar&nbsp;1&nbsp;mL,0
34,<b>Cisatracurium&nbsp;1&nbsp;mg</b><br>Undilute&nbsp;1&nbsp;mL,0
34,<b>Cisatracurium&nbsp;10&nbsp;mcg</b><br>0.9% NaC&nbsp;10&nbsp;mL,0
34,<b>Cisatracurium&nbsp;10&nbsp;mcg</b><br>0.9% NaC&nbsp;100&nbsp;mL,0
34,<b>Cisatracurium&nbsp;10&nbsp;mg</b><br>&nbsp;10&nbsp;mL,0
34,<b>Cisatracurium&nbsp;10&nbsp;mg</b><br>0.9% NaC&nbsp;1&nbsp;mL,0
34,<b>Cisatracurium&nbsp;10&nbsp;mg</b><br>0.9% NaC&nbsp;10&nbsp;mL,0
34,<b>Cisatracurium&nbsp;10&nbsp;mg</b><br>0.9% NaC&nbsp;100&nbsp;mL,0
34,<b>Cisatracurium&nbsp;10&nbsp;mg</b><br>0.9% NaC&nbsp;11&nbsp;mL,0
34,<b>Cisatracurium&nbsp;10&nbsp;mg</b><br>0.9% NaC&nbsp;15&nbsp;mL,0
34,<b>Cisatracurium&nbsp;10&nbsp;mg</b><br>0.9% NaC&nbsp;16&nbsp;mL,0
34,<b>Cisatracurium&nbsp;10&nbsp;mg</b><br>0.9% NaC&nbsp;20&nbsp;mL,0
34,<b>Cisatracurium&nbsp;10&nbsp;mg</b><br>0.9% NaC&nbsp;2240&nbsp;mL,0
34,<b>Cisatracurium&nbsp;10&nbsp;mg</b><br>0.9% NaC&nbsp;25&nbsp;mL,0
34,<b>Cisatracurium&nbsp;10&nbsp;mg</b><br>0.9% NaC&nbsp;40&nbsp;mL,0
34,<b>Cisatracurium&nbsp;10&nbsp;mg</b><br>0.9% NaC&nbsp;5&nbsp;mL,0
34,<b>Cisatracurium&nbsp;10&nbsp;mg</b><br>0.9% NaC&nbsp;50&nbsp;mL,0
34,<b>Cisatracurium&nbsp;10&nbsp;mg</b><br>0.9% NaC&nbsp;7&nbsp;mL,0
34,<b>Cisatracurium&nbsp;10&nbsp;mg</b><br>5% D/N/2&nbsp;10&nbsp;mL,0
34,<b>Cisatracurium&nbsp;10&nbsp;mg</b><br>5% D/N/2&nbsp;20&nbsp;mL,0
34,<b>Cisatracurium&nbsp;10&nbsp;mg</b><br>5% D/NSS&nbsp;10&nbsp;mL,0
34,<b>Cisatracurium&nbsp;10&nbsp;mg</b><br>5% D/NSS&nbsp;20&nbsp;mL,0
34,<b>Cisatracurium&nbsp;10&nbsp;mg</b><br>5% D/W&nbsp;10&nbsp;mL,0
34,<b>Cisatracurium&nbsp;10&nbsp;mg</b><br>5% D/W&nbsp;20&nbsp;mL,0
34,<b>Cisatracurium&nbsp;10&nbsp;mg</b><br>Acetar&nbsp;10&nbsp;mL,0
34,<b>Cisatracurium&nbsp;10&nbsp;mg</b><br>Acetar&nbsp;20&nbsp;mL,0
34,<b>Cisatracurium&nbsp;10&nbsp;mg</b><br>Sterile&nbsp;10&nbsp;mL,0
34,<b>Cisatracurium&nbsp;10&nbsp;mg</b><br>Sterile&nbsp;20&nbsp;mL,0
34,<b>Cisatracurium&nbsp;10&nbsp;mg</b><br>Undilute&nbsp;10&nbsp;mL,0
34,<b>Cisatracurium&nbsp;10&nbsp;mg</b><br>Undilute&nbsp;20&nbsp;mL,0
34,<b>Cisatracurium&nbsp;10&nbsp;mg</b><br>Undilute&nbsp;5&nbsp;mL,0
34,<b>Cisatracurium&nbsp;100&nbsp;mg</b><br>0.9% NaC&nbsp;15&nbsp;mL,0
34,<b>Cisatracurium&nbsp;11&nbsp;mg</b><br>0.9% NaC&nbsp;11&nbsp;mL,0
34,<b>Cisatracurium&nbsp;11&nbsp;mg</b><br>Undilute&nbsp;11&nbsp;mL,0
34,<b>Cisatracurium&nbsp;12&nbsp;mg</b><br>0.9% NaC&nbsp;11&nbsp;mL,0
34,<b>Cisatracurium&nbsp;12&nbsp;mg</b><br>0.9% NaC&nbsp;12&nbsp;mL,0
34,<b>Cisatracurium&nbsp;12&nbsp;mg</b><br>0.9% NaC&nbsp;24&nbsp;mL,0
34,<b>Cisatracurium&nbsp;12&nbsp;mg</b><br>0.9% NaC&nbsp;50&nbsp;mL,0
34,<b>Cisatracurium&nbsp;12&nbsp;mg</b><br>Sterile&nbsp;12&nbsp;mL,0
34,<b>Cisatracurium&nbsp;12&nbsp;mg</b><br>Undilute&nbsp;12&nbsp;mL,0
34,<b>Cisatracurium&nbsp;12&nbsp;mg</b><br>Undilute&nbsp;6&nbsp;mL,0
34,<b>Cisatracurium&nbsp;13&nbsp;mg</b><br>0.9% NaC&nbsp;13&nbsp;mL,0
34,<b>Cisatracurium&nbsp;14&nbsp;mg</b><br>&nbsp;7&nbsp;mL,0
34,<b>Cisatracurium&nbsp;14&nbsp;mg</b><br>0.9% NaC&nbsp;14&nbsp;mL,0
34,<b>Cisatracurium&nbsp;14&nbsp;mg</b><br>0.9% NaC&nbsp;60&nbsp;mL,0
34,<b>Cisatracurium&nbsp;14&nbsp;mg</b><br>5% D/W&nbsp;14&nbsp;mL,0
34,<b>Cisatracurium&nbsp;14&nbsp;mg</b><br>Undilute&nbsp;14&nbsp;mL,0
34,<b>Cisatracurium&nbsp;14&nbsp;mg</b><br>Undilute&nbsp;7&nbsp;mL,0
34,<b>Cisatracurium&nbsp;15&nbsp;mg</b><br>0.9% NaC&nbsp;15&nbsp;mL,0
34,<b>Cisatracurium&nbsp;15&nbsp;mg</b><br>0.9% NaC&nbsp;16.5&nbsp;mL,0
34,<b>Cisatracurium&nbsp;15&nbsp;mg</b><br>Undilute&nbsp;15&nbsp;mL,0
34,<b>Cisatracurium&nbsp;150&nbsp;mg</b><br>Undilute&nbsp;15&nbsp;mL,0
34,<b>Cisatracurium&nbsp;16&nbsp;mg</b><br>0.9% NaC&nbsp;16&nbsp;mL,0
34,<b>Cisatracurium&nbsp;16&nbsp;mg</b><br>5% D/W&nbsp;16&nbsp;mL,0
34,<b>Cisatracurium&nbsp;16&nbsp;mg</b><br>Acetar&nbsp;16&nbsp;mL,0
34,<b>Cisatracurium&nbsp;16&nbsp;mg</b><br>Sterile&nbsp;16&nbsp;mL,0
34,<b>Cisatracurium&nbsp;16&nbsp;mg</b><br>Undilute&nbsp;16&nbsp;mL,0
34,<b>Cisatracurium&nbsp;16&nbsp;mg</b><br>Undilute&nbsp;8&nbsp;mL,0
34,<b>Cisatracurium&nbsp;17&nbsp;mg</b><br>0.9% NaC&nbsp;17&nbsp;mL,0
34,<b>Cisatracurium&nbsp;18&nbsp;mg</b><br>0.9% NaC&nbsp;18&nbsp;mL,0
34,<b>Cisatracurium&nbsp;18&nbsp;mg</b><br>0.9% NaC&nbsp;36&nbsp;mL,0
34,<b>Cisatracurium&nbsp;18&nbsp;mg</b><br>Undilute&nbsp;18&nbsp;mL,0
34,<b>Cisatracurium&nbsp;18&nbsp;mg</b><br>Undilute&nbsp;9&nbsp;mL,0
34,<b>Cisatracurium&nbsp;19&nbsp;mg</b><br>Undilute&nbsp;19&nbsp;mL,0
34,<b>Cisatracurium&nbsp;2&nbsp;mg</b><br>&nbsp;1&nbsp;mL,0
34,<b>Cisatracurium&nbsp;2&nbsp;mg</b><br>0.9% NaC&nbsp;1&nbsp;mL,0
34,<b>Cisatracurium&nbsp;2&nbsp;mg</b><br>0.9% NaC&nbsp;2&nbsp;mL,0
34,<b>Cisatracurium&nbsp;2&nbsp;mg</b><br>0.9% NaC&nbsp;20&nbsp;mL,0
34,<b>Cisatracurium&nbsp;2&nbsp;mg</b><br>0.9% NaC&nbsp;22&nbsp;mL,0
34,<b>Cisatracurium&nbsp;2&nbsp;mg</b><br>0.9% NaC&nbsp;3&nbsp;mL,0
34,<b>Cisatracurium&nbsp;2&nbsp;mg</b><br>Acetar&nbsp;1&nbsp;mL,0
34,<b>Cisatracurium&nbsp;2&nbsp;mg</b><br>Undilute&nbsp;1&nbsp;mL,0
34,<b>Cisatracurium&nbsp;2&nbsp;mg</b><br>Undilute&nbsp;10&nbsp;mL,0
34,<b>Cisatracurium&nbsp;2&nbsp;mg</b><br>Undilute&nbsp;2&nbsp;mL,0
34,<b>Cisatracurium&nbsp;2&nbsp;mg</b><br>Undilute&nbsp;20&nbsp;mL,0
34,<b>Cisatracurium&nbsp;20&nbsp;mcg</b><br>0.9% NaC&nbsp;20&nbsp;mL,0
34,<b>Cisatracurium&nbsp;20&nbsp;mg</b><br>&nbsp;10&nbsp;mL,0
34,<b>Cisatracurium&nbsp;20&nbsp;mg</b><br>&nbsp;20&nbsp;mL,0
34,<b>Cisatracurium&nbsp;20&nbsp;mg</b><br>0.9% NaC&nbsp;10&nbsp;mL,0
34,<b>Cisatracurium&nbsp;20&nbsp;mg</b><br>0.9% NaC&nbsp;100&nbsp;mL,0
34,<b>Cisatracurium&nbsp;20&nbsp;mg</b><br>0.9% NaC&nbsp;11&nbsp;mL,0
34,<b>Cisatracurium&nbsp;20&nbsp;mg</b><br>0.9% NaC&nbsp;12&nbsp;mL,0
34,<b>Cisatracurium&nbsp;20&nbsp;mg</b><br>0.9% NaC&nbsp;2&nbsp;mL,0
34,<b>Cisatracurium&nbsp;20&nbsp;mg</b><br>0.9% NaC&nbsp;20&nbsp;mL,0
34,<b>Cisatracurium&nbsp;20&nbsp;mg</b><br>0.9% NaC&nbsp;25&nbsp;mL,0
34,<b>Cisatracurium&nbsp;20&nbsp;mg</b><br>0.9% NaC&nbsp;28&nbsp;mL,0
34,<b>Cisatracurium&nbsp;20&nbsp;mg</b><br>0.9% NaC&nbsp;30&nbsp;mL,0
34,<b>Cisatracurium&nbsp;20&nbsp;mg</b><br>0.9% NaC&nbsp;40&nbsp;mL,0
34,<b>Cisatracurium&nbsp;20&nbsp;mg</b><br>0.9% NaC&nbsp;50&nbsp;mL,0
34,<b>Cisatracurium&nbsp;20&nbsp;mg</b><br>0.9% NaC&nbsp;60&nbsp;mL,0
34,<b>Cisatracurium&nbsp;20&nbsp;mg</b><br>5% D/N/2&nbsp;20&nbsp;mL,0
34,<b>Cisatracurium&nbsp;20&nbsp;mg</b><br>5% D/NSS&nbsp;20&nbsp;mL,0
34,<b>Cisatracurium&nbsp;20&nbsp;mg</b><br>5% D/NSS&nbsp;30&nbsp;mL,0
34,<b>Cisatracurium&nbsp;20&nbsp;mg</b><br>5% D/W&nbsp;20&nbsp;mL,0
34,<b>Cisatracurium&nbsp;20&nbsp;mg</b><br>Acetar&nbsp;10&nbsp;mL,0
34,<b>Cisatracurium&nbsp;20&nbsp;mg</b><br>Acetar&nbsp;20&nbsp;mL,0
34,<b>Cisatracurium&nbsp;20&nbsp;mg</b><br>Ringer A&nbsp;10&nbsp;mL,0
34,<b>Cisatracurium&nbsp;20&nbsp;mg</b><br>Sterile&nbsp;20&nbsp;mL,0
34,<b>Cisatracurium&nbsp;20&nbsp;mg</b><br>Undilute&nbsp;10&nbsp;mL,0
34,<b>Cisatracurium&nbsp;20&nbsp;mg</b><br>Undilute&nbsp;20&nbsp;mL,0
34,<b>Cisatracurium&nbsp;20&nbsp;mg</b><br>Undilute&nbsp;30&nbsp;mL,0
34,<b>Cisatracurium&nbsp;20&nbsp;mg</b><br>Undilute&nbsp;40&nbsp;mL,0
34,<b>Cisatracurium&nbsp;22&nbsp;mg</b><br>0.9% NaC&nbsp;22&nbsp;mL,0
34,<b>Cisatracurium&nbsp;22&nbsp;mg</b><br>Undilute&nbsp;11&nbsp;mL,0
34,<b>Cisatracurium&nbsp;22&nbsp;mg</b><br>Undilute&nbsp;22&nbsp;mL,0
34,<b>Cisatracurium&nbsp;24&nbsp;mg</b><br>0.9% NaC&nbsp;24&nbsp;mL,0
34,<b>Cisatracurium&nbsp;24&nbsp;mg</b><br>5% D/W&nbsp;24&nbsp;mL,0
34,<b>Cisatracurium&nbsp;24&nbsp;mg</b><br>Undilute&nbsp;12&nbsp;mL,0
34,<b>Cisatracurium&nbsp;25&nbsp;mg</b><br>0.9% NaC&nbsp;25&nbsp;mL,0
34,<b>Cisatracurium&nbsp;26&nbsp;mg</b><br>Undilute&nbsp;13&nbsp;mL,0
34,<b>Cisatracurium&nbsp;28&nbsp;mg</b><br>Undilute&nbsp;14&nbsp;mL,0
34,<b>Cisatracurium&nbsp;3&nbsp;mg</b><br>0.9% NaC&nbsp;6&nbsp;mL,0
34,<b>Cisatracurium&nbsp;3&nbsp;mg</b><br>0.9% NaC&nbsp;9&nbsp;mL,0
34,<b>Cisatracurium&nbsp;30&nbsp;mg</b><br>0.9% NaC&nbsp;30&nbsp;mL,0
34,<b>Cisatracurium&nbsp;30&nbsp;mg</b><br>0.9% NaC&nbsp;60&nbsp;mL,0
34,<b>Cisatracurium&nbsp;30&nbsp;mg</b><br>Undilute&nbsp;15&nbsp;mL,0
34,<b>Cisatracurium&nbsp;32&nbsp;mg</b><br>0.9% NaC&nbsp;16&nbsp;mL,0
34,<b>Cisatracurium&nbsp;32&nbsp;mg</b><br>Undilute&nbsp;16&nbsp;mL,0
34,<b>Cisatracurium&nbsp;38&nbsp;mg</b><br>0.9% NaC&nbsp;38&nbsp;mL,0
34,<b>Cisatracurium&nbsp;4&nbsp;mg</b><br>0.9% NaC&nbsp;20&nbsp;mL,0
34,<b>Cisatracurium&nbsp;4&nbsp;mg</b><br>0.9% NaC&nbsp;4&nbsp;mL,0
34,<b>Cisatracurium&nbsp;4&nbsp;mg</b><br>0.9% NaC&nbsp;8&nbsp;mL,0
34,<b>Cisatracurium&nbsp;4&nbsp;mg</b><br>Undilute&nbsp;40&nbsp;mL,0
34,<b>Cisatracurium&nbsp;4&nbsp;mg</b><br>Undilute&nbsp;8&nbsp;mL,0
34,<b>Cisatracurium&nbsp;40&nbsp;mg</b><br>&nbsp;20&nbsp;mL,0
34,<b>Cisatracurium&nbsp;40&nbsp;mg</b><br>0.9% NaC&nbsp;20&nbsp;mL,0
34,<b>Cisatracurium&nbsp;40&nbsp;mg</b><br>0.9% NaC&nbsp;40&nbsp;mL,0
34,<b>Cisatracurium&nbsp;40&nbsp;mg</b><br>0.9% NaC&nbsp;50&nbsp;mL,0
34,<b>Cisatracurium&nbsp;40&nbsp;mg</b><br>5% D/W&nbsp;60&nbsp;mL,0
34,<b>Cisatracurium&nbsp;40&nbsp;mg</b><br>Undilute&nbsp;20&nbsp;mL,0
34,<b>Cisatracurium&nbsp;40&nbsp;mg</b><br>Undilute&nbsp;40&nbsp;mL,0
34,<b>Cisatracurium&nbsp;42&nbsp;mg</b><br>0.9% NaC&nbsp;42&nbsp;mL,0
34,<b>Cisatracurium&nbsp;5&nbsp;mg</b><br>0.9% NaC&nbsp;10&nbsp;mL,0
34,<b>Cisatracurium&nbsp;5&nbsp;mg</b><br>0.9% NaC&nbsp;5&nbsp;mL,0
34,<b>Cisatracurium&nbsp;5&nbsp;mg</b><br>5% D/N/2&nbsp;10&nbsp;mL,0
34,<b>Cisatracurium&nbsp;50&nbsp;mg</b><br>&nbsp;25&nbsp;mL,0
34,<b>Cisatracurium&nbsp;50&nbsp;mg</b><br>0.9% NaC&nbsp;50&nbsp;mL,0
34,<b>Cisatracurium&nbsp;50&nbsp;mg</b><br>0.9% NaC&nbsp;75&nbsp;mL,0
34,<b>Cisatracurium&nbsp;50&nbsp;mg</b><br>Undilute&nbsp;25&nbsp;mL,0
34,<b>Cisatracurium&nbsp;6&nbsp;mg</b><br>&nbsp;6&nbsp;mL,0
34,<b>Cisatracurium&nbsp;6&nbsp;mg</b><br>0.9% NaC&nbsp;12&nbsp;mL,0
34,<b>Cisatracurium&nbsp;6&nbsp;mg</b><br>0.9% NaC&nbsp;3&nbsp;mL,0
34,<b>Cisatracurium&nbsp;6&nbsp;mg</b><br>0.9% NaC&nbsp;6&nbsp;mL,0
34,<b>Cisatracurium&nbsp;7&nbsp;mg</b><br>Undilute&nbsp;14&nbsp;mL,0
34,<b>Cisatracurium&nbsp;7&nbsp;mg</b><br>Undilute&nbsp;7&nbsp;mL,0
34,<b>Cisatracurium&nbsp;8&nbsp;mg</b><br>&nbsp;8&nbsp;mL,0
34,<b>Cisatracurium&nbsp;8&nbsp;mg</b><br>0.9% NaC&nbsp;16&nbsp;mL,0
34,<b>Cisatracurium&nbsp;8&nbsp;mg</b><br>0.9% NaC&nbsp;8&nbsp;mL,0
34,<b>Cisatracurium&nbsp;8&nbsp;mg</b><br>Undilute&nbsp;8&nbsp;mL,0
34,<b>Cisatracurium&nbsp;9&nbsp;mg</b><br>0.9% NaC&nbsp;9&nbsp;mL,0
16,<b>Cisatracurium</b><br>IV,0
55,<b>Clindamycin&nbsp;150&nbsp;mg</b><br>0.9% NaC&nbsp;100&nbsp;mL,0
55,<b>Clindamycin&nbsp;300&nbsp;mg</b><br>5% D/W&nbsp;50&nbsp;mL,0
50,<b>Clindamycin&nbsp;600&nbsp;mg</b><br>0.9% NaC&nbsp;100&nbsp;ml,0
55,<b>Clindamycin&nbsp;600&nbsp;mg</b><br>0.9% NaC&nbsp;100&nbsp;mL,0
55,<b>Clindamycin&nbsp;600&nbsp;mg</b><br>0.9% NaC&nbsp;104&nbsp;mL,0
55,<b>Clindamycin&nbsp;600&nbsp;mg</b><br>5% D/W&nbsp;100&nbsp;mL,0
55,<b>Clindamycin&nbsp;600&nbsp;mg</b><br>Acetar&nbsp;1000&nbsp;mL,0
50,<b>Clindamycin&nbsp;900&nbsp;</b><br>0.9% NaC&nbsp;100&nbsp;ml,0
55,<b>Clindamycin&nbsp;900&nbsp;mg</b><br>0.9% NaC&nbsp;100&nbsp;mL,0
50,<b>Clindamycin&nbsp;900&nbsp;mg</b><br>0.9% NaC&nbsp;100&nbsp;ml,0
55,<b>Clindamycin&nbsp;900&nbsp;mg</b><br>0.9% NaC&nbsp;106&nbsp;mL,0
9,<b>Clindamycin</b><br>IV,0
9,<b>Cloxacilin</b><br>IV,0
9,<b>Colistin</b><br>IV,0
3,<b>Cryoprecipitate</b>,0
56,<b>Cryoprecipitate</b>,0
28,<b>Dantrolene</b><br>IV,0
28,<b>DDAVP</b><br>IV,0
27,<b>Dexamethasone</b><br>IV,0
20,<b>Dexamethasone</b><br>IV,0
53,<b>Dexketoprofen</b><br>IV,0
33,<b>Dexmedetom&nbsp;0.2&nbsp;mg</b><br>0.9% NaC&nbsp;50&nbsp;mL,0
33,<b>Dexmedetom&nbsp;0.4&nbsp;mcg</b><br>0.9% NaC&nbsp;50&nbsp;mL,0
33,<b>Dexmedetom&nbsp;0.4&nbsp;mcg</b><br>Acetar&nbsp;20.4&nbsp;mL,0
33,<b>Dexmedetom&nbsp;1&nbsp;mcg</b><br>0.9% NaC&nbsp;1&nbsp;mL,0
33,<b>Dexmedetom&nbsp;1&nbsp;mcg</b><br>0.9% NaC&nbsp;25&nbsp;mL,0
33,<b>Dexmedetom&nbsp;1&nbsp;mcg</b><br>Undilute&nbsp;1&nbsp;mL,0
33,<b>Dexmedetom&nbsp;10&nbsp;mcg</b><br>0.9% NaC&nbsp;10&nbsp;mL,0
33,<b>Dexmedetom&nbsp;10&nbsp;mcg</b><br>0.9% NaC&nbsp;20&nbsp;mL,0
33,<b>Dexmedetom&nbsp;10&nbsp;mcg</b><br>0.9% NaC&nbsp;20.1&nbsp;mL,0
33,<b>Dexmedetom&nbsp;10&nbsp;mcg</b><br>0.9% NaC&nbsp;25&nbsp;mL,0
33,<b>Dexmedetom&nbsp;10&nbsp;mcg</b><br>0.9% NaC&nbsp;25.1&nbsp;mL,0
33,<b>Dexmedetom&nbsp;10&nbsp;mcg</b><br>0.9% NaC&nbsp;49.9&nbsp;mL,0
33,<b>Dexmedetom&nbsp;10&nbsp;mcg</b><br>5% D/N/2&nbsp;25&nbsp;mL,0
33,<b>Dexmedetom&nbsp;10&nbsp;mcg</b><br>Acetar&nbsp;20&nbsp;mL,0
33,<b>Dexmedetom&nbsp;10&nbsp;mcg</b><br>Acetar&nbsp;25&nbsp;mL,0
33,<b>Dexmedetom&nbsp;10&nbsp;mcg</b><br>Acetar&nbsp;25.1&nbsp;mL,0
33,<b>Dexmedetom&nbsp;10&nbsp;mcg</b><br>Sterile&nbsp;20&nbsp;mL,0
33,<b>Dexmedetom&nbsp;100&nbsp;mcg</b><br>&nbsp;25&nbsp;mL,0
33,<b>Dexmedetom&nbsp;100&nbsp;mcg</b><br>0.9% NaC&nbsp;10&nbsp;mL,0
33,<b>Dexmedetom&nbsp;100&nbsp;mcg</b><br>0.9% NaC&nbsp;100&nbsp;mL,0
33,<b>Dexmedetom&nbsp;100&nbsp;mcg</b><br>0.9% NaC&nbsp;101&nbsp;mL,0
33,<b>Dexmedetom&nbsp;100&nbsp;mcg</b><br>0.9% NaC&nbsp;120&nbsp;mL,0
33,<b>Dexmedetom&nbsp;100&nbsp;mcg</b><br>0.9% NaC&nbsp;125&nbsp;mL,0
33,<b>Dexmedetom&nbsp;100&nbsp;mcg</b><br>0.9% NaC&nbsp;19&nbsp;mL,0
33,<b>Dexmedetom&nbsp;100&nbsp;mcg</b><br>0.9% NaC&nbsp;20&nbsp;mL,0
33,<b>Dexmedetom&nbsp;100&nbsp;mcg</b><br>0.9% NaC&nbsp;200&nbsp;mL,0
33,<b>Dexmedetom&nbsp;100&nbsp;mcg</b><br>0.9% NaC&nbsp;21&nbsp;mL,0
33,<b>Dexmedetom&nbsp;100&nbsp;mcg</b><br>0.9% NaC&nbsp;24&nbsp;mL,0
33,<b>Dexmedetom&nbsp;100&nbsp;mcg</b><br>0.9% NaC&nbsp;25&nbsp;mL,0
33,<b>Dexmedetom&nbsp;100&nbsp;mcg</b><br>0.9% NaC&nbsp;26&nbsp;mL,0
33,<b>Dexmedetom&nbsp;100&nbsp;mcg</b><br>0.9% NaC&nbsp;39&nbsp;mL,0
33,<b>Dexmedetom&nbsp;100&nbsp;mcg</b><br>0.9% NaC&nbsp;40&nbsp;mL,0
33,<b>Dexmedetom&nbsp;100&nbsp;mcg</b><br>0.9% NaC&nbsp;50&nbsp;mL,0
33,<b>Dexmedetom&nbsp;100&nbsp;mcg</b><br>0.9% NaC&nbsp;51&nbsp;mL,0
33,<b>Dexmedetom&nbsp;100&nbsp;mcg</b><br>0.9% NaC&nbsp;60&nbsp;mL,0
33,<b>Dexmedetom&nbsp;100&nbsp;mcg</b><br>0.9% NaC&nbsp;98&nbsp;mL,0
33,<b>Dexmedetom&nbsp;100&nbsp;mcg</b><br>5% D/N/2&nbsp;25&nbsp;mL,0
33,<b>Dexmedetom&nbsp;100&nbsp;mcg</b><br>5% D/W&nbsp;12&nbsp;mL,0
33,<b>Dexmedetom&nbsp;100&nbsp;mcg</b><br>5% D/W&nbsp;12.5&nbsp;mL,0
33,<b>Dexmedetom&nbsp;100&nbsp;mcg</b><br>5% D/W&nbsp;20&nbsp;mL,0
33,<b>Dexmedetom&nbsp;100&nbsp;mcg</b><br>5% D/W&nbsp;25&nbsp;mL,0
33,<b>Dexmedetom&nbsp;100&nbsp;mcg</b><br>5% D/W&nbsp;26&nbsp;mL,0
33,<b>Dexmedetom&nbsp;100&nbsp;mcg</b><br>Acetar&nbsp;10&nbsp;mL,0
33,<b>Dexmedetom&nbsp;100&nbsp;mcg</b><br>Acetar&nbsp;1001&nbsp;mL,0
33,<b>Dexmedetom&nbsp;100&nbsp;mcg</b><br>Acetar&nbsp;12&nbsp;mL,0
33,<b>Dexmedetom&nbsp;100&nbsp;mcg</b><br>Acetar&nbsp;12.5&nbsp;mL,0
33,<b>Dexmedetom&nbsp;100&nbsp;mcg</b><br>Acetar&nbsp;21&nbsp;mL,0
33,<b>Dexmedetom&nbsp;100&nbsp;mcg</b><br>Acetar&nbsp;25&nbsp;mL,0
33,<b>Dexmedetom&nbsp;100&nbsp;mcg</b><br>Acetar&nbsp;50&nbsp;mL,0
33,<b>Dexmedetom&nbsp;100&nbsp;mcg</b><br>Acetar&nbsp;500&nbsp;mL,0
33,<b>Dexmedetom&nbsp;100&nbsp;mcg</b><br>Sterile&nbsp;20&nbsp;mL,0
33,<b>Dexmedetom&nbsp;100&nbsp;mcg</b><br>Sterile&nbsp;25&nbsp;mL,0
33,<b>Dexmedetom&nbsp;100&nbsp;mcg</b><br>Undilute&nbsp;12&nbsp;mL,0
33,<b>Dexmedetom&nbsp;100&nbsp;mcg</b><br>Undilute&nbsp;25&nbsp;mL,0
33,<b>Dexmedetom&nbsp;100&nbsp;mcg</b><br>Undilute&nbsp;50&nbsp;mL,0
33,<b>Dexmedetom&nbsp;100&nbsp;mg</b><br>0.9% NaC&nbsp;20&nbsp;mL,0
33,<b>Dexmedetom&nbsp;100&nbsp;mg</b><br>0.9% NaC&nbsp;25&nbsp;mL,0
33,<b>Dexmedetom&nbsp;100&nbsp;mg</b><br>0.9% NaC&nbsp;50&nbsp;mL,0
33,<b>Dexmedetom&nbsp;100&nbsp;ng</b><br>&nbsp;25&nbsp;mL,0
33,<b>Dexmedetom&nbsp;1000&nbsp;mcg</b><br>0.9% NaC&nbsp;25&nbsp;mL,0
33,<b>Dexmedetom&nbsp;12&nbsp;mcg</b><br>0.9% NaC&nbsp;12.12&nbsp;mL,0
33,<b>Dexmedetom&nbsp;120&nbsp;mcg</b><br>0.9% NaC&nbsp;25&nbsp;mL,0
33,<b>Dexmedetom&nbsp;120&nbsp;mcg</b><br>0.9% NaC&nbsp;60&nbsp;mL,0
33,<b>Dexmedetom&nbsp;125&nbsp;mcg</b><br>Acetar&nbsp;1000&nbsp;mL,0
33,<b>Dexmedetom&nbsp;15&nbsp;mcg</b><br>0.9% NaC&nbsp;20&nbsp;mL,0
33,<b>Dexmedetom&nbsp;15&nbsp;mcg</b><br>0.9% NaC&nbsp;30&nbsp;mL,0
33,<b>Dexmedetom&nbsp;15&nbsp;mcg</b><br>Acetar&nbsp;15.15&nbsp;mL,0
33,<b>Dexmedetom&nbsp;150&nbsp;mcg</b><br>0.9% NaC&nbsp;15&nbsp;mL,0
33,<b>Dexmedetom&nbsp;150&nbsp;mcg</b><br>0.9% NaC&nbsp;37.5&nbsp;mL,0
33,<b>Dexmedetom&nbsp;150&nbsp;mcg</b><br>Acetar&nbsp;950&nbsp;mL,0
33,<b>Dexmedetom&nbsp;2&nbsp;mcg</b><br>0.9% NaC&nbsp;1&nbsp;mL,0
33,<b>Dexmedetom&nbsp;2&nbsp;mcg</b><br>0.9% NaC&nbsp;20&nbsp;mL,0
33,<b>Dexmedetom&nbsp;2&nbsp;mcg</b><br>Acetar&nbsp;1&nbsp;mL,0
33,<b>Dexmedetom&nbsp;2&nbsp;mcg</b><br>Undilute&nbsp;1&nbsp;mL,0
33,<b>Dexmedetom&nbsp;2&nbsp;mg</b><br>0.9% NaC&nbsp;48&nbsp;mL,0
33,<b>Dexmedetom&nbsp;2&nbsp;mg</b><br>0.9% NaC&nbsp;50&nbsp;mL,0
33,<b>Dexmedetom&nbsp;20&nbsp;mcg</b><br>&nbsp;24.7&nbsp;mL,0
33,<b>Dexmedetom&nbsp;20&nbsp;mcg</b><br>0.9% NaC&nbsp;10&nbsp;mL,0
33,<b>Dexmedetom&nbsp;20&nbsp;mcg</b><br>0.9% NaC&nbsp;19.8&nbsp;mL,0
33,<b>Dexmedetom&nbsp;20&nbsp;mcg</b><br>0.9% NaC&nbsp;20&nbsp;mL,0
33,<b>Dexmedetom&nbsp;20&nbsp;mcg</b><br>0.9% NaC&nbsp;20.2&nbsp;mL,0
33,<b>Dexmedetom&nbsp;20&nbsp;mcg</b><br>0.9% NaC&nbsp;24.7&nbsp;mL,0
33,<b>Dexmedetom&nbsp;20&nbsp;mcg</b><br>0.9% NaC&nbsp;25&nbsp;mL,0
33,<b>Dexmedetom&nbsp;20&nbsp;mcg</b><br>0.9% NaC&nbsp;25.2&nbsp;mL,0
33,<b>Dexmedetom&nbsp;20&nbsp;mcg</b><br>0.9% NaC&nbsp;5&nbsp;mL,0
33,<b>Dexmedetom&nbsp;20&nbsp;mcg</b><br>0.9% NaC&nbsp;6&nbsp;mL,0
33,<b>Dexmedetom&nbsp;20&nbsp;mcg</b><br>Acetar&nbsp;20&nbsp;mL,0
33,<b>Dexmedetom&nbsp;20&nbsp;mcg</b><br>Acetar&nbsp;60&nbsp;mL,0
33,<b>Dexmedetom&nbsp;20&nbsp;mg</b><br>Acetar&nbsp;20&nbsp;mL,0
33,<b>Dexmedetom&nbsp;200&nbsp;mcg</b><br>&nbsp;50&nbsp;mL,0
33,<b>Dexmedetom&nbsp;200&nbsp;mcg</b><br>0.9% NaC&nbsp;100&nbsp;mL,0
33,<b>Dexmedetom&nbsp;200&nbsp;mcg</b><br>0.9% NaC&nbsp;20&nbsp;mL,0
33,<b>Dexmedetom&nbsp;200&nbsp;mcg</b><br>0.9% NaC&nbsp;200&nbsp;mL,0
33,<b>Dexmedetom&nbsp;200&nbsp;mcg</b><br>0.9% NaC&nbsp;24&nbsp;mL,0
33,<b>Dexmedetom&nbsp;200&nbsp;mcg</b><br>0.9% NaC&nbsp;25&nbsp;mL,0
33,<b>Dexmedetom&nbsp;200&nbsp;mcg</b><br>0.9% NaC&nbsp;40&nbsp;mL,0
33,<b>Dexmedetom&nbsp;200&nbsp;mcg</b><br>0.9% NaC&nbsp;46&nbsp;mL,0
33,<b>Dexmedetom&nbsp;200&nbsp;mcg</b><br>0.9% NaC&nbsp;47&nbsp;mL,0
33,<b>Dexmedetom&nbsp;200&nbsp;mcg</b><br>0.9% NaC&nbsp;48&nbsp;mL,0
33,<b>Dexmedetom&nbsp;200&nbsp;mcg</b><br>0.9% NaC&nbsp;50&nbsp;mL,0
33,<b>Dexmedetom&nbsp;200&nbsp;mcg</b><br>0.9% NaC&nbsp;500&nbsp;mL,0
33,<b>Dexmedetom&nbsp;200&nbsp;mcg</b><br>0.9% NaC&nbsp;51&nbsp;mL,0
33,<b>Dexmedetom&nbsp;200&nbsp;mcg</b><br>0.9% NaC&nbsp;52&nbsp;mL,0
33,<b>Dexmedetom&nbsp;200&nbsp;mcg</b><br>0.9% NaC&nbsp;60&nbsp;mL,0
33,<b>Dexmedetom&nbsp;200&nbsp;mcg</b><br>0.9% NaC&nbsp;96&nbsp;mL,0
33,<b>Dexmedetom&nbsp;200&nbsp;mcg</b><br>0.9% NaC&nbsp;98&nbsp;mL,0
33,<b>Dexmedetom&nbsp;200&nbsp;mcg</b><br>5% D/N/2&nbsp;50&nbsp;mL,0
33,<b>Dexmedetom&nbsp;200&nbsp;mcg</b><br>5% D/W&nbsp;25&nbsp;mL,0
33,<b>Dexmedetom&nbsp;200&nbsp;mcg</b><br>5% D/W&nbsp;50&nbsp;mL,0
33,<b>Dexmedetom&nbsp;200&nbsp;mcg</b><br>Acetar&nbsp;20&nbsp;mL,0
33,<b>Dexmedetom&nbsp;200&nbsp;mcg</b><br>Acetar&nbsp;50&nbsp;mL,0
33,<b>Dexmedetom&nbsp;200&nbsp;mcg</b><br>Undilute&nbsp;2&nbsp;mL,0
33,<b>Dexmedetom&nbsp;200&nbsp;mcg</b><br>Undilute&nbsp;20&nbsp;mL,0
33,<b>Dexmedetom&nbsp;200&nbsp;mcg</b><br>Undilute&nbsp;50&nbsp;mL,0
33,<b>Dexmedetom&nbsp;200&nbsp;mg</b><br>0.9% NaC&nbsp;50&nbsp;mL,0
33,<b>Dexmedetom&nbsp;200&nbsp;mg</b><br>5% D/W&nbsp;50&nbsp;mL,0
33,<b>Dexmedetom&nbsp;200&nbsp;ng</b><br>0.9% NaC&nbsp;50&nbsp;mL,0
33,<b>Dexmedetom&nbsp;2000&nbsp;mcg</b><br>0.9% NaC&nbsp;50&nbsp;mL,0
33,<b>Dexmedetom&nbsp;24&nbsp;mcg</b><br>0.9% NaC&nbsp;12.24&nbsp;mL,0
33,<b>Dexmedetom&nbsp;25&nbsp;mcg</b><br>0.9% NaC&nbsp;12.5&nbsp;mL,0
33,<b>Dexmedetom&nbsp;25&nbsp;mcg</b><br>0.9% NaC&nbsp;24.75&nbsp;mL,0
33,<b>Dexmedetom&nbsp;25&nbsp;mcg</b><br>0.9% NaC&nbsp;25&nbsp;mL,0
33,<b>Dexmedetom&nbsp;25&nbsp;mcg</b><br>0.9% NaC&nbsp;25.25&nbsp;mL,0
33,<b>Dexmedetom&nbsp;25&nbsp;mcg</b><br>0.9% NaC&nbsp;25.75&nbsp;mL,0
33,<b>Dexmedetom&nbsp;25&nbsp;mcg</b><br>0.9% NaC&nbsp;27.25&nbsp;mL,0
33,<b>Dexmedetom&nbsp;25&nbsp;mcg</b><br>0.9% NaC&nbsp;50&nbsp;mL,0
33,<b>Dexmedetom&nbsp;25&nbsp;mcg</b><br>Acetar&nbsp;24.75&nbsp;mL,0
33,<b>Dexmedetom&nbsp;25&nbsp;mcg</b><br>Acetar&nbsp;25&nbsp;mL,0
33,<b>Dexmedetom&nbsp;25&nbsp;mcg</b><br>Undilute&nbsp;25&nbsp;mL,0
33,<b>Dexmedetom&nbsp;250&nbsp;mcg</b><br>5% D/W&nbsp;50&nbsp;mL,0
33,<b>Dexmedetom&nbsp;3&nbsp;mcg</b><br>0.9% NaC&nbsp;1&nbsp;mL,0
33,<b>Dexmedetom&nbsp;3.5&nbsp;mcg</b><br>0.9% NaC&nbsp;1&nbsp;mL,0
33,<b>Dexmedetom&nbsp;30&nbsp;mcg</b><br>0.9% NaC&nbsp;15&nbsp;mL,0
33,<b>Dexmedetom&nbsp;30&nbsp;mcg</b><br>0.9% NaC&nbsp;20&nbsp;mL,0
33,<b>Dexmedetom&nbsp;30&nbsp;mcg</b><br>0.9% NaC&nbsp;25&nbsp;mL,0
33,<b>Dexmedetom&nbsp;4&nbsp;mcg</b><br>&nbsp;1&nbsp;mL,0
33,<b>Dexmedetom&nbsp;4&nbsp;mcg</b><br>0.9% NaC&nbsp;1&nbsp;mL,0
33,<b>Dexmedetom&nbsp;4&nbsp;mcg</b><br>0.9% NaC&nbsp;100&nbsp;mL,0
33,<b>Dexmedetom&nbsp;4&nbsp;mcg</b><br>0.9% NaC&nbsp;25&nbsp;mL,0
33,<b>Dexmedetom&nbsp;4&nbsp;mcg</b><br>0.9% NaC&nbsp;4&nbsp;mL,0
33,<b>Dexmedetom&nbsp;4&nbsp;mcg</b><br>5% D/W&nbsp;1&nbsp;mL,0
33,<b>Dexmedetom&nbsp;4&nbsp;mcg</b><br>Acetar&nbsp;1&nbsp;mL,0
33,<b>Dexmedetom&nbsp;4&nbsp;mcg</b><br>Undilute&nbsp;1&nbsp;mL,0
33,<b>Dexmedetom&nbsp;4&nbsp;mg</b><br>5% D/W&nbsp;50&nbsp;mL,0
33,<b>Dexmedetom&nbsp;40&nbsp;mcg</b><br>0.9% NaC&nbsp;10&nbsp;mL,0
33,<b>Dexmedetom&nbsp;40&nbsp;mcg</b><br>0.9% NaC&nbsp;19.4&nbsp;mL,0
33,<b>Dexmedetom&nbsp;40&nbsp;mcg</b><br>0.9% NaC&nbsp;20&nbsp;mL,0
33,<b>Dexmedetom&nbsp;40&nbsp;mcg</b><br>0.9% NaC&nbsp;20.4&nbsp;mL,0
33,<b>Dexmedetom&nbsp;40&nbsp;mcg</b><br>0.9% NaC&nbsp;21&nbsp;mL,0
33,<b>Dexmedetom&nbsp;40&nbsp;mcg</b><br>0.9% NaC&nbsp;40&nbsp;mL,0
33,<b>Dexmedetom&nbsp;40&nbsp;mcg</b><br>Acetar&nbsp;10&nbsp;mL,0
33,<b>Dexmedetom&nbsp;40&nbsp;mcg</b><br>Acetar&nbsp;20.4&nbsp;mL,0
33,<b>Dexmedetom&nbsp;40&nbsp;mcg</b><br>Acetar&nbsp;25&nbsp;mL,0
33,<b>Dexmedetom&nbsp;40&nbsp;mcg</b><br>Acetar&nbsp;800&nbsp;mL,0
33,<b>Dexmedetom&nbsp;40&nbsp;mcg</b><br>Undilute&nbsp;20&nbsp;mL,0
33,<b>Dexmedetom&nbsp;40&nbsp;mcg</b><br>Undilute&nbsp;40&nbsp;mL,0
33,<b>Dexmedetom&nbsp;400&nbsp;mcg</b><br>0.9% NaC&nbsp;100&nbsp;mL,0
33,<b>Dexmedetom&nbsp;400&nbsp;mcg</b><br>0.9% NaC&nbsp;50&nbsp;mL,0
33,<b>Dexmedetom&nbsp;400&nbsp;mcg</b><br>5% D/W&nbsp;100&nbsp;mL,0
33,<b>Dexmedetom&nbsp;45&nbsp;mcg</b><br>0.9% NaC&nbsp;20.45&nbsp;mL,0
33,<b>Dexmedetom&nbsp;5&nbsp;mcg</b><br>0.9% NaC&nbsp;1&nbsp;mL,0
33,<b>Dexmedetom&nbsp;5&nbsp;mcg</b><br>0.9% NaC&nbsp;20&nbsp;mL,0
33,<b>Dexmedetom&nbsp;50&nbsp;mcg</b><br>&nbsp;25&nbsp;mL,0
33,<b>Dexmedetom&nbsp;50&nbsp;mcg</b><br>&nbsp;50&nbsp;mL,0
33,<b>Dexmedetom&nbsp;50&nbsp;mcg</b><br>0.9% NaC&nbsp;10&nbsp;mL,0
33,<b>Dexmedetom&nbsp;50&nbsp;mcg</b><br>0.9% NaC&nbsp;100&nbsp;mL,0
33,<b>Dexmedetom&nbsp;50&nbsp;mcg</b><br>0.9% NaC&nbsp;100.5&nbsp;mL,0
33,<b>Dexmedetom&nbsp;50&nbsp;mcg</b><br>0.9% NaC&nbsp;12&nbsp;mL,0
33,<b>Dexmedetom&nbsp;50&nbsp;mcg</b><br>0.9% NaC&nbsp;12.5&nbsp;mL,0
33,<b>Dexmedetom&nbsp;50&nbsp;mcg</b><br>0.9% NaC&nbsp;20&nbsp;mL,0
33,<b>Dexmedetom&nbsp;50&nbsp;mcg</b><br>0.9% NaC&nbsp;20.5&nbsp;mL,0
33,<b>Dexmedetom&nbsp;50&nbsp;mcg</b><br>0.9% NaC&nbsp;24.5&nbsp;mL,0
33,<b>Dexmedetom&nbsp;50&nbsp;mcg</b><br>0.9% NaC&nbsp;24.75&nbsp;mL,0
33,<b>Dexmedetom&nbsp;50&nbsp;mcg</b><br>0.9% NaC&nbsp;25&nbsp;mL,0
33,<b>Dexmedetom&nbsp;50&nbsp;mcg</b><br>0.9% NaC&nbsp;25.25&nbsp;mL,0
33,<b>Dexmedetom&nbsp;50&nbsp;mcg</b><br>0.9% NaC&nbsp;25.5&nbsp;mL,0
33,<b>Dexmedetom&nbsp;50&nbsp;mcg</b><br>0.9% NaC&nbsp;5&nbsp;mL,0
33,<b>Dexmedetom&nbsp;50&nbsp;mcg</b><br>0.9% NaC&nbsp;50&nbsp;mL,0
33,<b>Dexmedetom&nbsp;50&nbsp;mcg</b><br>0.9% NaC&nbsp;60&nbsp;mL,0
33,<b>Dexmedetom&nbsp;50&nbsp;mcg</b><br>5% D/W&nbsp;50&nbsp;mL,0
33,<b>Dexmedetom&nbsp;50&nbsp;mcg</b><br>Acetar&nbsp;11.5&nbsp;mL,0
33,<b>Dexmedetom&nbsp;50&nbsp;mcg</b><br>Acetar&nbsp;12.5&nbsp;mL,0
33,<b>Dexmedetom&nbsp;50&nbsp;mcg</b><br>Acetar&nbsp;20&nbsp;mL,0
33,<b>Dexmedetom&nbsp;50&nbsp;mcg</b><br>Acetar&nbsp;25&nbsp;mL,0
33,<b>Dexmedetom&nbsp;50&nbsp;mcg</b><br>Acetar&nbsp;300&nbsp;mL,0
33,<b>Dexmedetom&nbsp;50&nbsp;mcg</b><br>Undilute&nbsp;25&nbsp;mL,0
33,<b>Dexmedetom&nbsp;50&nbsp;mg</b><br>0.9% NaC&nbsp;24.5&nbsp;mL,0
33,<b>Dexmedetom&nbsp;50&nbsp;mg</b><br>Undilute&nbsp;25&nbsp;mL,0
33,<b>Dexmedetom&nbsp;500&nbsp;mcg</b><br>0.9% NaC&nbsp;50&nbsp;mL,0
33,<b>Dexmedetom&nbsp;55&nbsp;mcg</b><br>0.9% NaC&nbsp;20&nbsp;mL,0
33,<b>Dexmedetom&nbsp;55&nbsp;mcg</b><br>0.9% NaC&nbsp;21&nbsp;mL,0
33,<b>Dexmedetom&nbsp;56&nbsp;mcg</b><br>0.9% NaC&nbsp;41&nbsp;mL,0
33,<b>Dexmedetom&nbsp;60&nbsp;mcg</b><br>&nbsp;20&nbsp;mL,0
33,<b>Dexmedetom&nbsp;60&nbsp;mcg</b><br>0.9% NaC&nbsp;100&nbsp;mL,0
33,<b>Dexmedetom&nbsp;60&nbsp;mcg</b><br>0.9% NaC&nbsp;15&nbsp;mL,0
33,<b>Dexmedetom&nbsp;60&nbsp;mcg</b><br>0.9% NaC&nbsp;20&nbsp;mL,0
33,<b>Dexmedetom&nbsp;60&nbsp;mcg</b><br>0.9% NaC&nbsp;20.6&nbsp;mL,0
33,<b>Dexmedetom&nbsp;60&nbsp;mcg</b><br>0.9% NaC&nbsp;25&nbsp;mL,0
33,<b>Dexmedetom&nbsp;60&nbsp;mcg</b><br>0.9% NaC&nbsp;25.6&nbsp;mL,0
33,<b>Dexmedetom&nbsp;60&nbsp;mcg</b><br>5% D/W&nbsp;20&nbsp;mL,0
33,<b>Dexmedetom&nbsp;60&nbsp;mg</b><br>0.9% NaC&nbsp;20&nbsp;mL,0
33,<b>Dexmedetom&nbsp;60&nbsp;mg</b><br>0.9% NaC&nbsp;20.6&nbsp;mL,0
33,<b>Dexmedetom&nbsp;65&nbsp;mcg</b><br>0.9% NaC&nbsp;20&nbsp;mL,0
33,<b>Dexmedetom&nbsp;70&nbsp;mcg</b><br>0.9% NaC&nbsp;20&nbsp;mL,0
33,<b>Dexmedetom&nbsp;70&nbsp;mcg</b><br>0.9% NaC&nbsp;20.63&nbsp;mL,0
33,<b>Dexmedetom&nbsp;70&nbsp;mcg</b><br>0.9% NaC&nbsp;20.7&nbsp;mL,0
33,<b>Dexmedetom&nbsp;70&nbsp;mcg</b><br>0.9% NaC&nbsp;25&nbsp;mL,0
33,<b>Dexmedetom&nbsp;70&nbsp;mcg</b><br>0.9% NaC&nbsp;30&nbsp;mL,0
33,<b>Dexmedetom&nbsp;75&nbsp;mcg</b><br>0.9% NaC&nbsp;25&nbsp;mL,0
33,<b>Dexmedetom&nbsp;75&nbsp;mcg</b><br>0.9% NaC&nbsp;55&nbsp;mL,0
33,<b>Dexmedetom&nbsp;8&nbsp;mcg</b><br>0.9% NaC&nbsp;1&nbsp;mL,0
33,<b>Dexmedetom&nbsp;8&nbsp;mcg</b><br>Undilute&nbsp;1&nbsp;mL,0
33,<b>Dexmedetom&nbsp;80&nbsp;mcg</b><br>0.9% NaC&nbsp;100&nbsp;mL,0
33,<b>Dexmedetom&nbsp;80&nbsp;mcg</b><br>0.9% NaC&nbsp;20&nbsp;mL,0
33,<b>Dexmedetom&nbsp;80&nbsp;mcg</b><br>0.9% NaC&nbsp;25&nbsp;mL,0
33,<b>Dexmedetom&nbsp;80&nbsp;mcg</b><br>0.9% NaC&nbsp;60&nbsp;mL,0
33,<b>Dexmedetom&nbsp;80&nbsp;mcg</b><br>Acetar&nbsp;20&nbsp;mL,0
33,<b>Dexmedetom&nbsp;80&nbsp;mcg</b><br>Acetar&nbsp;500&nbsp;mL,0
33,<b>Dexmedetom&nbsp;90&nbsp;mcg</b><br>0.9% NaC&nbsp;25&nbsp;mL,0
33,<b>Dexmedetomidine&nbsp;100&nbsp;mcg</b><br>0.9% NaC&nbsp;20&nbsp;mL,0
33,<b>Dexmedetomidine&nbsp;100&nbsp;mcg</b><br>0.9% NaC&nbsp;25&nbsp;mL,0
33,<b>Dexmedetomidine&nbsp;100&nbsp;mcg</b><br>0.9% NaC&nbsp;26&nbsp;mL,0
33,<b>Dexmedetomidine&nbsp;100&nbsp;mcg</b><br>0.9% NaC&nbsp;50&nbsp;mL,0
33,<b>Dexmedetomidine&nbsp;100&nbsp;mcg</b><br>0.9% NaC&nbsp;52&nbsp;mL,0
33,<b>Dexmedetomidine&nbsp;100&nbsp;mcg</b><br>0.9% NaC&nbsp;98&nbsp;mL,0
33,<b>Dexmedetomidine&nbsp;100&nbsp;mcg</b><br>Undilute&nbsp;20&nbsp;mL,0
33,<b>Dexmedetomidine&nbsp;120&nbsp;mcg</b><br>0.9% NaC&nbsp;30&nbsp;mL,0
33,<b>Dexmedetomidine&nbsp;2&nbsp;mcg</b><br>0.9% NaC&nbsp;50&nbsp;mL,0
33,<b>Dexmedetomidine&nbsp;2&nbsp;mg</b><br>0.9% NaC&nbsp;50&nbsp;mL,0
33,<b>Dexmedetomidine&nbsp;200&nbsp;mcg</b><br>0.9% NaC&nbsp;100&nbsp;mL,0
33,<b>Dexmedetomidine&nbsp;200&nbsp;mcg</b><br>0.9% NaC&nbsp;48&nbsp;mL,0
33,<b>Dexmedetomidine&nbsp;200&nbsp;mcg</b><br>0.9% NaC&nbsp;50&nbsp;mL,0
33,<b>Dexmedetomidine&nbsp;200&nbsp;mcg</b><br>5% D/W&nbsp;50&nbsp;mL,0
33,<b>Dexmedetomidine&nbsp;25&nbsp;mcg</b><br>0.9% NaC&nbsp;100&nbsp;mL,0
33,<b>Dexmedetomidine&nbsp;4&nbsp;mcg</b><br>0.9% NaC&nbsp;50&nbsp;mL,0
33,<b>Dexmedetomidine&nbsp;50&nbsp;mcg</b><br>0.9% NaC&nbsp;20&nbsp;mL,0
33,<b>Dexmedetomidine&nbsp;50&nbsp;mcg</b><br>0.9% NaC&nbsp;20.5&nbsp;mL,0
33,<b>Dexmedetomidine&nbsp;50&nbsp;mcg</b><br>0.9% NaC&nbsp;25&nbsp;mL,0
33,<b>Dexmedetomidine&nbsp;50&nbsp;mcg</b><br>0.9% NaC&nbsp;50&nbsp;mL,0
33,<b>Dexmedetomidine&nbsp;50&nbsp;mg</b><br>0.9% NaC&nbsp;20&nbsp;mL,0
33,<b>Dexmedetomidine&nbsp;60&nbsp;mcg</b><br>0.9% NaC&nbsp;20.6&nbsp;mL,0
15,<b>Dexmedetomidine</b><br>IV,0
15,<b>Diazepam</b><br>IV,0
23,<b>Digoxin</b><br>IV,0
20,<b>Dimenhydrinate</b><br>IV,0
39,<b>Dobutamine&nbsp;10&nbsp;mg</b><br>0.9% NaC&nbsp;20&nbsp;mL,0
39,<b>Dobutamine&nbsp;100&nbsp;mg</b><br>0.9% NaC&nbsp;100&nbsp;mL,0
39,<b>Dobutamine&nbsp;100&nbsp;mg</b><br>0.9% NaC&nbsp;50&nbsp;mL,0
39,<b>Dobutamine&nbsp;100&nbsp;mg</b><br>5% D/W&nbsp;100&nbsp;mL,0
39,<b>Dobutamine&nbsp;100&nbsp;mg</b><br>5% D/W&nbsp;50&nbsp;mL,0
39,<b>Dobutamine&nbsp;100&nbsp;mg</b><br>Sterile&nbsp;50&nbsp;mL,0
39,<b>Dobutamine&nbsp;100&nbsp;mg</b><br>Undilute&nbsp;50&nbsp;mL,0
39,<b>Dobutamine&nbsp;125&nbsp;mg</b><br>Undilute&nbsp;50&nbsp;mL,0
39,<b>Dobutamine&nbsp;130&nbsp;mg</b><br>5% D/W&nbsp;25&nbsp;mL,0
39,<b>Dobutamine&nbsp;2&nbsp;mg</b><br>&nbsp;1&nbsp;mL,0
39,<b>Dobutamine&nbsp;2&nbsp;mg</b><br>0.9% NaC&nbsp;1&nbsp;mL,0
39,<b>Dobutamine&nbsp;2&nbsp;mg</b><br>5% D/W&nbsp;1&nbsp;mL,0
39,<b>Dobutamine&nbsp;20&nbsp;mg</b><br>5% D/W&nbsp;20&nbsp;mL,0
39,<b>Dobutamine&nbsp;200&nbsp;mg</b><br>0.9% NaC&nbsp;100&nbsp;mL,0
39,<b>Dobutamine&nbsp;200&nbsp;mg</b><br>0.9% NaC&nbsp;102&nbsp;mL,0
39,<b>Dobutamine&nbsp;200&nbsp;mg</b><br>0.9% NaC&nbsp;50&nbsp;mL,0
39,<b>Dobutamine&nbsp;200&nbsp;mg</b><br>5% D/W&nbsp;100&nbsp;mL,0
39,<b>Dobutamine&nbsp;200&nbsp;mg</b><br>5% D/W&nbsp;50&nbsp;mL,0
39,<b>Dobutamine&nbsp;200&nbsp;mg</b><br>Undilute&nbsp;100&nbsp;mL,0
39,<b>Dobutamine&nbsp;25&nbsp;mg</b><br>0.9% NaC&nbsp;25&nbsp;mL,0
39,<b>Dobutamine&nbsp;25&nbsp;mg</b><br>5% D/W&nbsp;25&nbsp;mL,0
39,<b>Dobutamine&nbsp;250&nbsp;mg</b><br>0.9% NaC&nbsp;125&nbsp;mL,0
39,<b>Dobutamine&nbsp;250&nbsp;mg</b><br>5% D/W&nbsp;100&nbsp;mL,0
39,<b>Dobutamine&nbsp;250&nbsp;mg</b><br>5% D/W&nbsp;125&nbsp;mL,0
39,<b>Dobutamine&nbsp;250&nbsp;mg</b><br>5% D/W&nbsp;250&nbsp;mL,0
39,<b>Dobutamine&nbsp;4&nbsp;mg</b><br>0.9% NaC&nbsp;1&nbsp;mL,0
39,<b>Dobutamine&nbsp;4&nbsp;mg</b><br>5% D/W&nbsp;250&nbsp;mL,0
39,<b>Dobutamine&nbsp;40&nbsp;mg</b><br>5% D/W&nbsp;25&nbsp;mL,0
39,<b>Dobutamine&nbsp;400&nbsp;mg</b><br>0.9% NaC&nbsp;20&nbsp;mL,0
39,<b>Dobutamine&nbsp;420&nbsp;mg</b><br>0.9% NaC&nbsp;50&nbsp;mL,0
39,<b>Dobutamine&nbsp;50&nbsp;mg</b><br>&nbsp;25&nbsp;mL,0
39,<b>Dobutamine&nbsp;50&nbsp;mg</b><br>0.9% NaC&nbsp;25&nbsp;mL,0
39,<b>Dobutamine&nbsp;50&nbsp;mg</b><br>0.9% NaC&nbsp;50&nbsp;mL,0
39,<b>Dobutamine&nbsp;50&nbsp;mg</b><br>0.9% NaC&nbsp;75&nbsp;mL,0
39,<b>Dobutamine&nbsp;50&nbsp;mg</b><br>5% D/W&nbsp;25&nbsp;mL,0
39,<b>Dobutamine&nbsp;50&nbsp;mg</b><br>5% D/W&nbsp;50&nbsp;mL,0
39,<b>Dobutamine&nbsp;50&nbsp;mg</b><br>Undilute&nbsp;25&nbsp;mL,0
39,<b>Dobutamine&nbsp;500&nbsp;mg</b><br>5% D/W&nbsp;240&nbsp;mL,0
39,<b>Dobutamine&nbsp;80&nbsp;mcg</b><br>5% D/W&nbsp;20&nbsp;mL,0
39,<b>Dobutamine&nbsp;90&nbsp;mg</b><br>5% D/W&nbsp;25&nbsp;mL,0
39,<b>Dopamine&nbsp;1&nbsp;mg</b><br>0.9% NaC&nbsp;1&nbsp;mL,0
39,<b>Dopamine&nbsp;1&nbsp;mg</b><br>Undilute&nbsp;1&nbsp;mL,0
39,<b>Dopamine&nbsp;10&nbsp;mg</b><br>0.9% NaC&nbsp;10&nbsp;mL,0
39,<b>Dopamine&nbsp;10&nbsp;mg</b><br>0.9% NaC&nbsp;50&nbsp;mL,0
39,<b>Dopamine&nbsp;10&nbsp;mg</b><br>5% D/W&nbsp;10&nbsp;mL,0
39,<b>Dopamine&nbsp;100&nbsp;mcg</b><br>5% D/W&nbsp;50&nbsp;mL,0
39,<b>Dopamine&nbsp;100&nbsp;mg</b><br>&nbsp;50&nbsp;mL,0
39,<b>Dopamine&nbsp;100&nbsp;mg</b><br>0.9% NaC&nbsp;100&nbsp;mL,0
39,<b>Dopamine&nbsp;100&nbsp;mg</b><br>0.9% NaC&nbsp;110&nbsp;mL,0
39,<b>Dopamine&nbsp;100&nbsp;mg</b><br>0.9% NaC&nbsp;150&nbsp;mL,0
39,<b>Dopamine&nbsp;100&nbsp;mg</b><br>0.9% NaC&nbsp;50&nbsp;mL,0
39,<b>Dopamine&nbsp;100&nbsp;mg</b><br>0.9% NaC&nbsp;55&nbsp;mL,0
39,<b>Dopamine&nbsp;100&nbsp;mg</b><br>5% D/W&nbsp;100&nbsp;mL,0
39,<b>Dopamine&nbsp;100&nbsp;mg</b><br>5% D/W&nbsp;50&nbsp;mL,0
39,<b>Dopamine&nbsp;100&nbsp;mg</b><br>5% D/W&nbsp;60&nbsp;mL,0
39,<b>Dopamine&nbsp;1000&nbsp;mg</b><br>0.9% NaC&nbsp;500&nbsp;mL,0
39,<b>Dopamine&nbsp;1000&nbsp;mg</b><br>5% D/W&nbsp;500&nbsp;mL,0
39,<b>Dopamine&nbsp;150&nbsp;mg</b><br>0.9% NaC&nbsp;25&nbsp;mL,0
39,<b>Dopamine&nbsp;150&nbsp;mg</b><br>0.9% NaC&nbsp;50&nbsp;mL,0
39,<b>Dopamine&nbsp;2&nbsp;mg</b><br>&nbsp;1&nbsp;mL,0
39,<b>Dopamine&nbsp;2&nbsp;mg</b><br>0.9% NaC&nbsp;1&nbsp;mL,0
39,<b>Dopamine&nbsp;2&nbsp;mg</b><br>0.9% NaC&nbsp;2&nbsp;mL,0
39,<b>Dopamine&nbsp;2&nbsp;mg</b><br>5% D/W&nbsp;1&nbsp;mL,0
39,<b>Dopamine&nbsp;2&nbsp;mg</b><br>Undilute&nbsp;1&nbsp;mL,0
39,<b>Dopamine&nbsp;20&nbsp;mcg</b><br>0.9% NaC&nbsp;100&nbsp;mL,0
39,<b>Dopamine&nbsp;20&nbsp;mg</b><br>0.9% NaC&nbsp;10&nbsp;mL,0
39,<b>Dopamine&nbsp;20&nbsp;mg</b><br>0.9% NaC&nbsp;20&nbsp;mL,0
39,<b>Dopamine&nbsp;20&nbsp;mg</b><br>0.9% NaC&nbsp;50&nbsp;mL,0
39,<b>Dopamine&nbsp;20&nbsp;mg</b><br>5% D/W&nbsp;20&nbsp;mL,0
39,<b>Dopamine&nbsp;200&nbsp;mg</b><br>0.9% NaC&nbsp;100&nbsp;mL,0
39,<b>Dopamine&nbsp;200&nbsp;mg</b><br>0.9% NaC&nbsp;200&nbsp;mL,0
39,<b>Dopamine&nbsp;200&nbsp;mg</b><br>0.9% NaC&nbsp;50&nbsp;mL,0
39,<b>Dopamine&nbsp;200&nbsp;mg</b><br>5% D/W&nbsp;100&nbsp;mL,0
39,<b>Dopamine&nbsp;200&nbsp;mg</b><br>5% D/W&nbsp;102&nbsp;mL,0
39,<b>Dopamine&nbsp;200&nbsp;mg</b><br>5% D/W&nbsp;104&nbsp;mL,0
39,<b>Dopamine&nbsp;200&nbsp;mg</b><br>5% D/W&nbsp;200&nbsp;mL,0
39,<b>Dopamine&nbsp;22&nbsp;mg</b><br>5% D/W&nbsp;25&nbsp;mL,0
39,<b>Dopamine&nbsp;25&nbsp;mg</b><br>0.9% NaC&nbsp;25&nbsp;mL,0
39,<b>Dopamine&nbsp;25&nbsp;mg</b><br>0.9% NaC&nbsp;50&nbsp;mL,0
39,<b>Dopamine&nbsp;25&nbsp;mg</b><br>5% D/W&nbsp;25&nbsp;mL,0
39,<b>Dopamine&nbsp;25&nbsp;mg</b><br>Acetar&nbsp;27&nbsp;mL,0
39,<b>Dopamine&nbsp;250&nbsp;mg</b><br>5% D/W&nbsp;125&nbsp;mL,0
39,<b>Dopamine&nbsp;30&nbsp;mg</b><br>0.9% NaC&nbsp;20&nbsp;mL,0
39,<b>Dopamine&nbsp;30&nbsp;mg</b><br>5% D/W&nbsp;25&nbsp;mL,0
39,<b>Dopamine&nbsp;34&nbsp;mg</b><br>5% D/W&nbsp;23.4&nbsp;mL,0
39,<b>Dopamine&nbsp;36&nbsp;mg</b><br>5% D/W&nbsp;25&nbsp;mL,0
39,<b>Dopamine&nbsp;40&nbsp;mg</b><br>0.9% NaC&nbsp;20&nbsp;mL,0
39,<b>Dopamine&nbsp;40&nbsp;mg</b><br>0.9% NaC&nbsp;40&nbsp;mL,0
39,<b>Dopamine&nbsp;40&nbsp;mg</b><br>5% D/W&nbsp;20&nbsp;mL,0
39,<b>Dopamine&nbsp;40&nbsp;mg</b><br>5% D/W&nbsp;25&nbsp;mL,0
39,<b>Dopamine&nbsp;40&nbsp;mg</b><br>5% D/W&nbsp;80&nbsp;mL,0
39,<b>Dopamine&nbsp;400&nbsp;mg</b><br>0.9% NaC&nbsp;100&nbsp;mL,0
39,<b>Dopamine&nbsp;400&nbsp;mg</b><br>0.9% NaC&nbsp;200&nbsp;mL,0
39,<b>Dopamine&nbsp;400&nbsp;mg</b><br>5% D/W&nbsp;100&nbsp;mL,0
39,<b>Dopamine&nbsp;400&nbsp;mg</b><br>5% D/W&nbsp;200&nbsp;mL,0
39,<b>Dopamine&nbsp;5&nbsp;mg</b><br>0.9% NaC&nbsp;25&nbsp;mL,0
39,<b>Dopamine&nbsp;50&nbsp;mcg</b><br>0.9% NaC&nbsp;50&nbsp;mL,0
39,<b>Dopamine&nbsp;50&nbsp;mg</b><br>&nbsp;100&nbsp;mL,0
39,<b>Dopamine&nbsp;50&nbsp;mg</b><br>&nbsp;25&nbsp;mL,0
39,<b>Dopamine&nbsp;50&nbsp;mg</b><br>&nbsp;50&nbsp;mL,0
39,<b>Dopamine&nbsp;50&nbsp;mg</b><br>0.9% NaC&nbsp;100&nbsp;mL,0
39,<b>Dopamine&nbsp;50&nbsp;mg</b><br>0.9% NaC&nbsp;20&nbsp;mL,0
39,<b>Dopamine&nbsp;50&nbsp;mg</b><br>0.9% NaC&nbsp;24&nbsp;mL,0
39,<b>Dopamine&nbsp;50&nbsp;mg</b><br>0.9% NaC&nbsp;25&nbsp;mL,0
39,<b>Dopamine&nbsp;50&nbsp;mg</b><br>0.9% NaC&nbsp;30&nbsp;mL,0
39,<b>Dopamine&nbsp;50&nbsp;mg</b><br>0.9% NaC&nbsp;50&nbsp;mL,0
39,<b>Dopamine&nbsp;50&nbsp;mg</b><br>0.9% NaC&nbsp;505&nbsp;mL,0
39,<b>Dopamine&nbsp;50&nbsp;mg</b><br>0.9% NaC&nbsp;52.5&nbsp;mL,0
39,<b>Dopamine&nbsp;50&nbsp;mg</b><br>0.9% NaC&nbsp;55&nbsp;mL,0
39,<b>Dopamine&nbsp;50&nbsp;mg</b><br>0.9% NaC&nbsp;80&nbsp;mL,0
39,<b>Dopamine&nbsp;50&nbsp;mg</b><br>0.9% NaC&nbsp;95&nbsp;mL,0
39,<b>Dopamine&nbsp;50&nbsp;mg</b><br>0.9% NaC&nbsp;97.5&nbsp;mL,0
39,<b>Dopamine&nbsp;50&nbsp;mg</b><br>5% D/N/2&nbsp;50&nbsp;mL,0
39,<b>Dopamine&nbsp;50&nbsp;mg</b><br>5% D/NSS&nbsp;25&nbsp;mL,0
39,<b>Dopamine&nbsp;50&nbsp;mg</b><br>5% D/NSS&nbsp;50&nbsp;mL,0
39,<b>Dopamine&nbsp;50&nbsp;mg</b><br>5% D/W&nbsp;100&nbsp;mL,0
39,<b>Dopamine&nbsp;50&nbsp;mg</b><br>5% D/W&nbsp;25&nbsp;mL,0
39,<b>Dopamine&nbsp;50&nbsp;mg</b><br>5% D/W&nbsp;45&nbsp;mL,0
39,<b>Dopamine&nbsp;50&nbsp;mg</b><br>5% D/W&nbsp;50&nbsp;mL,0
39,<b>Dopamine&nbsp;50&nbsp;mg</b><br>5% D/W&nbsp;55&nbsp;mL,0
39,<b>Dopamine&nbsp;50&nbsp;mg</b><br>5% D/W&nbsp;90&nbsp;mL,0
39,<b>Dopamine&nbsp;50&nbsp;mg</b><br>Sterile&nbsp;50&nbsp;mL,0
39,<b>Dopamine&nbsp;50&nbsp;mg</b><br>Undilute&nbsp;25&nbsp;mL,0
39,<b>Dopamine&nbsp;50&nbsp;mg</b><br>Undilute&nbsp;45&nbsp;mL,0
39,<b>Dopamine&nbsp;500&nbsp;mg</b><br>0.9% NaC&nbsp;250&nbsp;mL,0
39,<b>Dopamine&nbsp;500&nbsp;mg</b><br>5% D/W&nbsp;250&nbsp;mL,0
39,<b>Dopamine&nbsp;600&nbsp;mg</b><br>0.9% NaC&nbsp;300&nbsp;mL,0
39,<b>Dopamine&nbsp;80&nbsp;mg</b><br>0.9% NaC&nbsp;40&nbsp;mL,0
39,<b>Dopamine&nbsp;80&nbsp;mg</b><br>5% D/W&nbsp;17&nbsp;mL,0
28,<b>Duratocin</b><br>,0
28,<b>Duratocin</b><br>IV,0
21,<b>Ephedrine</b><br>,0
21,<b>Ephedrine</b><br>Epidural,0
21,<b>Ephedrine</b><br>IM,0
21,<b>Ephedrine</b><br>Intranasal,0
21,<b>Ephedrine</b><br>IV,0
21,<b>Ephedrine</b><br>Local infiltration,0
39,<b>Epinephrine&nbsp;0.2&nbsp;mg</b><br>0.9% NaC&nbsp;20&nbsp;mL,0
39,<b>Epinephrine&nbsp;0.2&nbsp;mg</b><br>5% D/W&nbsp;25&nbsp;mL,0
39,<b>Epinephrine&nbsp;0.25&nbsp;mg</b><br>0.9% NaC&nbsp;25&nbsp;mL,0
39,<b>Epinephrine&nbsp;0.4&nbsp;mg</b><br>0.9% NaC&nbsp;20&nbsp;mL,0
39,<b>Epinephrine&nbsp;0.4&nbsp;mg</b><br>5% D/W&nbsp;25&nbsp;mL,0
39,<b>Epinephrine&nbsp;0.5&nbsp;mg</b><br>5% D/W&nbsp;20&nbsp;mL,0
39,<b>Epinephrine&nbsp;0.8&nbsp;mg</b><br>0.9% NaC&nbsp;25&nbsp;mL,0
39,<b>Epinephrine&nbsp;0.9&nbsp;mg</b><br>Undilute&nbsp;10&nbsp;mL,0
39,<b>Epinephrine&nbsp;1&nbsp;g</b><br>5% D/W&nbsp;100&nbsp;mL,0
39,<b>Epinephrine&nbsp;1&nbsp;mg</b><br>0.9% NaC&nbsp;1&nbsp;mL,0
39,<b>Epinephrine&nbsp;1&nbsp;mg</b><br>0.9% NaC&nbsp;10&nbsp;mL,0
39,<b>Epinephrine&nbsp;1&nbsp;mg</b><br>0.9% NaC&nbsp;100&nbsp;mL,0
39,<b>Epinephrine&nbsp;1&nbsp;mg</b><br>0.9% NaC&nbsp;11&nbsp;mL,0
39,<b>Epinephrine&nbsp;1&nbsp;mg</b><br>0.9% NaC&nbsp;20&nbsp;mL,0
39,<b>Epinephrine&nbsp;1&nbsp;mg</b><br>0.9% NaC&nbsp;21&nbsp;mL,0
39,<b>Epinephrine&nbsp;1&nbsp;mg</b><br>0.9% NaC&nbsp;25&nbsp;mL,0
39,<b>Epinephrine&nbsp;1&nbsp;mg</b><br>0.9% NaC&nbsp;40&nbsp;mL,0
39,<b>Epinephrine&nbsp;1&nbsp;mg</b><br>0.9% NaC&nbsp;5&nbsp;mL,0
39,<b>Epinephrine&nbsp;1&nbsp;mg</b><br>0.9% NaC&nbsp;50&nbsp;mL,0
39,<b>Epinephrine&nbsp;1&nbsp;mg</b><br>5% D/NSS&nbsp;100&nbsp;mL,0
39,<b>Epinephrine&nbsp;1&nbsp;mg</b><br>5% D/W&nbsp;10&nbsp;mL,0
39,<b>Epinephrine&nbsp;1&nbsp;mg</b><br>5% D/W&nbsp;100&nbsp;mL,0
39,<b>Epinephrine&nbsp;1&nbsp;mg</b><br>5% D/W&nbsp;20&nbsp;mL,0
39,<b>Epinephrine&nbsp;1&nbsp;mg</b><br>5% D/W&nbsp;48&nbsp;mL,0
39,<b>Epinephrine&nbsp;1.2&nbsp;mg</b><br>5% D/W&nbsp;50&nbsp;mL,0
39,<b>Epinephrine&nbsp;1.25&nbsp;mg</b><br>0.9% NaC&nbsp;26.25&nbsp;mL,0
39,<b>Epinephrine&nbsp;10&nbsp;mcg</b><br>0.9% NaC&nbsp;100&nbsp;mL,0
39,<b>Epinephrine&nbsp;10&nbsp;mcg</b><br>0.9% NaC&nbsp;110&nbsp;mL,0
39,<b>Epinephrine&nbsp;10&nbsp;mg</b><br>&nbsp;100&nbsp;mL,0
39,<b>Epinephrine&nbsp;10&nbsp;mg</b><br>0.9% NaC&nbsp;100&nbsp;mL,0
39,<b>Epinephrine&nbsp;10&nbsp;mg</b><br>0.9% NaC&nbsp;110&nbsp;mL,0
39,<b>Epinephrine&nbsp;10&nbsp;mg</b><br>0.9% NaC&nbsp;200&nbsp;mL,0
39,<b>Epinephrine&nbsp;10&nbsp;mg</b><br>0.9% NaC&nbsp;50&nbsp;mL,0
39,<b>Epinephrine&nbsp;10&nbsp;mg</b><br>5% D/N/2&nbsp;100&nbsp;mL,0
39,<b>Epinephrine&nbsp;10&nbsp;mg</b><br>5% D/W&nbsp;100&nbsp;mL,0
39,<b>Epinephrine&nbsp;10&nbsp;mg</b><br>5% D/W&nbsp;110&nbsp;mL,0
39,<b>Epinephrine&nbsp;10&nbsp;mg</b><br>5% D/W&nbsp;50&nbsp;mL,0
39,<b>Epinephrine&nbsp;10&nbsp;mg</b><br>Undilute&nbsp;200&nbsp;mL,0
39,<b>Epinephrine&nbsp;100&nbsp;mcg</b><br>0.9% NaC&nbsp;1&nbsp;mL,0
39,<b>Epinephrine&nbsp;100&nbsp;mcg</b><br>0.9% NaC&nbsp;10&nbsp;mL,0
39,<b>Epinephrine&nbsp;100&nbsp;mcg</b><br>Acetar&nbsp;1&nbsp;mL,0
39,<b>Epinephrine&nbsp;100&nbsp;mg</b><br>0.9% NaC&nbsp;100&nbsp;mL,0
39,<b>Epinephrine&nbsp;1000&nbsp;mcg</b><br>0.9% NaC&nbsp;20&nbsp;mL,0
39,<b>Epinephrine&nbsp;1000&nbsp;mg</b><br>0.9% NaC&nbsp;100&nbsp;mL,0
39,<b>Epinephrine&nbsp;10000&nbsp;mcg</b><br>0.9% NaC&nbsp;100&nbsp;mL,0
39,<b>Epinephrine&nbsp;11&nbsp;mg</b><br>0.9% NaC&nbsp;110&nbsp;mL,0
39,<b>Epinephrine&nbsp;12&nbsp;mg</b><br>5% D/W&nbsp;120&nbsp;mL,0
39,<b>Epinephrine&nbsp;16&nbsp;mcg</b><br>0.9% NaC&nbsp;1&nbsp;mL,0
39,<b>Epinephrine&nbsp;2&nbsp;g</b><br>0.9% NaC&nbsp;20&nbsp;mL,0
39,<b>Epinephrine&nbsp;2&nbsp;mg</b><br>&nbsp;20&nbsp;mL,0
39,<b>Epinephrine&nbsp;2&nbsp;mg</b><br>0.9% NaC&nbsp;20&nbsp;mL,0
39,<b>Epinephrine&nbsp;2&nbsp;mg</b><br>0.9% NaC&nbsp;22&nbsp;mL,0
39,<b>Epinephrine&nbsp;2&nbsp;mg</b><br>0.9% NaC&nbsp;25&nbsp;mL,0
39,<b>Epinephrine&nbsp;2&nbsp;mg</b><br>0.9% NaC&nbsp;40&nbsp;mL,0
39,<b>Epinephrine&nbsp;2&nbsp;mg</b><br>0.9% NaC&nbsp;50&nbsp;mL,0
39,<b>Epinephrine&nbsp;2&nbsp;mg</b><br>5% D/N/2&nbsp;20&nbsp;mL,0
39,<b>Epinephrine&nbsp;2&nbsp;mg</b><br>5% D/W&nbsp;12.5&nbsp;mL,0
39,<b>Epinephrine&nbsp;2&nbsp;mg</b><br>5% D/W&nbsp;20&nbsp;mL,0
39,<b>Epinephrine&nbsp;2&nbsp;mg</b><br>5% D/W&nbsp;25&nbsp;mL,0
39,<b>Epinephrine&nbsp;2&nbsp;mg</b><br>5% D/W&nbsp;50&nbsp;mL,0
39,<b>Epinephrine&nbsp;2&nbsp;mg</b><br>Sterile&nbsp;20&nbsp;mL,0
39,<b>Epinephrine&nbsp;20&nbsp;mg</b><br>5% D/W&nbsp;120&nbsp;mL,0
39,<b>Epinephrine&nbsp;20&nbsp;mg</b><br>5% D/W&nbsp;202&nbsp;mL,0
39,<b>Epinephrine&nbsp;200&nbsp;mcg</b><br>0.9% NaC&nbsp;1&nbsp;mL,0
39,<b>Epinephrine&nbsp;200&nbsp;mcg</b><br>Undilute&nbsp;2&nbsp;mL,0
39,<b>Epinephrine&nbsp;200&nbsp;mg</b><br>0.9% NaC&nbsp;100&nbsp;mL,0
39,<b>Epinephrine&nbsp;2000&nbsp;mcg</b><br>0.9% NaC&nbsp;20&nbsp;mL,0
39,<b>Epinephrine&nbsp;2000&nbsp;mcg</b><br>0.9% NaC&nbsp;50&nbsp;mL,0
39,<b>Epinephrine&nbsp;2000&nbsp;mg</b><br>0.9% NaC&nbsp;20&nbsp;mL,0
39,<b>Epinephrine&nbsp;25&nbsp;mg</b><br>5% D/W&nbsp;250&nbsp;mL,0
39,<b>Epinephrine&nbsp;3&nbsp;mg</b><br>0.9% NaC&nbsp;15&nbsp;mL,0
39,<b>Epinephrine&nbsp;3&nbsp;mg</b><br>0.9% NaC&nbsp;25&nbsp;mL,0
39,<b>Epinephrine&nbsp;3&nbsp;mg</b><br>0.9% NaC&nbsp;50&nbsp;mL,0
39,<b>Epinephrine&nbsp;3&nbsp;mg</b><br>5% D/W&nbsp;25&nbsp;mL,0
39,<b>Epinephrine&nbsp;3&nbsp;mg</b><br>5% D/W&nbsp;50&nbsp;mL,0
39,<b>Epinephrine&nbsp;4&nbsp;mcg</b><br>0.9% NaC&nbsp;1&nbsp;mL,0
39,<b>Epinephrine&nbsp;4&nbsp;mg</b><br>0.9% NaC&nbsp;100&nbsp;mL,0
39,<b>Epinephrine&nbsp;4&nbsp;mg</b><br>0.9% NaC&nbsp;50&nbsp;mL,0
39,<b>Epinephrine&nbsp;4&nbsp;mg</b><br>5% D/W&nbsp;100&nbsp;mL,0
39,<b>Epinephrine&nbsp;4&nbsp;mg</b><br>5% D/W&nbsp;250&nbsp;mL,0
39,<b>Epinephrine&nbsp;400&nbsp;mcg</b><br>0.9% NaC&nbsp;20&nbsp;mL,0
39,<b>Epinephrine&nbsp;5&nbsp;g</b><br>0.9% NaC&nbsp;50&nbsp;mL,0
39,<b>Epinephrine&nbsp;5&nbsp;mg</b><br>0.9% NaC&nbsp;45&nbsp;mL,0
39,<b>Epinephrine&nbsp;5&nbsp;mg</b><br>0.9% NaC&nbsp;50&nbsp;mL,0
39,<b>Epinephrine&nbsp;5&nbsp;mg</b><br>0.9% NaC&nbsp;500&nbsp;mL,0
39,<b>Epinephrine&nbsp;5&nbsp;mg</b><br>0.9% NaC&nbsp;55&nbsp;mL,0
39,<b>Epinephrine&nbsp;5&nbsp;mg</b><br>5% D/W&nbsp;50&nbsp;mL,0
39,<b>Epinephrine&nbsp;50&nbsp;mg</b><br>0.9% NaC&nbsp;500&nbsp;mL,0
39,<b>Epinephrine&nbsp;50&nbsp;mg</b><br>5% D/W&nbsp;500&nbsp;mL,0
39,<b>Epinephrine&nbsp;500&nbsp;mcg</b><br>0.9% NaC&nbsp;20&nbsp;mL,0
39,<b>Epinephrine&nbsp;5000&nbsp;mcg</b><br>0.9% NaC&nbsp;50&nbsp;mL,0
39,<b>Epinephrine&nbsp;6&nbsp;mg</b><br>0.9% NaC&nbsp;100&nbsp;mL,0
39,<b>Epinephrine&nbsp;8&nbsp;mg</b><br>0.9% NaC&nbsp;100&nbsp;mL,0
39,<b>Epinephrine&nbsp;800&nbsp;mcg</b><br>0.9% NaC&nbsp;20&nbsp;mL,0
39,<b>Epinephrine&nbsp;800&nbsp;mcg</b><br>5% D/W&nbsp;20&nbsp;mL,0
21,<b>Epinephrine</b><br>,0
21,<b>Epinephrine</b><br>Caudal,0
21,<b>Epinephrine</b><br>Epidural,0
21,<b>Epinephrine</b><br>Eye Drop,0
21,<b>Epinephrine</b><br>IM,0
21,<b>Epinephrine</b><br>Intranasal,0
21,<b>Epinephrine</b><br>IV,0
21,<b>Epinephrine</b><br>Local infiltration,0
21,<b>Epinephrine</b><br>Nebulisation,0
21,<b>Epinephrine</b><br>PNB,0
21,<b>Epinephrine</b><br>SC,0
9,<b>Ertapenem Na</b><br>IV,0
55,<b>Ertapenem&nbsp;1&nbsp;g</b><br>0.9% NaC&nbsp;200&nbsp;mL,0
38,<b>Esmolol&nbsp;1&nbsp;g</b><br>0.9% NaC&nbsp;100&nbsp;mL,0
38,<b>Esmolol&nbsp;10&nbsp;mg</b><br>0.9% NaC&nbsp;1&nbsp;mL,0
38,<b>Esmolol&nbsp;10&nbsp;mg</b><br>0.9% NaC&nbsp;20&nbsp;mL,0
38,<b>Esmolol&nbsp;100&nbsp;mg</b><br>0.9% NaC&nbsp;10&nbsp;mL,0
38,<b>Esmolol&nbsp;100&nbsp;mg</b><br>0.9% NaC&nbsp;100&nbsp;mL,0
38,<b>Esmolol&nbsp;100&nbsp;mg</b><br>0.9% NaC&nbsp;20&nbsp;mL,0
38,<b>Esmolol&nbsp;100&nbsp;mg</b><br>0.9% NaC&nbsp;50&nbsp;mL,0
38,<b>Esmolol&nbsp;100&nbsp;mg</b><br>5% D/W&nbsp;20&nbsp;mL,0
38,<b>Esmolol&nbsp;100&nbsp;mg</b><br>Undilute&nbsp;10&nbsp;mL,0
38,<b>Esmolol&nbsp;100&nbsp;mg</b><br>Undilute&nbsp;20&nbsp;mL,0
38,<b>Esmolol&nbsp;1000&nbsp;mg</b><br>0.9% NaC&nbsp;100&nbsp;mL,0
38,<b>Esmolol&nbsp;1000&nbsp;mg</b><br>0.9% NaC&nbsp;1000&nbsp;mL,0
38,<b>Esmolol&nbsp;1000&nbsp;mg</b><br>0.9% NaC&nbsp;200&nbsp;mL,0
38,<b>Esmolol&nbsp;120&nbsp;mg</b><br>Undilute&nbsp;12&nbsp;mL,0
38,<b>Esmolol&nbsp;200&nbsp;mg</b><br>0.9% NaC&nbsp;20&nbsp;mL,0
38,<b>Esmolol&nbsp;200&nbsp;mg</b><br>0.9% NaC&nbsp;50&nbsp;mL,0
38,<b>Esmolol&nbsp;200&nbsp;mg</b><br>Undilute&nbsp;20&nbsp;mL,0
38,<b>Esmolol&nbsp;25&nbsp;mg</b><br>0.9% NaC&nbsp;10&nbsp;mL,0
38,<b>Esmolol&nbsp;25&nbsp;mg</b><br>0.9% NaC&nbsp;25&nbsp;mL,0
38,<b>Esmolol&nbsp;250&nbsp;mg</b><br>0.9% NaC&nbsp;50&nbsp;mL,0
38,<b>Esmolol&nbsp;300&nbsp;mg</b><br>0.9% NaC&nbsp;30&nbsp;mL,0
38,<b>Esmolol&nbsp;300&nbsp;mg</b><br>0.9% NaC&nbsp;60&nbsp;mL,0
38,<b>Esmolol&nbsp;40&nbsp;mg</b><br>0.9% NaC&nbsp;20&nbsp;mL,0
38,<b>Esmolol&nbsp;40&nbsp;mg</b><br>0.9% NaC&nbsp;8&nbsp;mL,0
38,<b>Esmolol&nbsp;5&nbsp;mg</b><br>0.9% NaC&nbsp;1&nbsp;mL,0
38,<b>Esmolol&nbsp;5&nbsp;mg</b><br>Undilute&nbsp;1&nbsp;mL,0
38,<b>Esmolol&nbsp;50&nbsp;mg</b><br>0.9% NaC&nbsp;10&nbsp;mL,0
38,<b>Esmolol&nbsp;50&nbsp;mg</b><br>0.9% NaC&nbsp;15&nbsp;mL,0
38,<b>Esmolol&nbsp;50&nbsp;mg</b><br>0.9% NaC&nbsp;25&nbsp;mL,0
38,<b>Esmolol&nbsp;50&nbsp;mg</b><br>0.9% NaC&nbsp;50&nbsp;mL,0
38,<b>Esmolol&nbsp;50&nbsp;mg</b><br>5% D/W&nbsp;10&nbsp;mL,0
38,<b>Esmolol&nbsp;500&nbsp;mg</b><br>0.9% NaC&nbsp;100&nbsp;mL,0
38,<b>Esmolol&nbsp;500&nbsp;mg</b><br>0.9% NaC&nbsp;101&nbsp;mL,0
38,<b>Esmolol&nbsp;500&nbsp;mg</b><br>0.9% NaC&nbsp;50&nbsp;mL,0
38,<b>Esmolol&nbsp;500&nbsp;mg</b><br>5% D/W&nbsp;100&nbsp;mL,0
38,<b>Esmolol&nbsp;500&nbsp;mg</b><br>5% D/W&nbsp;50&nbsp;mL,0
38,<b>Esmolol&nbsp;500&nbsp;mg</b><br>Undilute&nbsp;50&nbsp;mL,0
38,<b>Esmolol&nbsp;60&nbsp;mg</b><br>0.9% NaC&nbsp;12&nbsp;mL,0
38,<b>Esmolol&nbsp;600&nbsp;mg</b><br>0.9% NaC&nbsp;120&nbsp;mL,0
38,<b>Esmolol&nbsp;75&nbsp;mg</b><br>0.9% NaC&nbsp;15&nbsp;mL,0
22,<b>Esmolol</b><br>IV,0
28,<b>Esomeprazole</b><br>,0
28,<b>Esomeprazole</b><br>IV,0
15,<b>Etomidate</b><br>IV,0
30,<b>Etoricoxib</b>,0
28,<b>Factor VIIa</b><br>IV,0
35,<b>Fentanyl&nbsp;1&nbsp;mg</b><br>Undilute&nbsp;1&nbsp;mL<br>IV,0
35,<b>Fentanyl&nbsp;10&nbsp;mcg</b><br>&nbsp;1&nbsp;mL<br>,0
35,<b>Fentanyl&nbsp;10&nbsp;mcg</b><br>&nbsp;1&nbsp;mL<br>IV,0
35,<b>Fentanyl&nbsp;10&nbsp;mcg</b><br>0.9% NaC&nbsp;1&nbsp;mL<br>,0
35,<b>Fentanyl&nbsp;10&nbsp;mcg</b><br>0.9% NaC&nbsp;1&nbsp;mL<br>IV,0
35,<b>Fentanyl&nbsp;10&nbsp;mcg</b><br>0.9% NaC&nbsp;10&nbsp;mL<br>IV,0
35,<b>Fentanyl&nbsp;10&nbsp;mcg</b><br>0.9% NaC&nbsp;20&nbsp;mL<br>IV,0
35,<b>Fentanyl&nbsp;10&nbsp;mcg</b><br>0.9% NaC&nbsp;50&nbsp;mL<br>IV,0
35,<b>Fentanyl&nbsp;10&nbsp;mcg</b><br>Acetar&nbsp;1&nbsp;mL<br>IV,0
35,<b>Fentanyl&nbsp;10&nbsp;mcg</b><br>Undilute&nbsp;1&nbsp;mL<br>,0
35,<b>Fentanyl&nbsp;10&nbsp;mcg</b><br>Undilute&nbsp;1&nbsp;mL<br>IV,0
35,<b>Fentanyl&nbsp;10&nbsp;mg</b><br>0.9% NaC&nbsp;1&nbsp;mL<br>IV,0
35,<b>Fentanyl&nbsp;100&nbsp;mcg</b><br>&nbsp;20&nbsp;mL<br>IV,0
35,<b>Fentanyl&nbsp;100&nbsp;mcg</b><br>&nbsp;50&nbsp;mL<br>,0
35,<b>Fentanyl&nbsp;100&nbsp;mcg</b><br>&nbsp;50&nbsp;mL<br>Epidural,0
35,<b>Fentanyl&nbsp;100&nbsp;mcg</b><br>0.9% NaC&nbsp;10&nbsp;mL<br>,0
35,<b>Fentanyl&nbsp;100&nbsp;mcg</b><br>0.9% NaC&nbsp;10&nbsp;mL<br>Epidural,0
35,<b>Fentanyl&nbsp;100&nbsp;mcg</b><br>0.9% NaC&nbsp;10&nbsp;mL<br>IV,0
35,<b>Fentanyl&nbsp;100&nbsp;mcg</b><br>0.9% NaC&nbsp;100&nbsp;mL<br>IV,0
35,<b>Fentanyl&nbsp;100&nbsp;mcg</b><br>0.9% NaC&nbsp;12&nbsp;mL<br>IV,0
35,<b>Fentanyl&nbsp;100&nbsp;mcg</b><br>0.9% NaC&nbsp;20&nbsp;mL<br>,0
35,<b>Fentanyl&nbsp;100&nbsp;mcg</b><br>0.9% NaC&nbsp;20&nbsp;mL<br>Epidural,0
35,<b>Fentanyl&nbsp;100&nbsp;mcg</b><br>0.9% NaC&nbsp;20&nbsp;mL<br>IV,0
35,<b>Fentanyl&nbsp;100&nbsp;mcg</b><br>0.9% NaC&nbsp;22&nbsp;mL<br>Epidural,0
35,<b>Fentanyl&nbsp;100&nbsp;mcg</b><br>0.9% NaC&nbsp;25&nbsp;mL<br>Epidural,0
35,<b>Fentanyl&nbsp;100&nbsp;mcg</b><br>0.9% NaC&nbsp;25&nbsp;mL<br>IV,0
35,<b>Fentanyl&nbsp;100&nbsp;mcg</b><br>0.9% NaC&nbsp;40&nbsp;mL<br>Epidural,0
35,<b>Fentanyl&nbsp;100&nbsp;mcg</b><br>0.9% NaC&nbsp;49&nbsp;mL<br>IV,0
35,<b>Fentanyl&nbsp;100&nbsp;mcg</b><br>0.9% NaC&nbsp;50&nbsp;mL<br>,0
35,<b>Fentanyl&nbsp;100&nbsp;mcg</b><br>0.9% NaC&nbsp;50&nbsp;mL<br>Epidural,0
35,<b>Fentanyl&nbsp;100&nbsp;mcg</b><br>0.9% NaC&nbsp;50&nbsp;mL<br>IV,0
35,<b>Fentanyl&nbsp;100&nbsp;mcg</b><br>0.9% NaC&nbsp;8&nbsp;mL<br>IV,0
35,<b>Fentanyl&nbsp;100&nbsp;mcg</b><br>0.9% NaC&nbsp;87&nbsp;mL<br>IV,0
35,<b>Fentanyl&nbsp;100&nbsp;mcg</b><br>0.9% NaC&nbsp;98&nbsp;mL<br>Epidural,0
35,<b>Fentanyl&nbsp;100&nbsp;mcg</b><br>5% D/W&nbsp;10&nbsp;mL<br>,0
35,<b>Fentanyl&nbsp;100&nbsp;mcg</b><br>5% D/W&nbsp;10&nbsp;mL<br>IV,0
35,<b>Fentanyl&nbsp;100&nbsp;mcg</b><br>Undilute&nbsp;10&nbsp;mL<br>,0
35,<b>Fentanyl&nbsp;100&nbsp;mcg</b><br>Undilute&nbsp;10&nbsp;mL<br>IV,0
35,<b>Fentanyl&nbsp;100&nbsp;mcg</b><br>Undilute&nbsp;20&nbsp;mL<br>IV,0
35,<b>Fentanyl&nbsp;100&nbsp;mg</b><br>0.9% NaC&nbsp;10&nbsp;mL<br>IV,0
35,<b>Fentanyl&nbsp;100&nbsp;ng</b><br>0.9% NaC&nbsp;10&nbsp;mL<br>IV,0
35,<b>Fentanyl&nbsp;1000&nbsp;mcg</b><br>0.9% NaC&nbsp;100&nbsp;mL<br>,0
35,<b>Fentanyl&nbsp;1000&nbsp;mcg</b><br>0.9% NaC&nbsp;100&nbsp;mL<br>IV,0
35,<b>Fentanyl&nbsp;1000&nbsp;mcg</b><br>0.9% NaC&nbsp;1000&nbsp;mL<br>,0
35,<b>Fentanyl&nbsp;1000&nbsp;mcg</b><br>0.9% NaC&nbsp;50&nbsp;mL<br>,0
35,<b>Fentanyl&nbsp;1000&nbsp;mcg</b><br>0.9% NaC&nbsp;50&nbsp;mL<br>IV,0
35,<b>Fentanyl&nbsp;1000&nbsp;mcg</b><br>0.9% NaC&nbsp;60&nbsp;mL<br>IV,0
35,<b>Fentanyl&nbsp;1000&nbsp;mcg</b><br>5% D/W&nbsp;100&nbsp;mL<br>,0
35,<b>Fentanyl&nbsp;1000&nbsp;mcg</b><br>5% D/W&nbsp;100&nbsp;mL<br>IV,0
35,<b>Fentanyl&nbsp;1000&nbsp;mcg</b><br>Undilute&nbsp;100&nbsp;mL<br>IV,0
35,<b>Fentanyl&nbsp;1000&nbsp;mcg</b><br>Undilute&nbsp;20&nbsp;mL<br>IV,0
35,<b>Fentanyl&nbsp;1100&nbsp;mcg</b><br>5% D/W&nbsp;25&nbsp;mL<br>IV,0
35,<b>Fentanyl&nbsp;120&nbsp;mcg</b><br>0.9% NaC&nbsp;25&nbsp;mL<br>IV,0
35,<b>Fentanyl&nbsp;1200&nbsp;mcg</b><br>0.9% NaC&nbsp;120&nbsp;mL<br>IV,0
35,<b>Fentanyl&nbsp;125&nbsp;mcg</b><br>0.9% NaC&nbsp;25&nbsp;mL<br>Epidural,0
35,<b>Fentanyl&nbsp;125&nbsp;mcg</b><br>5% D/NSS&nbsp;25&nbsp;mL<br>,0
35,<b>Fentanyl&nbsp;125&nbsp;mcg</b><br>Undilute&nbsp;12.5&nbsp;mL<br>IV,0
35,<b>Fentanyl&nbsp;1250&nbsp;mcg</b><br>0.9% NaC&nbsp;50&nbsp;mL<br>IV,0
35,<b>Fentanyl&nbsp;1250&nbsp;mcg</b><br>5% D/W&nbsp;250&nbsp;mL<br>IV,0
35,<b>Fentanyl&nbsp;150&nbsp;mcg</b><br>0.9% NaC&nbsp;15&nbsp;mL<br>,0
35,<b>Fentanyl&nbsp;150&nbsp;mcg</b><br>0.9% NaC&nbsp;15&nbsp;mL<br>IV,0
35,<b>Fentanyl&nbsp;150&nbsp;mcg</b><br>0.9% NaC&nbsp;50&nbsp;mL<br>Epidural,0
35,<b>Fentanyl&nbsp;150&nbsp;mcg</b><br>5% D/W&nbsp;50&nbsp;mL<br>IV,0
35,<b>Fentanyl&nbsp;160&nbsp;mcg</b><br>5% D/N/2&nbsp;25&nbsp;mL<br>,0
35,<b>Fentanyl&nbsp;180&nbsp;mcg</b><br>0.9% NaC&nbsp;18&nbsp;mL<br>,0
35,<b>Fentanyl&nbsp;180&nbsp;mcg</b><br>0.9% NaC&nbsp;18&nbsp;mL<br>IV,0
35,<b>Fentanyl&nbsp;2&nbsp;mcg</b><br>0.9% NaC&nbsp;1&nbsp;mL<br>,0
35,<b>Fentanyl&nbsp;2&nbsp;mcg</b><br>0.9% NaC&nbsp;1&nbsp;mL<br>Epidural,0
35,<b>Fentanyl&nbsp;2&nbsp;mcg</b><br>0.9% NaC&nbsp;1&nbsp;mL<br>IV,0
35,<b>Fentanyl&nbsp;2&nbsp;mcg</b><br>0.9% NaC&nbsp;26&nbsp;mL<br>,0
35,<b>Fentanyl&nbsp;2&nbsp;mcg</b><br>Undilute&nbsp;1&nbsp;mL<br>Epidural,0
35,<b>Fentanyl&nbsp;2&nbsp;mcg</b><br>Undilute&nbsp;1&nbsp;mL<br>IV,0
35,<b>Fentanyl&nbsp;20&nbsp;mcg</b><br>0.9% NaC&nbsp;2&nbsp;mL<br>IV,0
35,<b>Fentanyl&nbsp;20&nbsp;mcg</b><br>0.9% NaC&nbsp;20&nbsp;mL<br>,0
35,<b>Fentanyl&nbsp;20&nbsp;mcg</b><br>0.9% NaC&nbsp;20&nbsp;mL<br>IV,0
35,<b>Fentanyl&nbsp;200&nbsp;mcg</b><br>0.9% NaC&nbsp;20&nbsp;mL<br>,0
35,<b>Fentanyl&nbsp;200&nbsp;mcg</b><br>0.9% NaC&nbsp;20&nbsp;mL<br>IV,0
35,<b>Fentanyl&nbsp;200&nbsp;mcg</b><br>0.9% NaC&nbsp;22&nbsp;mL<br>,0
35,<b>Fentanyl&nbsp;200&nbsp;mcg</b><br>0.9% NaC&nbsp;22&nbsp;mL<br>IV,0
35,<b>Fentanyl&nbsp;200&nbsp;mcg</b><br>0.9% NaC&nbsp;24&nbsp;mL<br>IV,0
35,<b>Fentanyl&nbsp;200&nbsp;mcg</b><br>0.9% NaC&nbsp;25&nbsp;mL<br>,0
35,<b>Fentanyl&nbsp;200&nbsp;mcg</b><br>0.9% NaC&nbsp;25&nbsp;mL<br>IV,0
35,<b>Fentanyl&nbsp;200&nbsp;mcg</b><br>0.9% NaC&nbsp;36&nbsp;mL<br>,0
35,<b>Fentanyl&nbsp;200&nbsp;mcg</b><br>0.9% NaC&nbsp;40&nbsp;mL<br>,0
35,<b>Fentanyl&nbsp;200&nbsp;mcg</b><br>0.9% NaC&nbsp;40&nbsp;mL<br>Epidural,0
35,<b>Fentanyl&nbsp;200&nbsp;mcg</b><br>0.9% NaC&nbsp;40&nbsp;mL<br>IV,0
35,<b>Fentanyl&nbsp;200&nbsp;mcg</b><br>0.9% NaC&nbsp;50&nbsp;mL<br>,0
35,<b>Fentanyl&nbsp;200&nbsp;mcg</b><br>0.9% NaC&nbsp;50&nbsp;mL<br>IV,0
35,<b>Fentanyl&nbsp;200&nbsp;mcg</b><br>5% D/N/2&nbsp;20&nbsp;mL<br>IV,0
35,<b>Fentanyl&nbsp;200&nbsp;mcg</b><br>5% D/NSS&nbsp;20&nbsp;mL<br>,0
35,<b>Fentanyl&nbsp;200&nbsp;mcg</b><br>5% D/NSS&nbsp;25&nbsp;mL<br>IV,0
35,<b>Fentanyl&nbsp;200&nbsp;mcg</b><br>5% D/W&nbsp;50&nbsp;mL<br>IV,0
35,<b>Fentanyl&nbsp;200&nbsp;mcg</b><br>Acetar&nbsp;20&nbsp;mL<br>IV,0
35,<b>Fentanyl&nbsp;200&nbsp;mcg</b><br>Undilute&nbsp;20&nbsp;mL<br>,0
35,<b>Fentanyl&nbsp;200&nbsp;mcg</b><br>Undilute&nbsp;20&nbsp;mL<br>IV,0
35,<b>Fentanyl&nbsp;200&nbsp;mg</b><br>0.9% NaC&nbsp;20&nbsp;mL<br>IV,0
35,<b>Fentanyl&nbsp;230&nbsp;mcg</b><br>0.9% NaC&nbsp;23&nbsp;mL<br>IV,0
35,<b>Fentanyl&nbsp;240&nbsp;mcg</b><br>0.9% NaC&nbsp;120&nbsp;mL<br>Epidural,0
35,<b>Fentanyl&nbsp;240&nbsp;mcg</b><br>0.9% NaC&nbsp;24&nbsp;mL<br>IV,0
35,<b>Fentanyl&nbsp;25&nbsp;mcg</b><br>&nbsp;22.5&nbsp;mL<br>IV,0
35,<b>Fentanyl&nbsp;25&nbsp;mcg</b><br>0.9% NaC&nbsp;25&nbsp;mL<br>Epidural,0
35,<b>Fentanyl&nbsp;25&nbsp;mcg</b><br>0.9% NaC&nbsp;25&nbsp;mL<br>IV,0
35,<b>Fentanyl&nbsp;250&nbsp;mcg</b><br>0.9% NaC&nbsp;25&nbsp;mL<br>,0
35,<b>Fentanyl&nbsp;250&nbsp;mcg</b><br>0.9% NaC&nbsp;25&nbsp;mL<br>IV,0
35,<b>Fentanyl&nbsp;250&nbsp;mcg</b><br>0.9% NaC&nbsp;50&nbsp;mL<br>,0
35,<b>Fentanyl&nbsp;275&nbsp;mcg</b><br>0.9% NaC&nbsp;27&nbsp;mL<br>IV,0
35,<b>Fentanyl&nbsp;3&nbsp;mcg</b><br>&nbsp;20&nbsp;mL<br>Epidural,0
35,<b>Fentanyl&nbsp;30&nbsp;mcg</b><br>0.9% NaC&nbsp;30&nbsp;mL<br>IV,0
35,<b>Fentanyl&nbsp;300&nbsp;mcg</b><br>0.9% NaC&nbsp;20&nbsp;mL<br>IV,0
35,<b>Fentanyl&nbsp;300&nbsp;mcg</b><br>0.9% NaC&nbsp;30&nbsp;mL<br>,0
35,<b>Fentanyl&nbsp;300&nbsp;mcg</b><br>0.9% NaC&nbsp;30&nbsp;mL<br>IV,0
35,<b>Fentanyl&nbsp;300&nbsp;mcg</b><br>0.9% NaC&nbsp;36&nbsp;mL<br>IV,0
35,<b>Fentanyl&nbsp;300&nbsp;mcg</b><br>0.9% NaC&nbsp;60&nbsp;mL<br>IV,0
35,<b>Fentanyl&nbsp;300&nbsp;mcg</b><br>Undilute&nbsp;30&nbsp;mL<br>IV,0
35,<b>Fentanyl&nbsp;350&nbsp;mcg</b><br>0.9% NaC&nbsp;35&nbsp;mL<br>IV,0
35,<b>Fentanyl&nbsp;40&nbsp;mcg</b><br>0.9% NaC&nbsp;20&nbsp;mL<br>Epidural,0
35,<b>Fentanyl&nbsp;40&nbsp;mcg</b><br>0.9% NaC&nbsp;20&nbsp;mL<br>IV,0
35,<b>Fentanyl&nbsp;40&nbsp;mcg</b><br>0.9% NaC&nbsp;4&nbsp;mL<br>IV,0
35,<b>Fentanyl&nbsp;40&nbsp;mcg</b><br>0.9% NaC&nbsp;40&nbsp;mL<br>IV,0
35,<b>Fentanyl&nbsp;40&nbsp;mcg</b><br>Undilute&nbsp;20&nbsp;mL<br>Epidural,0
35,<b>Fentanyl&nbsp;400&nbsp;mcg</b><br>0.9% NaC&nbsp;20&nbsp;mL<br>IV,0
35,<b>Fentanyl&nbsp;400&nbsp;mcg</b><br>0.9% NaC&nbsp;40&nbsp;mL<br>,0
35,<b>Fentanyl&nbsp;400&nbsp;mcg</b><br>0.9% NaC&nbsp;40&nbsp;mL<br>Epidural,0
35,<b>Fentanyl&nbsp;400&nbsp;mcg</b><br>0.9% NaC&nbsp;40&nbsp;mL<br>IV,0
35,<b>Fentanyl&nbsp;400&nbsp;mcg</b><br>0.9% NaC&nbsp;50&nbsp;mL<br>IV,0
35,<b>Fentanyl&nbsp;440&nbsp;mcg</b><br>0.9% NaC&nbsp;44&nbsp;mL<br>IV,0
35,<b>Fentanyl&nbsp;450&nbsp;mcg</b><br>0.9% NaC&nbsp;25&nbsp;mL<br>IV,0
35,<b>Fentanyl&nbsp;450&nbsp;mcg</b><br>0.9% NaC&nbsp;45&nbsp;mL<br>,0
35,<b>Fentanyl&nbsp;450&nbsp;mcg</b><br>0.9% NaC&nbsp;45&nbsp;mL<br>IV,0
35,<b>Fentanyl&nbsp;475&nbsp;mcg</b><br>0.9% NaC&nbsp;47.5&nbsp;mL<br>IV,0
35,<b>Fentanyl&nbsp;5&nbsp;mcg</b><br>0.9% NaC&nbsp;1&nbsp;mL<br>,0
35,<b>Fentanyl&nbsp;5&nbsp;mcg</b><br>0.9% NaC&nbsp;1&nbsp;mL<br>IV,0
35,<b>Fentanyl&nbsp;50&nbsp;mcg</b><br>&nbsp;25&nbsp;mL<br>Epidural,0
35,<b>Fentanyl&nbsp;50&nbsp;mcg</b><br>0.9% NaC&nbsp;1&nbsp;mL<br>,0
35,<b>Fentanyl&nbsp;50&nbsp;mcg</b><br>0.9% NaC&nbsp;10&nbsp;mL<br>,0
35,<b>Fentanyl&nbsp;50&nbsp;mcg</b><br>0.9% NaC&nbsp;10&nbsp;mL<br>IV,0
35,<b>Fentanyl&nbsp;50&nbsp;mcg</b><br>0.9% NaC&nbsp;16&nbsp;mL<br>IV,0
35,<b>Fentanyl&nbsp;50&nbsp;mcg</b><br>0.9% NaC&nbsp;19&nbsp;mL<br>Epidural,0
35,<b>Fentanyl&nbsp;50&nbsp;mcg</b><br>0.9% NaC&nbsp;25&nbsp;mL<br>,0
35,<b>Fentanyl&nbsp;50&nbsp;mcg</b><br>0.9% NaC&nbsp;25&nbsp;mL<br>Epidural,0
35,<b>Fentanyl&nbsp;50&nbsp;mcg</b><br>0.9% NaC&nbsp;25&nbsp;mL<br>IV,0
35,<b>Fentanyl&nbsp;50&nbsp;mcg</b><br>0.9% NaC&nbsp;26&nbsp;mL<br>Epidural,0
35,<b>Fentanyl&nbsp;50&nbsp;mcg</b><br>0.9% NaC&nbsp;5&nbsp;mL<br>,0
35,<b>Fentanyl&nbsp;50&nbsp;mcg</b><br>0.9% NaC&nbsp;5&nbsp;mL<br>IV,0
35,<b>Fentanyl&nbsp;50&nbsp;mcg</b><br>0.9% NaC&nbsp;50&nbsp;mL<br>,0
35,<b>Fentanyl&nbsp;50&nbsp;mcg</b><br>0.9% NaC&nbsp;50&nbsp;mL<br>Epidural,0
35,<b>Fentanyl&nbsp;50&nbsp;mcg</b><br>0.9% NaC&nbsp;50&nbsp;mL<br>IV,0
35,<b>Fentanyl&nbsp;50&nbsp;mcg</b><br>0.9% NaC&nbsp;51&nbsp;mL<br>Epidural,0
35,<b>Fentanyl&nbsp;50&nbsp;mcg</b><br>Undilute&nbsp;1&nbsp;mL<br>,0
35,<b>Fentanyl&nbsp;50&nbsp;mcg</b><br>Undilute&nbsp;25&nbsp;mL<br>,0
35,<b>Fentanyl&nbsp;50&nbsp;ng</b><br>0.9% NaC&nbsp;25&nbsp;mL<br>IV,0
35,<b>Fentanyl&nbsp;500&nbsp;mcg</b><br>&nbsp;50&nbsp;mL<br>IV,0
35,<b>Fentanyl&nbsp;500&nbsp;mcg</b><br>0.9% NaC&nbsp;100&nbsp;mL<br>,0
35,<b>Fentanyl&nbsp;500&nbsp;mcg</b><br>0.9% NaC&nbsp;100&nbsp;mL<br>IV,0
35,<b>Fentanyl&nbsp;500&nbsp;mcg</b><br>0.9% NaC&nbsp;110&nbsp;mL<br>IV,0
35,<b>Fentanyl&nbsp;500&nbsp;mcg</b><br>0.9% NaC&nbsp;20&nbsp;mL<br>,0
35,<b>Fentanyl&nbsp;500&nbsp;mcg</b><br>0.9% NaC&nbsp;25&nbsp;mL<br>,0
35,<b>Fentanyl&nbsp;500&nbsp;mcg</b><br>0.9% NaC&nbsp;25&nbsp;mL<br>IV,0
35,<b>Fentanyl&nbsp;500&nbsp;mcg</b><br>0.9% NaC&nbsp;40&nbsp;mL<br>,0
35,<b>Fentanyl&nbsp;500&nbsp;mcg</b><br>0.9% NaC&nbsp;40&nbsp;mL<br>IV,0
35,<b>Fentanyl&nbsp;500&nbsp;mcg</b><br>0.9% NaC&nbsp;410&nbsp;mL<br>,0
35,<b>Fentanyl&nbsp;500&nbsp;mcg</b><br>0.9% NaC&nbsp;5&nbsp;mL<br>IV,0
35,<b>Fentanyl&nbsp;500&nbsp;mcg</b><br>0.9% NaC&nbsp;50&nbsp;mL<br>,0
35,<b>Fentanyl&nbsp;500&nbsp;mcg</b><br>0.9% NaC&nbsp;50&nbsp;mL<br>Epidural,0
35,<b>Fentanyl&nbsp;500&nbsp;mcg</b><br>0.9% NaC&nbsp;50&nbsp;mL<br>IV,0
35,<b>Fentanyl&nbsp;500&nbsp;mcg</b><br>0.9% NaC&nbsp;500&nbsp;mL<br>,0
35,<b>Fentanyl&nbsp;500&nbsp;mcg</b><br>0.9% NaC&nbsp;500&nbsp;mL<br>IV,0
35,<b>Fentanyl&nbsp;500&nbsp;mcg</b><br>0.9% NaC&nbsp;510&nbsp;mL<br>IV,0
35,<b>Fentanyl&nbsp;500&nbsp;mcg</b><br>0.9% NaC&nbsp;55&nbsp;mL<br>IV,0
35,<b>Fentanyl&nbsp;500&nbsp;mcg</b><br>0.9% NaC&nbsp;60&nbsp;mL<br>IV,0
35,<b>Fentanyl&nbsp;500&nbsp;mcg</b><br>0.9% NaC&nbsp;90&nbsp;mL<br>IV,0
35,<b>Fentanyl&nbsp;500&nbsp;mcg</b><br>5% D/N/2&nbsp;50&nbsp;mL<br>,0
35,<b>Fentanyl&nbsp;500&nbsp;mcg</b><br>5% D/N/2&nbsp;50&nbsp;mL<br>IV,0
35,<b>Fentanyl&nbsp;500&nbsp;mcg</b><br>5% D/W&nbsp;100&nbsp;mL<br>IV,0
35,<b>Fentanyl&nbsp;500&nbsp;mcg</b><br>5% D/W&nbsp;50&nbsp;mL<br>IV,0
35,<b>Fentanyl&nbsp;500&nbsp;mcg</b><br>Acetar&nbsp;50&nbsp;mL<br>,0
35,<b>Fentanyl&nbsp;500&nbsp;mcg</b><br>Acetar&nbsp;50&nbsp;mL<br>IV,0
35,<b>Fentanyl&nbsp;500&nbsp;mcg</b><br>Undilute&nbsp;100&nbsp;mL<br>IV,0
35,<b>Fentanyl&nbsp;500&nbsp;mcg</b><br>Undilute&nbsp;50&nbsp;mL<br>,0
35,<b>Fentanyl&nbsp;500&nbsp;mcg</b><br>Undilute&nbsp;50&nbsp;mL<br>IV,0
35,<b>Fentanyl&nbsp;500&nbsp;mg</b><br>0.9% NaC&nbsp;50&nbsp;mL<br>,0
35,<b>Fentanyl&nbsp;500&nbsp;mg</b><br>0.9% NaC&nbsp;50&nbsp;mL<br>IV,0
35,<b>Fentanyl&nbsp;5000&nbsp;mcg</b><br>0.9% NaC&nbsp;50&nbsp;mL<br>,0
35,<b>Fentanyl&nbsp;5000&nbsp;mcg</b><br>0.9% NaC&nbsp;500&nbsp;mL<br>IV,0
35,<b>Fentanyl&nbsp;5000&nbsp;mcg</b><br>Undilute&nbsp;50&nbsp;mL<br>,0
35,<b>Fentanyl&nbsp;550&nbsp;mcg</b><br>0.9% NaC&nbsp;55&nbsp;mL<br>,0
35,<b>Fentanyl&nbsp;60&nbsp;mcg</b><br>0.9% NaC&nbsp;12&nbsp;mL<br>IV,0
35,<b>Fentanyl&nbsp;60&nbsp;mcg</b><br>0.9% NaC&nbsp;60&nbsp;mL<br>,0
35,<b>Fentanyl&nbsp;60&nbsp;mcg</b><br>Undilute&nbsp;1.2&nbsp;mL<br>,0
35,<b>Fentanyl&nbsp;600&nbsp;mcg</b><br>0.9% NaC&nbsp;25&nbsp;mL<br>,0
35,<b>Fentanyl&nbsp;70&nbsp;mcg</b><br>0.9% NaC&nbsp;7&nbsp;mL<br>,0
35,<b>Fentanyl&nbsp;70&nbsp;mcg</b><br>Undilute&nbsp;7&nbsp;mL<br>IV,0
35,<b>Fentanyl&nbsp;720&nbsp;mcg</b><br>5% D/W&nbsp;25&nbsp;mL<br>IV,0
35,<b>Fentanyl&nbsp;75&nbsp;mcg</b><br>0.9% NaC&nbsp;20&nbsp;mL<br>Epidural,0
35,<b>Fentanyl&nbsp;75&nbsp;mcg</b><br>0.9% NaC&nbsp;25&nbsp;mL<br>Epidural,0
35,<b>Fentanyl&nbsp;75&nbsp;mcg</b><br>0.9% NaC&nbsp;7.5&nbsp;mL<br>IV,0
35,<b>Fentanyl&nbsp;750&nbsp;mcg</b><br>5% D/W&nbsp;25&nbsp;mL<br>IV,0
35,<b>Fentanyl&nbsp;750&nbsp;mcg</b><br>5% D/W&nbsp;50&nbsp;mL<br>IV,0
35,<b>Fentanyl&nbsp;80&nbsp;mcg</b><br>0.9% NaC&nbsp;8&nbsp;mL<br>,0
35,<b>Fentanyl&nbsp;90&nbsp;mcg</b><br>0.9% NaC&nbsp;9&nbsp;mL<br>,0
17,<b>Fentanyl</b><br>,0
17,<b>Fentanyl</b><br>&nbsp;%<br>IV,0
17,<b>Fentanyl</b><br>Caudal,0
17,<b>Fentanyl</b><br>Epidural,0
17,<b>Fentanyl</b><br>Intranasal,0
17,<b>Fentanyl</b><br>IV,0
17,<b>Fentanyl</b><br>Local infiltration,0
17,<b>Fentanyl</b><br>PNB,0
17,<b>Fentanyl</b><br>Spinal,0
56,<b>FFP</b>,0
3,<b>FFP</b>,0
28,<b>Flumazenil</b><br>IV,0
55,<b>Fosfomycin&nbsp;1&nbsp;g</b><br>0.9% NaC&nbsp;20&nbsp;mL,0
50,<b>Fosfomycin&nbsp;1&nbsp;g</b><br>0.9% NaC&nbsp;50&nbsp;ml,0
55,<b>Fosfomycin&nbsp;1&nbsp;g</b><br>0.9% NaC&nbsp;90&nbsp;mL,0
55,<b>Fosfomycin&nbsp;1.5&nbsp;g</b><br>0.9% NaC&nbsp;100&nbsp;mL,0
50,<b>Fosfomycin&nbsp;2&nbsp;</b><br>0.9% NaC&nbsp;100&nbsp;ml,0
55,<b>Fosfomycin&nbsp;2&nbsp;g</b><br>5% D/W&nbsp;105&nbsp;mL,0
55,<b>Fosfomycin&nbsp;4&nbsp;g</b><br>0.9% NaC&nbsp;100&nbsp;mL,0
9,<b>Fosfomycin</b><br>IV,0
28,<b>Fosphenytoin</b><br>IV,0
56,<b>Fresh frozen pl</b>,0
37,<b>Furosemide&nbsp;1&nbsp;g</b><br>0.9% NaC&nbsp;20&nbsp;mL,0
37,<b>Furosemide&nbsp;100&nbsp;mg</b><br>0.9% NaC&nbsp;10&nbsp;mL,0
37,<b>Furosemide&nbsp;100&nbsp;mg</b><br>0.9% NaC&nbsp;50&nbsp;mL,0
37,<b>Furosemide&nbsp;1000&nbsp;mg</b><br>0.9% NaC&nbsp;100&nbsp;mL,0
37,<b>Furosemide&nbsp;20&nbsp;g</b><br>0.9% NaC&nbsp;100&nbsp;mL,0
37,<b>Furosemide&nbsp;200&nbsp;mg</b><br>0.9% NaC&nbsp;20&nbsp;mL,0
37,<b>Furosemide&nbsp;250&nbsp;mg</b><br>Undilute&nbsp;25&nbsp;mL,0
37,<b>Furosemide&nbsp;40&nbsp;mg</b><br>0.9% NaC&nbsp;20&nbsp;mL,0
37,<b>Furosemide&nbsp;500&nbsp;mg</b><br>0.9% NaC&nbsp;50&nbsp;mL,0
37,<b>Furosemide&nbsp;60&nbsp;mg</b><br>0.9% NaC&nbsp;12&nbsp;mL,0
37,<b>Furosemide&nbsp;60&nbsp;mg</b><br>5% D/W&nbsp;25&nbsp;mL,0
37,<b>Furosemide&nbsp;800&nbsp;mg</b><br>0.9% NaC&nbsp;20&nbsp;mL,0
26,<b>Furosemide</b><br>IV,0
1,<b>Gelofusine</b><br>IV,0
1,<b>Gelofusine</b><br>IV<br>,0
55,<b>Gentamicin&nbsp;240&nbsp;mg</b><br>0.9% NaC&nbsp;100&nbsp;mL,0
50,<b>Gentamicin&nbsp;240&nbsp;mg</b><br>5% D/W&nbsp;100&nbsp;ml,0
9,<b>Gentamicin</b><br>IV,0
19,<b>Glycopyrrolate</b><br>IV,0
28,<b>Haloperidol</b><br>IV,0
12,<b>Hemovac</b><br>1,0
12,<b>Hemovac</b><br>2,0
43,<b>Heparin&nbsp;1&nbsp;Units</b><br>Undilute&nbsp;5&nbsp;mL,0
43,<b>Heparin&nbsp;10&nbsp;Units</b><br>0.9% NaC&nbsp;100&nbsp;mL,0
43,<b>Heparin&nbsp;100&nbsp;mg</b><br>0.9% NaC&nbsp;1&nbsp;mL,0
43,<b>Heparin&nbsp;100&nbsp;Units</b><br>&nbsp;1&nbsp;mL,0
43,<b>Heparin&nbsp;100&nbsp;Units</b><br>0.9% NaC&nbsp;1&nbsp;mL,0
43,<b>Heparin&nbsp;100&nbsp;Units</b><br>0.9% NaC&nbsp;10100&nbsp;mL,0
43,<b>Heparin&nbsp;100&nbsp;Units</b><br>Undilute&nbsp;1&nbsp;mL,0
43,<b>Heparin&nbsp;1000&nbsp;mg</b><br>0.9% NaC&nbsp;100&nbsp;mL,0
43,<b>Heparin&nbsp;1000&nbsp;Units</b><br>0.9% NaC&nbsp;100&nbsp;mL,0
43,<b>Heparin&nbsp;1000&nbsp;Units</b><br>0.9% NaC&nbsp;100.2&nbsp;mL,0
43,<b>Heparin&nbsp;10000&nbsp;Int.Unit</b><br>0.9% NaC&nbsp;100&nbsp;mL,0
43,<b>Heparin&nbsp;10000&nbsp;mUnits</b><br>0.9% NaC&nbsp;100&nbsp;mL,0
43,<b>Heparin&nbsp;10000&nbsp;Units</b><br>&nbsp;100&nbsp;mL,0
43,<b>Heparin&nbsp;10000&nbsp;Units</b><br>0.9% NaC&nbsp;100&nbsp;mL,0
43,<b>Heparin&nbsp;10000&nbsp;Units</b><br>0.9% NaC&nbsp;1000&nbsp;mL,0
43,<b>Heparin&nbsp;10000&nbsp;Units</b><br>0.9% NaC&nbsp;1002&nbsp;mL,0
43,<b>Heparin&nbsp;10000&nbsp;Units</b><br>0.9% NaC&nbsp;10100&nbsp;mL,0
43,<b>Heparin&nbsp;10000&nbsp;Units</b><br>0.9% NaC&nbsp;102&nbsp;mL,0
43,<b>Heparin&nbsp;10000&nbsp;Units</b><br>0.9% NaC&nbsp;200&nbsp;mL,0
43,<b>Heparin&nbsp;10000&nbsp;Units</b><br>0.9% NaC&nbsp;500&nbsp;mL,0
43,<b>Heparin&nbsp;10000&nbsp;Units</b><br>5% D/W&nbsp;100&nbsp;mL,0
43,<b>Heparin&nbsp;125&nbsp;Units</b><br>0.9% NaC&nbsp;50&nbsp;mL,0
43,<b>Heparin&nbsp;1250&nbsp;Units</b><br>0.9% NaC&nbsp;500&nbsp;mL,0
43,<b>Heparin&nbsp;1250&nbsp;Units</b><br>0.9% NaC&nbsp;500.25&nbsp;mL,0
43,<b>Heparin&nbsp;1250&nbsp;Units</b><br>Undilute&nbsp;20&nbsp;mL,0
43,<b>Heparin&nbsp;12500&nbsp;Units</b><br>0.9% NaC&nbsp;1000&nbsp;mL,0
43,<b>Heparin&nbsp;2000&nbsp;Units</b><br>0.9% NaC&nbsp;400&nbsp;mL,0
43,<b>Heparin&nbsp;20000&nbsp;Units</b><br>0.9% NaC&nbsp;100&nbsp;mL,0
43,<b>Heparin&nbsp;20000&nbsp;Units</b><br>0.9% NaC&nbsp;200&nbsp;mL,0
43,<b>Heparin&nbsp;2500&nbsp;Units</b><br>0.9% NaC&nbsp;350&nbsp;mL,0
43,<b>Heparin&nbsp;2500&nbsp;Units</b><br>0.9% NaC&nbsp;50&nbsp;mL,0
43,<b>Heparin&nbsp;2500&nbsp;Units</b><br>0.9% NaC&nbsp;500&nbsp;mL,0
43,<b>Heparin&nbsp;2500&nbsp;Units</b><br>5% D/W&nbsp;400&nbsp;mL,0
43,<b>Heparin&nbsp;2500&nbsp;Units</b><br>Acetar&nbsp;500&nbsp;mL,0
43,<b>Heparin&nbsp;2500&nbsp;Units</b><br>Undilute&nbsp;0.5&nbsp;mL,0
43,<b>Heparin&nbsp;25000&nbsp;Units</b><br>0.9% NaC&nbsp;100&nbsp;mL,0
43,<b>Heparin&nbsp;25000&nbsp;Units</b><br>0.9% NaC&nbsp;250&nbsp;mL,0
43,<b>Heparin&nbsp;25000&nbsp;Units</b><br>5% D/W&nbsp;455&nbsp;mL,0
43,<b>Heparin&nbsp;25000&nbsp;Units</b><br>5% D/W&nbsp;500&nbsp;mL,0
43,<b>Heparin&nbsp;2800&nbsp;Units</b><br>5% D/W&nbsp;25&nbsp;mL,0
43,<b>Heparin&nbsp;3000&nbsp;Units</b><br>0.9% NaC&nbsp;30&nbsp;mL,0
43,<b>Heparin&nbsp;50&nbsp;Units</b><br>0.9% NaC&nbsp;50&nbsp;mL,0
43,<b>Heparin&nbsp;500&nbsp;Units</b><br>5% D/N/2&nbsp;500&nbsp;mL,0
43,<b>Heparin&nbsp;500&nbsp;Units</b><br>5% D/W&nbsp;500&nbsp;mL,0
43,<b>Heparin&nbsp;5000&nbsp;Units</b><br>0.9% NaC&nbsp;100&nbsp;mL,0
43,<b>Heparin&nbsp;5000&nbsp;Units</b><br>0.9% NaC&nbsp;101&nbsp;mL,0
43,<b>Heparin&nbsp;5000&nbsp;Units</b><br>0.9% NaC&nbsp;50&nbsp;mL,0
43,<b>Heparin&nbsp;5000&nbsp;Units</b><br>0.9% NaC&nbsp;500&nbsp;mL,0
43,<b>Heparin&nbsp;50000&nbsp;Units</b><br>0.9% NaC&nbsp;500&nbsp;mL,0
43,<b>Heparin&nbsp;6200&nbsp;Units</b><br>0.9% NaC&nbsp;100&nbsp;mL,0
28,<b>Heparin</b><br>IV,0
42,<b>Hydrocortisone&nbsp;1&nbsp;mg</b><br>0.9% NaC&nbsp;1&nbsp;mL,0
42,<b>Hydrocortisone&nbsp;100&nbsp;mcg</b><br>0.9% NaC&nbsp;100&nbsp;mL,0
42,<b>Hydrocortisone&nbsp;100&nbsp;mg</b><br>&nbsp;100&nbsp;mL,0
42,<b>Hydrocortisone&nbsp;100&nbsp;mg</b><br>0.9% NaC&nbsp;10&nbsp;mL,0
42,<b>Hydrocortisone&nbsp;100&nbsp;mg</b><br>0.9% NaC&nbsp;100&nbsp;mL,0
42,<b>Hydrocortisone&nbsp;100&nbsp;mg</b><br>0.9% NaC&nbsp;101&nbsp;mL,0
42,<b>Hydrocortisone&nbsp;100&nbsp;mg</b><br>0.9% NaC&nbsp;105&nbsp;mL,0
42,<b>Hydrocortisone&nbsp;100&nbsp;mg</b><br>0.9% NaC&nbsp;110&nbsp;mL,0
42,<b>Hydrocortisone&nbsp;100&nbsp;mg</b><br>0.9% NaC&nbsp;20&nbsp;mL,0
42,<b>Hydrocortisone&nbsp;100&nbsp;mg</b><br>0.9% NaC&nbsp;200&nbsp;mL,0
42,<b>Hydrocortisone&nbsp;100&nbsp;mg</b><br>0.9% NaC&nbsp;50&nbsp;mL,0
42,<b>Hydrocortisone&nbsp;100&nbsp;mg</b><br>0.9% NaC&nbsp;500&nbsp;mL,0
42,<b>Hydrocortisone&nbsp;100&nbsp;mg</b><br>0.9% NaC&nbsp;51&nbsp;mL,0
42,<b>Hydrocortisone&nbsp;100&nbsp;mg</b><br>5% D/N/2&nbsp;100&nbsp;mL,0
42,<b>Hydrocortisone&nbsp;100&nbsp;mg</b><br>5% D/N/2&nbsp;700&nbsp;mL,0
42,<b>Hydrocortisone&nbsp;100&nbsp;mg</b><br>5% D/W&nbsp;100&nbsp;mL,0
42,<b>Hydrocortisone&nbsp;100&nbsp;mg</b><br>5% D/W&nbsp;250&nbsp;mL,0
42,<b>Hydrocortisone&nbsp;100&nbsp;mg</b><br>5% D/W&nbsp;500&nbsp;mL,0
42,<b>Hydrocortisone&nbsp;100&nbsp;mg</b><br>5% D/W&nbsp;502&nbsp;mL,0
42,<b>Hydrocortisone&nbsp;100&nbsp;mg</b><br>Undilute&nbsp;100&nbsp;mL,0
42,<b>Hydrocortisone&nbsp;100&nbsp;Units</b><br>0.9% NaC&nbsp;201&nbsp;mL,0
42,<b>Hydrocortisone&nbsp;150&nbsp;mg</b><br>0.9% NaC&nbsp;150&nbsp;mL,0
42,<b>Hydrocortisone&nbsp;150&nbsp;mg</b><br>5% D/W&nbsp;250&nbsp;mL,0
42,<b>Hydrocortisone&nbsp;20&nbsp;mg</b><br>0.9% NaC&nbsp;20&nbsp;mL,0
42,<b>Hydrocortisone&nbsp;200&nbsp;mcg</b><br>0.9% NaC&nbsp;200&nbsp;mL,0
42,<b>Hydrocortisone&nbsp;200&nbsp;mcg</b><br>0.9% NaC&nbsp;502&nbsp;mL,0
42,<b>Hydrocortisone&nbsp;200&nbsp;mcg</b><br>5% D/W&nbsp;500&nbsp;mL,0
42,<b>Hydrocortisone&nbsp;200&nbsp;mg</b><br>&nbsp;200&nbsp;mL,0
42,<b>Hydrocortisone&nbsp;200&nbsp;mg</b><br>&nbsp;500&nbsp;mL,0
42,<b>Hydrocortisone&nbsp;200&nbsp;mg</b><br>0.9% NaC&nbsp;100&nbsp;mL,0
42,<b>Hydrocortisone&nbsp;200&nbsp;mg</b><br>0.9% NaC&nbsp;102&nbsp;mL,0
42,<b>Hydrocortisone&nbsp;200&nbsp;mg</b><br>0.9% NaC&nbsp;182&nbsp;mL,0
42,<b>Hydrocortisone&nbsp;200&nbsp;mg</b><br>0.9% NaC&nbsp;20&nbsp;mL,0
42,<b>Hydrocortisone&nbsp;200&nbsp;mg</b><br>0.9% NaC&nbsp;200&nbsp;mL,0
42,<b>Hydrocortisone&nbsp;200&nbsp;mg</b><br>0.9% NaC&nbsp;202&nbsp;mL,0
42,<b>Hydrocortisone&nbsp;200&nbsp;mg</b><br>0.9% NaC&nbsp;240&nbsp;mL,0
42,<b>Hydrocortisone&nbsp;200&nbsp;mg</b><br>0.9% NaC&nbsp;250&nbsp;mL,0
42,<b>Hydrocortisone&nbsp;200&nbsp;mg</b><br>0.9% NaC&nbsp;251&nbsp;mL,0
42,<b>Hydrocortisone&nbsp;200&nbsp;mg</b><br>0.9% NaC&nbsp;252&nbsp;mL,0
42,<b>Hydrocortisone&nbsp;200&nbsp;mg</b><br>0.9% NaC&nbsp;300&nbsp;mL,0
42,<b>Hydrocortisone&nbsp;200&nbsp;mg</b><br>0.9% NaC&nbsp;400&nbsp;mL,0
42,<b>Hydrocortisone&nbsp;200&nbsp;mg</b><br>0.9% NaC&nbsp;482&nbsp;mL,0
42,<b>Hydrocortisone&nbsp;200&nbsp;mg</b><br>0.9% NaC&nbsp;500&nbsp;mL,0
42,<b>Hydrocortisone&nbsp;200&nbsp;mg</b><br>0.9% NaC&nbsp;501&nbsp;mL,0
42,<b>Hydrocortisone&nbsp;200&nbsp;mg</b><br>0.9% NaC&nbsp;502&nbsp;mL,0
42,<b>Hydrocortisone&nbsp;200&nbsp;mg</b><br>0.9% NaC&nbsp;505&nbsp;mL,0
42,<b>Hydrocortisone&nbsp;200&nbsp;mg</b><br>5% D/N/2&nbsp;200&nbsp;mL,0
42,<b>Hydrocortisone&nbsp;200&nbsp;mg</b><br>5% D/N/2&nbsp;500&nbsp;mL,0
42,<b>Hydrocortisone&nbsp;200&nbsp;mg</b><br>5% D/N/2&nbsp;700&nbsp;mL,0
42,<b>Hydrocortisone&nbsp;200&nbsp;mg</b><br>5% D/NSS&nbsp;500&nbsp;mL,0
42,<b>Hydrocortisone&nbsp;200&nbsp;mg</b><br>5% D/W&nbsp;100&nbsp;mL,0
42,<b>Hydrocortisone&nbsp;200&nbsp;mg</b><br>5% D/W&nbsp;1000&nbsp;mL,0
42,<b>Hydrocortisone&nbsp;200&nbsp;mg</b><br>5% D/W&nbsp;200&nbsp;mL,0
42,<b>Hydrocortisone&nbsp;200&nbsp;mg</b><br>5% D/W&nbsp;250&nbsp;mL,0
42,<b>Hydrocortisone&nbsp;200&nbsp;mg</b><br>5% D/W&nbsp;480&nbsp;mL,0
42,<b>Hydrocortisone&nbsp;200&nbsp;mg</b><br>5% D/W&nbsp;491&nbsp;mL,0
42,<b>Hydrocortisone&nbsp;200&nbsp;mg</b><br>5% D/W&nbsp;499&nbsp;mL,0
42,<b>Hydrocortisone&nbsp;200&nbsp;mg</b><br>5% D/W&nbsp;500&nbsp;mL,0
42,<b>Hydrocortisone&nbsp;200&nbsp;mg</b><br>5% D/W&nbsp;501&nbsp;mL,0
42,<b>Hydrocortisone&nbsp;200&nbsp;mg</b><br>5% D/W&nbsp;502&nbsp;mL,0
42,<b>Hydrocortisone&nbsp;200&nbsp;mg</b><br>5% D/W&nbsp;510&nbsp;mL,0
42,<b>Hydrocortisone&nbsp;200&nbsp;mg</b><br>Acetar&nbsp;1000&nbsp;mL,0
42,<b>Hydrocortisone&nbsp;200&nbsp;mg</b><br>Acetar&nbsp;500&nbsp;mL,0
42,<b>Hydrocortisone&nbsp;200&nbsp;mg</b><br>Acetar&nbsp;700&nbsp;mL,0
42,<b>Hydrocortisone&nbsp;240&nbsp;mg</b><br>0.9% NaC&nbsp;100&nbsp;mL,0
42,<b>Hydrocortisone&nbsp;250&nbsp;mg</b><br>0.9% NaC&nbsp;250&nbsp;mL,0
42,<b>Hydrocortisone&nbsp;250&nbsp;mg</b><br>0.9% NaC&nbsp;251&nbsp;mL,0
42,<b>Hydrocortisone&nbsp;250&nbsp;mg</b><br>5% D/W&nbsp;200&nbsp;mL,0
42,<b>Hydrocortisone&nbsp;300&nbsp;mg</b><br>0.9% NaC&nbsp;150&nbsp;mL,0
42,<b>Hydrocortisone&nbsp;300&nbsp;mg</b><br>0.9% NaC&nbsp;500&nbsp;mL,0
42,<b>Hydrocortisone&nbsp;50&nbsp;mg</b><br>0.9% NaC&nbsp;100&nbsp;mL,0
42,<b>Hydrocortisone&nbsp;50&nbsp;mg</b><br>0.9% NaC&nbsp;50&nbsp;mL,0
42,<b>Hydrocortisone&nbsp;500&nbsp;mg</b><br>0.9% NaC&nbsp;500&nbsp;mL,0
42,<b>Hydrocortisone&nbsp;75&nbsp;mg</b><br>0.9% NaC&nbsp;100&nbsp;mL,0
42,<b>Hydrocortisone&nbsp;80&nbsp;mg</b><br>0.9% NaC&nbsp;200&nbsp;mL,0
27,<b>Hydrocortisone</b><br>IV,0
28,<b>Hyoscine-N-butylbromide</b><br>,0
28,<b>Hyoscine-N-butylbromide</b><br>IV,0
9,<b>Imipenem</b><br>IV,0
28,<b>Indocyanine Green</b><br>,0
28,<b>Indocyanine Green</b><br>IV,0
28,<b>Indocyanine Green</b><br>Local infiltration,0
28,<b>Indocyanine Green</b><br>SC,0
24,<b>Inhalex</b>,0
43,<b>Insulin&nbsp;1&nbsp;Int.Unit</b><br>0.9% NaC&nbsp;5&nbsp;mL,0
43,<b>Insulin&nbsp;1&nbsp;Units</b><br>0.9% NaC&nbsp;1&nbsp;mL,0
43,<b>Insulin&nbsp;1&nbsp;Units</b><br>0.9% NaC&nbsp;10&nbsp;mL,0
43,<b>Insulin&nbsp;1&nbsp;Units</b><br>0.9% NaC&nbsp;11&nbsp;mL,0
43,<b>Insulin&nbsp;1&nbsp;Units</b><br>0.9% NaC&nbsp;2&nbsp;mL,0
43,<b>Insulin&nbsp;1&nbsp;Units</b><br>0.9% NaC&nbsp;5&nbsp;mL,0
43,<b>Insulin&nbsp;1&nbsp;Units</b><br>0.9% NaC&nbsp;6&nbsp;mL,0
43,<b>Insulin&nbsp;1&nbsp;Units</b><br>5% D/W&nbsp;5&nbsp;mL,0
43,<b>Insulin&nbsp;1&nbsp;Units</b><br>Undilute&nbsp;1&nbsp;mL,0
43,<b>Insulin&nbsp;1&nbsp;Units</b><br>Undilute&nbsp;10&nbsp;mL,0
43,<b>Insulin&nbsp;1&nbsp;Units</b><br>Undilute&nbsp;5&nbsp;mL,0
43,<b>Insulin&nbsp;10&nbsp;Int.Unit</b><br>&nbsp;50&nbsp;mL,0
43,<b>Insulin&nbsp;10&nbsp;Int.Unit</b><br>0.9% NaC&nbsp;100&nbsp;mL,0
43,<b>Insulin&nbsp;10&nbsp;Units</b><br>&nbsp;100&nbsp;mL,0
43,<b>Insulin&nbsp;10&nbsp;Units</b><br>0.9% NaC&nbsp;10&nbsp;mL,0
43,<b>Insulin&nbsp;10&nbsp;Units</b><br>0.9% NaC&nbsp;10.1&nbsp;mL,0
43,<b>Insulin&nbsp;10&nbsp;Units</b><br>0.9% NaC&nbsp;100&nbsp;mL,0
43,<b>Insulin&nbsp;10&nbsp;Units</b><br>0.9% NaC&nbsp;100.01&nbsp;mL,0
43,<b>Insulin&nbsp;10&nbsp;Units</b><br>0.9% NaC&nbsp;100.08999999999999&nbsp;mL,0
43,<b>Insulin&nbsp;10&nbsp;Units</b><br>0.9% NaC&nbsp;100.1&nbsp;mL,0
43,<b>Insulin&nbsp;10&nbsp;Units</b><br>0.9% NaC&nbsp;100.5&nbsp;mL,0
43,<b>Insulin&nbsp;10&nbsp;Units</b><br>0.9% NaC&nbsp;101&nbsp;mL,0
43,<b>Insulin&nbsp;10&nbsp;Units</b><br>0.9% NaC&nbsp;110&nbsp;mL,0
43,<b>Insulin&nbsp;10&nbsp;Units</b><br>0.9% NaC&nbsp;180&nbsp;mL,0
43,<b>Insulin&nbsp;10&nbsp;Units</b><br>0.9% NaC&nbsp;20&nbsp;mL,0
43,<b>Insulin&nbsp;10&nbsp;Units</b><br>0.9% NaC&nbsp;200&nbsp;mL,0
43,<b>Insulin&nbsp;10&nbsp;Units</b><br>0.9% NaC&nbsp;25&nbsp;mL,0
43,<b>Insulin&nbsp;10&nbsp;Units</b><br>0.9% NaC&nbsp;40&nbsp;mL,0
43,<b>Insulin&nbsp;10&nbsp;Units</b><br>0.9% NaC&nbsp;50&nbsp;mL,0
43,<b>Insulin&nbsp;10&nbsp;Units</b><br>0.9% NaC&nbsp;500&nbsp;mL,0
43,<b>Insulin&nbsp;10&nbsp;Units</b><br>0.9% NaC&nbsp;60&nbsp;mL,0
43,<b>Insulin&nbsp;10&nbsp;Units</b><br>0.9% NaC&nbsp;99.19999999999999&nbsp;mL,0
43,<b>Insulin&nbsp;10&nbsp;Units</b><br>5% D/N/2&nbsp;100&nbsp;mL,0
43,<b>Insulin&nbsp;10&nbsp;Units</b><br>5% D/N/2&nbsp;500.1&nbsp;mL,0
43,<b>Insulin&nbsp;10&nbsp;Units</b><br>5% D/NSS&nbsp;100&nbsp;mL,0
43,<b>Insulin&nbsp;10&nbsp;Units</b><br>5% D/W&nbsp;100&nbsp;mL,0
43,<b>Insulin&nbsp;10&nbsp;Units</b><br>5% D/W&nbsp;100.1&nbsp;mL,0
43,<b>Insulin&nbsp;10&nbsp;Units</b><br>Acetar&nbsp;100&nbsp;mL,0
43,<b>Insulin&nbsp;10&nbsp;Units</b><br>Undilute&nbsp;100&nbsp;mL,0
43,<b>Insulin&nbsp;100&nbsp;Units</b><br>0.9% NaC&nbsp;100&nbsp;mL,0
43,<b>Insulin&nbsp;100&nbsp;Units</b><br>0.9% NaC&nbsp;1000&nbsp;mL,0
43,<b>Insulin&nbsp;100&nbsp;Units</b><br>0.9% NaC&nbsp;200&nbsp;mL,0
43,<b>Insulin&nbsp;100&nbsp;Units</b><br>0.9% NaC&nbsp;500&nbsp;mL,0
43,<b>Insulin&nbsp;100&nbsp;Units</b><br>5% D/N/2&nbsp;1000.1&nbsp;mL,0
43,<b>Insulin&nbsp;2&nbsp;Units</b><br>0.9% NaC&nbsp;20&nbsp;mL,0
43,<b>Insulin&nbsp;20&nbsp;Int.Unit</b><br>0.9% NaC&nbsp;100.2&nbsp;mL,0
43,<b>Insulin&nbsp;20&nbsp;Int.Unit</b><br>0.9% NaC&nbsp;20&nbsp;mL,0
43,<b>Insulin&nbsp;20&nbsp;mEq</b><br>5% D/N/2&nbsp;1000&nbsp;mL,0
43,<b>Insulin&nbsp;20&nbsp;mg</b><br>0.9% NaC&nbsp;100&nbsp;mL,0
43,<b>Insulin&nbsp;20&nbsp;mg</b><br>0.9% NaC&nbsp;1005&nbsp;mL,0
43,<b>Insulin&nbsp;20&nbsp;mUnits</b><br>0.9% NaC&nbsp;100&nbsp;mL,0
43,<b>Insulin&nbsp;20&nbsp;Units</b><br>&nbsp;100&nbsp;mL,0
43,<b>Insulin&nbsp;20&nbsp;Units</b><br>0.9% NaC&nbsp;10.2&nbsp;mL,0
43,<b>Insulin&nbsp;20&nbsp;Units</b><br>0.9% NaC&nbsp;100&nbsp;mL,0
43,<b>Insulin&nbsp;20&nbsp;Units</b><br>0.9% NaC&nbsp;100.05&nbsp;mL,0
43,<b>Insulin&nbsp;20&nbsp;Units</b><br>0.9% NaC&nbsp;100.1&nbsp;mL,0
43,<b>Insulin&nbsp;20&nbsp;Units</b><br>0.9% NaC&nbsp;100.2&nbsp;mL,0
43,<b>Insulin&nbsp;20&nbsp;Units</b><br>0.9% NaC&nbsp;100.5&nbsp;mL,0
43,<b>Insulin&nbsp;20&nbsp;Units</b><br>0.9% NaC&nbsp;1000&nbsp;mL,0
43,<b>Insulin&nbsp;20&nbsp;Units</b><br>0.9% NaC&nbsp;101&nbsp;mL,0
43,<b>Insulin&nbsp;20&nbsp;Units</b><br>0.9% NaC&nbsp;102&nbsp;mL,0
43,<b>Insulin&nbsp;20&nbsp;Units</b><br>0.9% NaC&nbsp;125&nbsp;mL,0
43,<b>Insulin&nbsp;20&nbsp;Units</b><br>0.9% NaC&nbsp;20&nbsp;mL,0
43,<b>Insulin&nbsp;20&nbsp;Units</b><br>0.9% NaC&nbsp;20.2&nbsp;mL,0
43,<b>Insulin&nbsp;20&nbsp;Units</b><br>0.9% NaC&nbsp;200&nbsp;mL,0
43,<b>Insulin&nbsp;20&nbsp;Units</b><br>0.9% NaC&nbsp;40&nbsp;mL,0
43,<b>Insulin&nbsp;20&nbsp;Units</b><br>5% D/N/2&nbsp;100&nbsp;mL,0
43,<b>Insulin&nbsp;20&nbsp;Units</b><br>5% D/N/2&nbsp;100.2&nbsp;mL,0
43,<b>Insulin&nbsp;20&nbsp;Units</b><br>5% D/NSS&nbsp;100&nbsp;mL,0
43,<b>Insulin&nbsp;200&nbsp;Units</b><br>0.9% NaC&nbsp;1000&nbsp;mL,0
43,<b>Insulin&nbsp;25&nbsp;Units</b><br>0.9% NaC&nbsp;100&nbsp;mL,0
43,<b>Insulin&nbsp;25&nbsp;Units</b><br>0.9% NaC&nbsp;25&nbsp;mL,0
43,<b>Insulin&nbsp;25&nbsp;Units</b><br>0.9% NaC&nbsp;250&nbsp;mL,0
43,<b>Insulin&nbsp;25&nbsp;Units</b><br>0.9% NaC&nbsp;50&nbsp;mL,0
43,<b>Insulin&nbsp;250&nbsp;Units</b><br>0.9% NaC&nbsp;25&nbsp;mL,0
43,<b>Insulin&nbsp;3&nbsp;Units</b><br>5% D/NSS&nbsp;50&nbsp;mL,0
43,<b>Insulin&nbsp;30&nbsp;Int.Unit</b><br>0.9% NaC&nbsp;60&nbsp;mL,0
43,<b>Insulin&nbsp;30&nbsp;Units</b><br>0.9% NaC&nbsp;60&nbsp;mL,0
43,<b>Insulin&nbsp;4&nbsp;Units</b><br>0.9% NaC&nbsp;20&nbsp;mL,0
43,<b>Insulin&nbsp;40&nbsp;Units</b><br>0.9% NaC&nbsp;200&nbsp;mL,0
43,<b>Insulin&nbsp;5&nbsp;Units</b><br>0.9% NaC&nbsp;100&nbsp;mL,0
43,<b>Insulin&nbsp;5&nbsp;Units</b><br>0.9% NaC&nbsp;25&nbsp;mL,0
43,<b>Insulin&nbsp;5&nbsp;Units</b><br>0.9% NaC&nbsp;25.05&nbsp;mL,0
43,<b>Insulin&nbsp;5&nbsp;Units</b><br>0.9% NaC&nbsp;50&nbsp;mL,0
43,<b>Insulin&nbsp;5&nbsp;Units</b><br>0.9% NaC&nbsp;50.05&nbsp;mL,0
43,<b>Insulin&nbsp;5&nbsp;Units</b><br>Undilute&nbsp;10&nbsp;mL,0
43,<b>Insulin&nbsp;50&nbsp;mg</b><br>0.9% NaC&nbsp;100&nbsp;mL,0
43,<b>Insulin&nbsp;50&nbsp;Units</b><br>0.9% NaC&nbsp;100&nbsp;mL,0
43,<b>Insulin&nbsp;50&nbsp;Units</b><br>0.9% NaC&nbsp;100.5&nbsp;mL,0
43,<b>Insulin&nbsp;50&nbsp;Units</b><br>0.9% NaC&nbsp;20&nbsp;mL,0
43,<b>Insulin&nbsp;50&nbsp;Units</b><br>0.9% NaC&nbsp;250&nbsp;mL,0
43,<b>Insulin&nbsp;50&nbsp;Units</b><br>0.9% NaC&nbsp;50&nbsp;mL,0
43,<b>Insulin&nbsp;50&nbsp;Units</b><br>0.9% NaC&nbsp;50.5&nbsp;mL,0
43,<b>Insulin&nbsp;50&nbsp;Units</b><br>0.9% NaC&nbsp;500&nbsp;mL,0
43,<b>Insulin&nbsp;50&nbsp;Units</b><br>0.9% NaC&nbsp;90&nbsp;mL,0
43,<b>Insulin&nbsp;50&nbsp;Units</b><br>5% D/NSS&nbsp;100&nbsp;mL,0
43,<b>Insulin&nbsp;50&nbsp;Units</b><br>5% D/W&nbsp;100&nbsp;mL,0
43,<b>Insulin&nbsp;50&nbsp;Units</b><br>5% D/W&nbsp;46&nbsp;mL,0
43,<b>Insulin&nbsp;50&nbsp;Units</b><br>Acetar&nbsp;500&nbsp;mL,0
43,<b>Insulin&nbsp;50&nbsp;Units</b><br>Undilute&nbsp;100&nbsp;mL,0
43,<b>Insulin&nbsp;500&nbsp;Units</b><br>0.9% NaC&nbsp;105&nbsp;mL,0
43,<b>Insulin&nbsp;70&nbsp;Units</b><br>0.9% NaC&nbsp;140&nbsp;mL,0
28,<b>Insulin</b><br>,0
28,<b>Insulin</b><br>IV,0
28,<b>Insulin</b><br>Local infiltration,0
28,<b>Insulin</b><br>SC,0
43,<b>IVIG&nbsp;5&nbsp;g</b><br>&nbsp;100&nbsp;mL,0
43,<b>IVIG&nbsp;5000&nbsp;mg</b><br>Undilute&nbsp;100&nbsp;mL,0
43,<b>IVIG&nbsp;55&nbsp;mg</b><br>0.9% NaC&nbsp;500&nbsp;mL,0
28,<b>IVIG</b><br>IV,0
12,<b>JP</b><br>1,0
12,<b>JP</b><br>2,0
43,<b>K2PO4&nbsp;10&nbsp;mEq</b><br>0.9% NaC&nbsp;50&nbsp;mL,0
43,<b>K2PO4&nbsp;20&nbsp;mEq</b><br>0.9% NaC&nbsp;100&nbsp;mL,0
43,<b>K2PO4&nbsp;20&nbsp;mEq</b><br>0.9% NaC&nbsp;1000&nbsp;mL,0
43,<b>K2PO4&nbsp;20&nbsp;mEq</b><br>0.9% NaC&nbsp;25&nbsp;mL,0
43,<b>K2PO4&nbsp;20&nbsp;mEq</b><br>5% D/NSS&nbsp;1000&nbsp;mL,0
43,<b>K2PO4&nbsp;20&nbsp;mg</b><br>5% D/W&nbsp;100&nbsp;mL,0
43,<b>K2PO4&nbsp;40&nbsp;mEq</b><br>0.9% NaC&nbsp;100&nbsp;mL,0
43,<b>K2PO4&nbsp;40&nbsp;mEq</b><br>0.9% NaC&nbsp;1000&nbsp;mL,0
43,<b>K2PO4&nbsp;40&nbsp;mEq</b><br>5% D/N/2&nbsp;1000&nbsp;mL,0
43,<b>K2PO4&nbsp;40&nbsp;mEq</b><br>5% D/N/2&nbsp;1001&nbsp;mL,0
43,<b>K2PO4&nbsp;40&nbsp;mEq</b><br>5% D/N/2&nbsp;1020&nbsp;mL,0
43,<b>K2PO4&nbsp;40&nbsp;mEq</b><br>5% D/NSS&nbsp;1000&nbsp;mL,0
43,<b>K2PO4&nbsp;40&nbsp;mEq</b><br>5% D/NSS&nbsp;1020&nbsp;mL,0
43,<b>K2PO4&nbsp;40&nbsp;mEq</b><br>5% D/W&nbsp;1000&nbsp;mL,0
43,<b>K2PO4&nbsp;60&nbsp;mEq</b><br>0.9% NaC&nbsp;1000&nbsp;mL,0
29,<b>Kamillosan spray</b>,0
43,<b>KCl&nbsp;10&nbsp;mcg</b><br>0.9% NaC&nbsp;100&nbsp;mL,0
43,<b>KCl&nbsp;10&nbsp;mcg</b><br>0.9% NaC&nbsp;50&nbsp;mL,0
43,<b>KCl&nbsp;10&nbsp;mEq</b><br>&nbsp;900&nbsp;mL,0
43,<b>KCl&nbsp;10&nbsp;mEq</b><br>0.9% NaC&nbsp;10&nbsp;mL,0
43,<b>KCl&nbsp;10&nbsp;mEq</b><br>0.9% NaC&nbsp;100&nbsp;mL,0
43,<b>KCl&nbsp;10&nbsp;mEq</b><br>0.9% NaC&nbsp;105&nbsp;mL,0
43,<b>KCl&nbsp;10&nbsp;mEq</b><br>0.9% NaC&nbsp;20&nbsp;mL,0
43,<b>KCl&nbsp;10&nbsp;mEq</b><br>0.9% NaC&nbsp;210&nbsp;mL,0
43,<b>KCl&nbsp;10&nbsp;mEq</b><br>0.9% NaC&nbsp;25&nbsp;mL,0
43,<b>KCl&nbsp;10&nbsp;mEq</b><br>0.9% NaC&nbsp;30&nbsp;mL,0
43,<b>KCl&nbsp;10&nbsp;mEq</b><br>0.9% NaC&nbsp;305&nbsp;mL,0
43,<b>KCl&nbsp;10&nbsp;mEq</b><br>0.9% NaC&nbsp;50&nbsp;mL,0
43,<b>KCl&nbsp;10&nbsp;mEq</b><br>0.9% NaC&nbsp;500&nbsp;mL,0
43,<b>KCl&nbsp;10&nbsp;mEq</b><br>0.9% NaC&nbsp;505&nbsp;mL,0
43,<b>KCl&nbsp;10&nbsp;mEq</b><br>0.9% NaC&nbsp;55&nbsp;mL,0
43,<b>KCl&nbsp;10&nbsp;mEq</b><br>0.9% NaC&nbsp;60&nbsp;mL,0
43,<b>KCl&nbsp;10&nbsp;mEq</b><br>0.9% NaC&nbsp;900&nbsp;mL,0
43,<b>KCl&nbsp;10&nbsp;mEq</b><br>5% D/N/2&nbsp;100&nbsp;mL,0
43,<b>KCl&nbsp;10&nbsp;mEq</b><br>5% D/N/2&nbsp;1000&nbsp;mL,0
43,<b>KCl&nbsp;10&nbsp;mEq</b><br>5% D/N/2&nbsp;400&nbsp;mL,0
43,<b>KCl&nbsp;10&nbsp;mEq</b><br>5% D/N/2&nbsp;405&nbsp;mL,0
43,<b>KCl&nbsp;10&nbsp;mEq</b><br>5% D/N/2&nbsp;500&nbsp;mL,0
43,<b>KCl&nbsp;10&nbsp;mEq</b><br>5% D/N/2&nbsp;705&nbsp;mL,0
43,<b>KCl&nbsp;10&nbsp;mEq</b><br>5% D/W&nbsp;100&nbsp;mL,0
43,<b>KCl&nbsp;10&nbsp;mEq</b><br>5% D/W&nbsp;20&nbsp;mL,0
43,<b>KCl&nbsp;10&nbsp;mEq</b><br>5% D/W&nbsp;50&nbsp;mL,0
43,<b>KCl&nbsp;10&nbsp;mEq</b><br>Acetar&nbsp;1000&nbsp;mL,0
43,<b>KCl&nbsp;10&nbsp;mEq</b><br>Acetar&nbsp;101&nbsp;mL,0
43,<b>KCl&nbsp;10&nbsp;mEq</b><br>Acetar&nbsp;200&nbsp;mL,0
43,<b>KCl&nbsp;10&nbsp;mEq</b><br>Acetar&nbsp;300&nbsp;mL,0
43,<b>KCl&nbsp;10&nbsp;mEq</b><br>Acetar&nbsp;350&nbsp;mL,0
43,<b>KCl&nbsp;10&nbsp;mEq</b><br>Acetar&nbsp;400&nbsp;mL,0
43,<b>KCl&nbsp;10&nbsp;mEq</b><br>Acetar&nbsp;500&nbsp;mL,0
43,<b>KCl&nbsp;10&nbsp;mEq</b><br>Acetar&nbsp;505&nbsp;mL,0
43,<b>KCl&nbsp;10&nbsp;mEq</b><br>Acetar&nbsp;800&nbsp;mL,0
43,<b>KCl&nbsp;10&nbsp;mEq</b><br>Ringer A&nbsp;1000&nbsp;mL,0
43,<b>KCl&nbsp;10&nbsp;mEq</b><br>Ringer A&nbsp;505&nbsp;mL,0
43,<b>KCl&nbsp;10&nbsp;mEq</b><br>Undilute&nbsp;10&nbsp;mL,0
43,<b>KCl&nbsp;10&nbsp;mEq</b><br>Undilute&nbsp;50&nbsp;mL,0
43,<b>KCl&nbsp;10&nbsp;mmol</b><br>Acetar&nbsp;205&nbsp;mL,0
43,<b>KCl&nbsp;12&nbsp;mEq</b><br>0.9% NaC&nbsp;100&nbsp;mL,0
43,<b>KCl&nbsp;14&nbsp;mEq</b><br>0.9% NaC&nbsp;100&nbsp;mL,0
43,<b>KCl&nbsp;15&nbsp;mEq</b><br>0.9% NaC&nbsp;100&nbsp;mL,0
43,<b>KCl&nbsp;15&nbsp;mEq</b><br>0.9% NaC&nbsp;101&nbsp;mL,0
43,<b>KCl&nbsp;15&nbsp;mEq</b><br>0.9% NaC&nbsp;107.5&nbsp;mL,0
43,<b>KCl&nbsp;15&nbsp;mEq</b><br>Acetar&nbsp;100&nbsp;mL,0
43,<b>KCl&nbsp;15&nbsp;mEq</b><br>Acetar&nbsp;700&nbsp;mL,0
43,<b>KCl&nbsp;15&nbsp;mEq</b><br>Undilute&nbsp;7.5&nbsp;mL,0
43,<b>KCl&nbsp;20&nbsp;mEq</b><br>&nbsp;20&nbsp;mL,0
43,<b>KCl&nbsp;20&nbsp;mEq</b><br>&nbsp;250&nbsp;mL,0
43,<b>KCl&nbsp;20&nbsp;mEq</b><br>0.9% NaC&nbsp;100&nbsp;mL,0
43,<b>KCl&nbsp;20&nbsp;mEq</b><br>0.9% NaC&nbsp;1000&nbsp;mL,0
43,<b>KCl&nbsp;20&nbsp;mEq</b><br>0.9% NaC&nbsp;1002&nbsp;mL,0
43,<b>KCl&nbsp;20&nbsp;mEq</b><br>0.9% NaC&nbsp;101&nbsp;mL,0
43,<b>KCl&nbsp;20&nbsp;mEq</b><br>0.9% NaC&nbsp;1010&nbsp;mL,0
43,<b>KCl&nbsp;20&nbsp;mEq</b><br>0.9% NaC&nbsp;110&nbsp;mL,0
43,<b>KCl&nbsp;20&nbsp;mEq</b><br>0.9% NaC&nbsp;120&nbsp;mL,0
43,<b>KCl&nbsp;20&nbsp;mEq</b><br>0.9% NaC&nbsp;20&nbsp;mL,0
43,<b>KCl&nbsp;20&nbsp;mEq</b><br>0.9% NaC&nbsp;200&nbsp;mL,0
43,<b>KCl&nbsp;20&nbsp;mEq</b><br>0.9% NaC&nbsp;25&nbsp;mL,0
43,<b>KCl&nbsp;20&nbsp;mEq</b><br>0.9% NaC&nbsp;260&nbsp;mL,0
43,<b>KCl&nbsp;20&nbsp;mEq</b><br>0.9% NaC&nbsp;30&nbsp;mL,0
43,<b>KCl&nbsp;20&nbsp;mEq</b><br>0.9% NaC&nbsp;300&nbsp;mL,0
43,<b>KCl&nbsp;20&nbsp;mEq</b><br>0.9% NaC&nbsp;40&nbsp;mL,0
43,<b>KCl&nbsp;20&nbsp;mEq</b><br>0.9% NaC&nbsp;50&nbsp;mL,0
43,<b>KCl&nbsp;20&nbsp;mEq</b><br>0.9% NaC&nbsp;500&nbsp;mL,0
43,<b>KCl&nbsp;20&nbsp;mEq</b><br>0.9% NaC&nbsp;510&nbsp;mL,0
43,<b>KCl&nbsp;20&nbsp;mEq</b><br>0.9% NaC&nbsp;60&nbsp;mL,0
43,<b>KCl&nbsp;20&nbsp;mEq</b><br>0.9% NaC&nbsp;600&nbsp;mL,0
43,<b>KCl&nbsp;20&nbsp;mEq</b><br>0.9% NaC&nbsp;710&nbsp;mL,0
43,<b>KCl&nbsp;20&nbsp;mEq</b><br>0.9% NaC&nbsp;800&nbsp;mL,0
43,<b>KCl&nbsp;20&nbsp;mEq</b><br>0.9% NaC&nbsp;810&nbsp;mL,0
43,<b>KCl&nbsp;20&nbsp;mEq</b><br>0.9% NaC&nbsp;900&nbsp;mL,0
43,<b>KCl&nbsp;20&nbsp;mEq</b><br>5% D/N/2&nbsp;1000&nbsp;mL,0
43,<b>KCl&nbsp;20&nbsp;mEq</b><br>5% D/N/2&nbsp;1001&nbsp;mL,0
43,<b>KCl&nbsp;20&nbsp;mEq</b><br>5% D/N/2&nbsp;1002&nbsp;mL,0
43,<b>KCl&nbsp;20&nbsp;mEq</b><br>5% D/N/2&nbsp;1010&nbsp;mL,0
43,<b>KCl&nbsp;20&nbsp;mEq</b><br>5% D/N/2&nbsp;1020&nbsp;mL,0
43,<b>KCl&nbsp;20&nbsp;mEq</b><br>5% D/N/2&nbsp;110&nbsp;mL,0
43,<b>KCl&nbsp;20&nbsp;mEq</b><br>5% D/N/2&nbsp;500&nbsp;mL,0
43,<b>KCl&nbsp;20&nbsp;mEq</b><br>5% D/N/2&nbsp;510&nbsp;mL,0
43,<b>KCl&nbsp;20&nbsp;mEq</b><br>5% D/N/2&nbsp;600&nbsp;mL,0
43,<b>KCl&nbsp;20&nbsp;mEq</b><br>5% D/N/2&nbsp;800&nbsp;mL,0
43,<b>KCl&nbsp;20&nbsp;mEq</b><br>5% D/N/2&nbsp;900&nbsp;mL,0
43,<b>KCl&nbsp;20&nbsp;mEq</b><br>5% D/NSS&nbsp;1000&nbsp;mL,0
43,<b>KCl&nbsp;20&nbsp;mEq</b><br>5% D/NSS&nbsp;1002&nbsp;mL,0
43,<b>KCl&nbsp;20&nbsp;mEq</b><br>5% D/NSS&nbsp;210&nbsp;mL,0
43,<b>KCl&nbsp;20&nbsp;mEq</b><br>5% D/NSS&nbsp;810&nbsp;mL,0
43,<b>KCl&nbsp;20&nbsp;mEq</b><br>5% D/NSS&nbsp;950&nbsp;mL,0
43,<b>KCl&nbsp;20&nbsp;mEq</b><br>5% D/W&nbsp;100&nbsp;mL,0
43,<b>KCl&nbsp;20&nbsp;mEq</b><br>5% D/W&nbsp;110&nbsp;mL,0
43,<b>KCl&nbsp;20&nbsp;mEq</b><br>5% D/W&nbsp;50&nbsp;mL,0
43,<b>KCl&nbsp;20&nbsp;mEq</b><br>5% D/W&nbsp;500&nbsp;mL,0
43,<b>KCl&nbsp;20&nbsp;mEq</b><br>Acetar&nbsp;1000&nbsp;mL,0
43,<b>KCl&nbsp;20&nbsp;mEq</b><br>Acetar&nbsp;1010&nbsp;mL,0
43,<b>KCl&nbsp;20&nbsp;mEq</b><br>Acetar&nbsp;1020&nbsp;mL,0
43,<b>KCl&nbsp;20&nbsp;mEq</b><br>Acetar&nbsp;400&nbsp;mL,0
43,<b>KCl&nbsp;20&nbsp;mEq</b><br>Acetar&nbsp;500&nbsp;mL,0
43,<b>KCl&nbsp;20&nbsp;mEq</b><br>Acetar&nbsp;502&nbsp;mL,0
43,<b>KCl&nbsp;20&nbsp;mEq</b><br>Acetar&nbsp;510&nbsp;mL,0
43,<b>KCl&nbsp;20&nbsp;mEq</b><br>Acetar&nbsp;550&nbsp;mL,0
43,<b>KCl&nbsp;20&nbsp;mEq</b><br>Acetar&nbsp;600&nbsp;mL,0
43,<b>KCl&nbsp;20&nbsp;mEq</b><br>Acetar&nbsp;610&nbsp;mL,0
43,<b>KCl&nbsp;20&nbsp;mEq</b><br>Acetar&nbsp;700&nbsp;mL,0
43,<b>KCl&nbsp;20&nbsp;mEq</b><br>Acetar&nbsp;710&nbsp;mL,0
43,<b>KCl&nbsp;20&nbsp;mEq</b><br>Acetar&nbsp;760&nbsp;mL,0
43,<b>KCl&nbsp;20&nbsp;mEq</b><br>Acetar&nbsp;775&nbsp;mL,0
43,<b>KCl&nbsp;20&nbsp;mEq</b><br>Acetar&nbsp;800&nbsp;mL,0
43,<b>KCl&nbsp;20&nbsp;mEq</b><br>Acetar&nbsp;900&nbsp;mL,0
43,<b>KCl&nbsp;20&nbsp;mEq</b><br>Ringer A&nbsp;810&nbsp;mL,0
43,<b>KCl&nbsp;20&nbsp;mEq</b><br>Undilute&nbsp;10&nbsp;mL,0
43,<b>KCl&nbsp;20&nbsp;mmol</b><br>&nbsp;50&nbsp;mL,0
43,<b>KCl&nbsp;20&nbsp;mmol</b><br>0.9% NaC&nbsp;110&nbsp;mL,0
43,<b>KCl&nbsp;20&nbsp;mmol</b><br>0.9% NaC&nbsp;50&nbsp;mL,0
43,<b>KCl&nbsp;20&nbsp;mmol</b><br>0.9% NaC&nbsp;500&nbsp;mL,0
43,<b>KCl&nbsp;20&nbsp;mmol</b><br>5% D/W&nbsp;100&nbsp;mL,0
43,<b>KCl&nbsp;20&nbsp;mmol</b><br>5% D/W&nbsp;50&nbsp;mL,0
43,<b>KCl&nbsp;20&nbsp;Units</b><br>5% D/N/2&nbsp;1000&nbsp;mL,0
43,<b>KCl&nbsp;28&nbsp;mEq</b><br>Acetar&nbsp;500&nbsp;mL,0
43,<b>KCl&nbsp;30&nbsp;mEq</b><br>0.9% NaC&nbsp;1000&nbsp;mL,0
43,<b>KCl&nbsp;30&nbsp;mEq</b><br>0.9% NaC&nbsp;115&nbsp;mL,0
43,<b>KCl&nbsp;30&nbsp;mEq</b><br>5% D/N/2&nbsp;1000&nbsp;mL,0
43,<b>KCl&nbsp;30&nbsp;mEq</b><br>5% D/N/2&nbsp;800&nbsp;mL,0
43,<b>KCl&nbsp;30&nbsp;mEq</b><br>5% D/NSS&nbsp;1000&nbsp;mL,0
43,<b>KCl&nbsp;30&nbsp;mmol</b><br>5% D/N/2&nbsp;500&nbsp;mL,0
43,<b>KCl&nbsp;40&nbsp;mEq</b><br>&nbsp;1000&nbsp;mL,0
43,<b>KCl&nbsp;40&nbsp;mEq</b><br>0.9% NaC&nbsp;100&nbsp;mL,0
43,<b>KCl&nbsp;40&nbsp;mEq</b><br>0.9% NaC&nbsp;1000&nbsp;mL,0
43,<b>KCl&nbsp;40&nbsp;mEq</b><br>0.9% NaC&nbsp;10000&nbsp;mL,0
43,<b>KCl&nbsp;40&nbsp;mEq</b><br>0.9% NaC&nbsp;1002&nbsp;mL,0
43,<b>KCl&nbsp;40&nbsp;mEq</b><br>0.9% NaC&nbsp;1005&nbsp;mL,0
43,<b>KCl&nbsp;40&nbsp;mEq</b><br>0.9% NaC&nbsp;1020&nbsp;mL,0
43,<b>KCl&nbsp;40&nbsp;mEq</b><br>0.9% NaC&nbsp;120&nbsp;mL,0
43,<b>KCl&nbsp;40&nbsp;mEq</b><br>0.9% NaC&nbsp;400&nbsp;mL,0
43,<b>KCl&nbsp;40&nbsp;mEq</b><br>0.9% NaC&nbsp;50&nbsp;mL,0
43,<b>KCl&nbsp;40&nbsp;mEq</b><br>0.9% NaC&nbsp;500&nbsp;mL,0
43,<b>KCl&nbsp;40&nbsp;mEq</b><br>0.9% NaC&nbsp;510&nbsp;mL,0
43,<b>KCl&nbsp;40&nbsp;mEq</b><br>0.9% NaC&nbsp;520&nbsp;mL,0
43,<b>KCl&nbsp;40&nbsp;mEq</b><br>0.9% NaC&nbsp;800&nbsp;mL,0
43,<b>KCl&nbsp;40&nbsp;mEq</b><br>0.9% NaC&nbsp;900&nbsp;mL,0
43,<b>KCl&nbsp;40&nbsp;mEq</b><br>5% D/N/2&nbsp;1000&nbsp;mL,0
43,<b>KCl&nbsp;40&nbsp;mEq</b><br>5% D/N/2&nbsp;1010&nbsp;mL,0
43,<b>KCl&nbsp;40&nbsp;mEq</b><br>5% D/N/2&nbsp;1020&nbsp;mL,0
43,<b>KCl&nbsp;40&nbsp;mEq</b><br>5% D/N/2&nbsp;120&nbsp;mL,0
43,<b>KCl&nbsp;40&nbsp;mEq</b><br>5% D/N/2&nbsp;500&nbsp;mL,0
43,<b>KCl&nbsp;40&nbsp;mEq</b><br>5% D/N/2&nbsp;700&nbsp;mL,0
43,<b>KCl&nbsp;40&nbsp;mEq</b><br>5% D/N/2&nbsp;720&nbsp;mL,0
43,<b>KCl&nbsp;40&nbsp;mEq</b><br>5% D/N/2&nbsp;800&nbsp;mL,0
43,<b>KCl&nbsp;40&nbsp;mEq</b><br>5% D/N/2&nbsp;870&nbsp;mL,0
43,<b>KCl&nbsp;40&nbsp;mEq</b><br>5% D/N/2&nbsp;990&nbsp;mL,0
43,<b>KCl&nbsp;40&nbsp;mEq</b><br>5% D/NSS&nbsp;1000&nbsp;mL,0
43,<b>KCl&nbsp;40&nbsp;mEq</b><br>5% D/NSS&nbsp;1020&nbsp;mL,0
43,<b>KCl&nbsp;40&nbsp;mEq</b><br>5% D/W&nbsp;100&nbsp;mL,0
43,<b>KCl&nbsp;40&nbsp;mEq</b><br>5% D/W&nbsp;120&nbsp;mL,0
43,<b>KCl&nbsp;40&nbsp;mEq</b><br>Acetar&nbsp;1000&nbsp;mL,0
43,<b>KCl&nbsp;40&nbsp;mEq</b><br>Acetar&nbsp;1002&nbsp;mL,0
43,<b>KCl&nbsp;40&nbsp;mEq</b><br>Acetar&nbsp;1010&nbsp;mL,0
43,<b>KCl&nbsp;40&nbsp;mEq</b><br>Acetar&nbsp;1020&nbsp;mL,0
43,<b>KCl&nbsp;40&nbsp;mEq</b><br>Acetar&nbsp;700&nbsp;mL,0
43,<b>KCl&nbsp;40&nbsp;mEq</b><br>Acetar&nbsp;820&nbsp;mL,0
43,<b>KCl&nbsp;40&nbsp;mEq</b><br>Acetar&nbsp;900&nbsp;mL,0
43,<b>KCl&nbsp;40&nbsp;mEq</b><br>Ringer A&nbsp;1000&nbsp;mL,0
43,<b>KCl&nbsp;40&nbsp;mEq</b><br>Ringer A&nbsp;1005&nbsp;mL,0
43,<b>KCl&nbsp;40&nbsp;mInt.Units</b><br>0.9% NaC&nbsp;1000&nbsp;mL,0
43,<b>KCl&nbsp;40&nbsp;mmol</b><br>0.9% NaC&nbsp;1000&nbsp;mL,0
43,<b>KCl&nbsp;40&nbsp;mmol</b><br>5% D/N/2&nbsp;1000&nbsp;mL,0
43,<b>KCl&nbsp;40&nbsp;mmol</b><br>Acetar&nbsp;1000&nbsp;mL,0
43,<b>KCl&nbsp;5&nbsp;mEq</b><br>0.9% NaC&nbsp;100&nbsp;mL,0
43,<b>KCl&nbsp;5&nbsp;mEq</b><br>0.9% NaC&nbsp;25&nbsp;mL,0
43,<b>KCl&nbsp;5&nbsp;mEq</b><br>0.9% NaC&nbsp;50&nbsp;mL,0
43,<b>KCl&nbsp;5&nbsp;mEq</b><br>Acetar&nbsp;152.5&nbsp;mL,0
43,<b>KCl&nbsp;5&nbsp;mEq</b><br>Acetar&nbsp;50&nbsp;mL,0
43,<b>KCl&nbsp;60&nbsp;mEq</b><br>0.9% NaC&nbsp;1000&nbsp;mL,0
43,<b>KCl&nbsp;60&nbsp;mEq</b><br>0.9% NaC&nbsp;2000&nbsp;mL,0
43,<b>KCl&nbsp;60&nbsp;mEq</b><br>0.9% NaC&nbsp;700&nbsp;mL,0
43,<b>KCl&nbsp;60&nbsp;mEq</b><br>5% D/N/2&nbsp;1000&nbsp;mL,0
43,<b>KCl&nbsp;60&nbsp;mEq</b><br>5% D/N/2&nbsp;1030&nbsp;mL,0
43,<b>KCl&nbsp;60&nbsp;mEq</b><br>5% D/NSS&nbsp;1000&nbsp;mL,0
43,<b>KCl&nbsp;60&nbsp;mEq</b><br>5% D/NSS&nbsp;1006&nbsp;mL,0
43,<b>KCl&nbsp;60&nbsp;mEq</b><br>5% D/W&nbsp;1000&nbsp;mL,0
43,<b>KCl&nbsp;60&nbsp;mEq</b><br>Acetar&nbsp;1000&nbsp;mL,0
43,<b>KCl&nbsp;60&nbsp;mEq</b><br>Acetar&nbsp;1030&nbsp;mL,0
43,<b>KCl&nbsp;80&nbsp;mEq</b><br>&nbsp;1000&nbsp;mL,0
43,<b>KCl&nbsp;80&nbsp;mEq</b><br>0.9% NaC&nbsp;1000&nbsp;mL,0
43,<b>KCl&nbsp;80&nbsp;mEq</b><br>5% D/N/2&nbsp;1000&nbsp;mL,0
33,<b>Ketamine&nbsp;10&nbsp;mg</b><br>0.9% NaC&nbsp;10&nbsp;mL,0
33,<b>Ketamine&nbsp;10&nbsp;mg</b><br>0.9% NaC&nbsp;20&nbsp;mL,0
33,<b>Ketamine&nbsp;10&nbsp;mg</b><br>Undilute&nbsp;10&nbsp;mL,0
33,<b>Ketamine&nbsp;100&nbsp;mcg</b><br>0.9% NaC&nbsp;25&nbsp;mL,0
33,<b>Ketamine&nbsp;100&nbsp;mg</b><br>0.9% NaC&nbsp;10&nbsp;mL,0
33,<b>Ketamine&nbsp;100&nbsp;mg</b><br>0.9% NaC&nbsp;100&nbsp;mL,0
33,<b>Ketamine&nbsp;100&nbsp;mg</b><br>0.9% NaC&nbsp;20&nbsp;mL,0
33,<b>Ketamine&nbsp;100&nbsp;mg</b><br>0.9% NaC&nbsp;25&nbsp;mL,0
33,<b>Ketamine&nbsp;100&nbsp;mg</b><br>0.9% NaC&nbsp;50&nbsp;mL,0
33,<b>Ketamine&nbsp;100&nbsp;mg</b><br>0.9% NaC&nbsp;52&nbsp;mL,0
33,<b>Ketamine&nbsp;12&nbsp;mg</b><br>0.9% NaC&nbsp;12&nbsp;mL,0
33,<b>Ketamine&nbsp;12.5&nbsp;mg</b><br>0.9% NaC&nbsp;25&nbsp;mL,0
33,<b>Ketamine&nbsp;125&nbsp;mg</b><br>0.9% NaC&nbsp;250&nbsp;mL,0
33,<b>Ketamine&nbsp;125&nbsp;mg</b><br>0.9% NaC&nbsp;500&nbsp;mL,0
33,<b>Ketamine&nbsp;15&nbsp;mg</b><br>0.9% NaC&nbsp;10&nbsp;mL,0
33,<b>Ketamine&nbsp;15&nbsp;mg</b><br>0.9% NaC&nbsp;15&nbsp;mL,0
33,<b>Ketamine&nbsp;150&nbsp;mg</b><br>0.9% NaC&nbsp;500&nbsp;mL,0
33,<b>Ketamine&nbsp;17&nbsp;mg</b><br>0.9% NaC&nbsp;17&nbsp;mL,0
33,<b>Ketamine&nbsp;2&nbsp;mg</b><br>&nbsp;1&nbsp;mL,0
33,<b>Ketamine&nbsp;2&nbsp;mg</b><br>0.9% NaC&nbsp;1&nbsp;mL,0
33,<b>Ketamine&nbsp;2&nbsp;mg</b><br>0.9% NaC&nbsp;20&nbsp;mL,0
33,<b>Ketamine&nbsp;2.5&nbsp;mg</b><br>0.9% NaC&nbsp;1&nbsp;mL,0
33,<b>Ketamine&nbsp;20&nbsp;mg</b><br>&nbsp;10&nbsp;mL,0
33,<b>Ketamine&nbsp;20&nbsp;mg</b><br>0.9% NaC&nbsp;10&nbsp;mL,0
33,<b>Ketamine&nbsp;20&nbsp;mg</b><br>0.9% NaC&nbsp;20&nbsp;mL,0
33,<b>Ketamine&nbsp;20&nbsp;mg</b><br>Acetar&nbsp;10&nbsp;mL,0
33,<b>Ketamine&nbsp;20&nbsp;mg</b><br>Undilute&nbsp;20&nbsp;mL,0
33,<b>Ketamine&nbsp;200&nbsp;mcg</b><br>0.9% NaC&nbsp;50&nbsp;mL,0
33,<b>Ketamine&nbsp;200&nbsp;mg</b><br>0.9% NaC&nbsp;20&nbsp;mL,0
33,<b>Ketamine&nbsp;200&nbsp;mg</b><br>Acetar&nbsp;300&nbsp;mL,0
33,<b>Ketamine&nbsp;220&nbsp;mg</b><br>0.9% NaC&nbsp;110&nbsp;mL,0
33,<b>Ketamine&nbsp;25&nbsp;mg</b><br>&nbsp;25&nbsp;mL,0
33,<b>Ketamine&nbsp;25&nbsp;mg</b><br>0.9% NaC&nbsp;10&nbsp;mL,0
33,<b>Ketamine&nbsp;25&nbsp;mg</b><br>0.9% NaC&nbsp;20&nbsp;mL,0
33,<b>Ketamine&nbsp;25&nbsp;mg</b><br>0.9% NaC&nbsp;21&nbsp;mL,0
33,<b>Ketamine&nbsp;25&nbsp;mg</b><br>0.9% NaC&nbsp;25&nbsp;mL,0
33,<b>Ketamine&nbsp;25&nbsp;mg</b><br>0.9% NaC&nbsp;25.5&nbsp;mL,0
33,<b>Ketamine&nbsp;25&nbsp;mg</b><br>0.9% NaC&nbsp;50&nbsp;mL,0
33,<b>Ketamine&nbsp;25&nbsp;mg</b><br>Acetar&nbsp;25&nbsp;mL,0
33,<b>Ketamine&nbsp;25&nbsp;mg</b><br>Undilute&nbsp;2.5&nbsp;mL,0
33,<b>Ketamine&nbsp;250&nbsp;mg</b><br>0.9% NaC&nbsp;10&nbsp;mL,0
33,<b>Ketamine&nbsp;250&nbsp;mg</b><br>0.9% NaC&nbsp;50&nbsp;mL,0
33,<b>Ketamine&nbsp;250&nbsp;mg</b><br>Acetar&nbsp;50&nbsp;mL,0
33,<b>Ketamine&nbsp;30&nbsp;mg</b><br>0.9% NaC&nbsp;10&nbsp;mL,0
33,<b>Ketamine&nbsp;30&nbsp;mg</b><br>0.9% NaC&nbsp;100&nbsp;mL,0
33,<b>Ketamine&nbsp;30&nbsp;mg</b><br>0.9% NaC&nbsp;15&nbsp;mL,0
33,<b>Ketamine&nbsp;30&nbsp;mg</b><br>0.9% NaC&nbsp;20&nbsp;mL,0
33,<b>Ketamine&nbsp;4&nbsp;mcg</b><br>0.9% NaC&nbsp;1&nbsp;mL,0
33,<b>Ketamine&nbsp;40&nbsp;mg</b><br>&nbsp;20&nbsp;mL,0
33,<b>Ketamine&nbsp;40&nbsp;mg</b><br>0.9% NaC&nbsp;100&nbsp;mL,0
33,<b>Ketamine&nbsp;40&nbsp;mg</b><br>0.9% NaC&nbsp;20&nbsp;mL,0
33,<b>Ketamine&nbsp;40&nbsp;mg</b><br>0.9% NaC&nbsp;20.8&nbsp;mL,0
33,<b>Ketamine&nbsp;40&nbsp;mg</b><br>Acetar&nbsp;402&nbsp;mL,0
33,<b>Ketamine&nbsp;45&nbsp;mg</b><br>0.9% NaC&nbsp;14.9&nbsp;mL,0
33,<b>Ketamine&nbsp;5&nbsp;mg</b><br>0.9% NaC&nbsp;1&nbsp;mL,0
33,<b>Ketamine&nbsp;5&nbsp;mg</b><br>0.9% NaC&nbsp;10&nbsp;mL,0
33,<b>Ketamine&nbsp;50&nbsp;mcg</b><br>0.9% NaC&nbsp;10&nbsp;mL,0
33,<b>Ketamine&nbsp;50&nbsp;mcg</b><br>Acetar&nbsp;25&nbsp;mL,0
33,<b>Ketamine&nbsp;50&nbsp;mg</b><br>&nbsp;25&nbsp;mL,0
33,<b>Ketamine&nbsp;50&nbsp;mg</b><br>&nbsp;50&nbsp;mL,0
33,<b>Ketamine&nbsp;50&nbsp;mg</b><br>0.9% NaC&nbsp;10&nbsp;mL,0
33,<b>Ketamine&nbsp;50&nbsp;mg</b><br>0.9% NaC&nbsp;100&nbsp;mL,0
33,<b>Ketamine&nbsp;50&nbsp;mg</b><br>0.9% NaC&nbsp;15&nbsp;mL,0
33,<b>Ketamine&nbsp;50&nbsp;mg</b><br>0.9% NaC&nbsp;20&nbsp;mL,0
33,<b>Ketamine&nbsp;50&nbsp;mg</b><br>0.9% NaC&nbsp;21&nbsp;mL,0
33,<b>Ketamine&nbsp;50&nbsp;mg</b><br>0.9% NaC&nbsp;25&nbsp;mL,0
33,<b>Ketamine&nbsp;50&nbsp;mg</b><br>0.9% NaC&nbsp;5&nbsp;mL,0
33,<b>Ketamine&nbsp;50&nbsp;mg</b><br>0.9% NaC&nbsp;50&nbsp;mL,0
33,<b>Ketamine&nbsp;50&nbsp;mg</b><br>5% D/W&nbsp;50&nbsp;mL,0
33,<b>Ketamine&nbsp;50&nbsp;mg</b><br>Undilute&nbsp;1&nbsp;mL,0
33,<b>Ketamine&nbsp;50&nbsp;mg</b><br>Undilute&nbsp;20&nbsp;mL,0
33,<b>Ketamine&nbsp;50&nbsp;mg</b><br>Undilute&nbsp;5&nbsp;mL,0
33,<b>Ketamine&nbsp;500&nbsp;mg</b><br>5% D/W&nbsp;25&nbsp;mL,0
33,<b>Ketamine&nbsp;500&nbsp;mg</b><br>5% D/W&nbsp;250&nbsp;mL,0
33,<b>Ketamine&nbsp;75&nbsp;mg</b><br>Undilute&nbsp;16.5&nbsp;mL,0
33,<b>Ketamine&nbsp;75&nbsp;mg</b><br>Undilute&nbsp;3&nbsp;mL,0
33,<b>Ketamine&nbsp;80&nbsp;mg</b><br>0.9% NaC&nbsp;8&nbsp;mL,0
33,<b>Ketamine&nbsp;85&nbsp;mg</b><br>0.9% NaC&nbsp;10&nbsp;mL,0
15,<b>Ketamine</b><br>IV,0
53,<b>Ketorola</b><br>IV,0
53,<b>Ketorolac</b><br>IV,0
25,<b>Ketorolac</b><br>IV,0
38,<b>Labetalol&nbsp;1&nbsp;mg</b><br>Undilute&nbsp;1&nbsp;mL,0
38,<b>Labetalol&nbsp;10&nbsp;mg</b><br>0.9% NaC&nbsp;20&nbsp;mL,0
38,<b>Labetalol&nbsp;100&nbsp;mg</b><br>0.9% NaC&nbsp;100&nbsp;mL,0
38,<b>Labetalol&nbsp;100&nbsp;mg</b><br>0.9% NaC&nbsp;25&nbsp;mL,0
38,<b>Labetalol&nbsp;100&nbsp;mg</b><br>5% D/W&nbsp;100&nbsp;mL,0
38,<b>Labetalol&nbsp;2&nbsp;mg</b><br>0.9% NaC&nbsp;1&nbsp;mL,0
38,<b>Labetalol&nbsp;200&nbsp;mg</b><br>0.9% NaC&nbsp;200&nbsp;mL,0
38,<b>Labetalol&nbsp;25&nbsp;mg</b><br>0.9% NaC&nbsp;25&nbsp;mL,0
38,<b>Labetalol&nbsp;30&nbsp;mg</b><br>0.9% NaC&nbsp;12&nbsp;mL,0
38,<b>Labetalol&nbsp;50&nbsp;mg</b><br>0.9% NaC&nbsp;100&nbsp;mL,0
38,<b>Labetalol&nbsp;50&nbsp;mg</b><br>0.9% NaC&nbsp;250&nbsp;mL,0
22,<b>Labetalol</b><br>IV,0
28,<b>Levetiracetam</b><br>,0
28,<b>Levetiracetam</b><br>IM,0
28,<b>Levetiracetam</b><br>IV,0
28,<b>Levetiracetam</b><br>Spinal,0
46,<b>Levobupivacaine&nbsp;0.2&nbsp;%</b><br>Fentanyl&nbsp;2&nbsp;mcg/ml<br>Epidural,0
47,<b>Levobupivacaine&nbsp;0.375&nbsp;%</b><br>Epidural,0
18,<b>Levobupivacaine</b><br>&nbsp;%<br>,0
18,<b>Levobupivacaine</b><br>&nbsp;%<br>PNB,0
18,<b>Levobupivacaine</b><br>0.19&nbsp;%<br>PNB,0
18,<b>Levobupivacaine</b><br>0.2&nbsp;%<br>PNB,0
18,<b>Levobupivacaine</b><br>0.25&nbsp;%<br>,0
18,<b>Levobupivacaine</b><br>0.25&nbsp;%<br>Local infiltration,0
18,<b>Levobupivacaine</b><br>0.25&nbsp;%<br>PNB,0
18,<b>Levobupivacaine</b><br>0.25&nbsp;%<br>PNB Catheter,0
18,<b>Levobupivacaine</b><br>0.28&nbsp;%<br>PNB Catheter,0
18,<b>Levobupivacaine</b><br>0.3&nbsp;%<br>PNB,0
18,<b>Levobupivacaine</b><br>0.3&nbsp;%<br>PNB Catheter,0
18,<b>Levobupivacaine</b><br>0.33&nbsp;%<br>PNB,0
18,<b>Levobupivacaine</b><br>0.38&nbsp;%<br>PNB,0
18,<b>Levobupivacaine</b><br>0.4&nbsp;%<br>PNB,0
18,<b>Levobupivacaine</b><br>0.5&nbsp;%<br>,0
18,<b>Levobupivacaine</b><br>0.5&nbsp;%<br>Local infiltration,0
18,<b>Levobupivacaine</b><br>0.5&nbsp;%<br>PNB,0
18,<b>Levobupivacaine</b><br>0.5&nbsp;%<br>Spinal,0
18,<b>Levobupivacaine</b><br>2&nbsp;%<br>Local infiltration,0
18,<b>Levobupivacaine</b><br>2.5&nbsp;%<br>PNB,0
55,<b>Levofloxacin&nbsp;750&nbsp;mg</b><br>Undilute&nbsp;150&nbsp;mL,0
9,<b>Levofloxacin</b><br>IV,0
18,<b>Lidocaine w Adrenaline</b><br>&nbsp;%<br>,0
18,<b>Lidocaine w Adrenaline</b><br>&nbsp;%<br>Epidural,0
18,<b>Lidocaine w Adrenaline</b><br>&nbsp;%<br>Intranasal,0
18,<b>Lidocaine w Adrenaline</b><br>&nbsp;%<br>IV,0
18,<b>Lidocaine w Adrenaline</b><br>&nbsp;%<br>Local infiltration,0
18,<b>Lidocaine w Adrenaline</b><br>0.01&nbsp;%<br>Local infiltration,0
18,<b>Lidocaine w Adrenaline</b><br>0.02&nbsp;%<br>Local infiltration,0
18,<b>Lidocaine w Adrenaline</b><br>0.03&nbsp;%<br>Local infiltration,0
18,<b>Lidocaine w Adrenaline</b><br>0.04&nbsp;%<br>Local infiltration,0
18,<b>Lidocaine w Adrenaline</b><br>0.05&nbsp;%<br>Local infiltration,0
18,<b>Lidocaine w Adrenaline</b><br>0.06&nbsp;%<br>Local infiltration,0
18,<b>Lidocaine w Adrenaline</b><br>0.07&nbsp;%<br>Local infiltration,0
18,<b>Lidocaine w Adrenaline</b><br>0.1&nbsp;%<br>IV,0
18,<b>Lidocaine w Adrenaline</b><br>0.1&nbsp;%<br>Local infiltration,0
18,<b>Lidocaine w Adrenaline</b><br>0.15&nbsp;%<br>Epidural,0
18,<b>Lidocaine w Adrenaline</b><br>0.15&nbsp;%<br>Local infiltration,0
18,<b>Lidocaine w Adrenaline</b><br>0.16&nbsp;%<br>Local infiltration,0
18,<b>Lidocaine w Adrenaline</b><br>0.16&nbsp;%<br>SC,0
18,<b>Lidocaine w Adrenaline</b><br>0.17&nbsp;%<br>Local infiltration,0
18,<b>Lidocaine w Adrenaline</b><br>0.2&nbsp;%<br>Epidural,0
18,<b>Lidocaine w Adrenaline</b><br>0.2&nbsp;%<br>Local infiltration,0
18,<b>Lidocaine w Adrenaline</b><br>0.2&nbsp;%<br>PNB,0
18,<b>Lidocaine w Adrenaline</b><br>0.22&nbsp;%<br>Local infiltration,0
18,<b>Lidocaine w Adrenaline</b><br>0.25&nbsp;%<br>Local infiltration,0
18,<b>Lidocaine w Adrenaline</b><br>0.25&nbsp;%<br>PNB,0
18,<b>Lidocaine w Adrenaline</b><br>0.3&nbsp;%<br>Local infiltration,0
18,<b>Lidocaine w Adrenaline</b><br>0.33&nbsp;%<br>Local infiltration,0
18,<b>Lidocaine w Adrenaline</b><br>0.35&nbsp;%<br>Local infiltration,0
18,<b>Lidocaine w Adrenaline</b><br>0.38&nbsp;%<br>Local infiltration,0
18,<b>Lidocaine w Adrenaline</b><br>0.4&nbsp;%<br>Local infiltration,0
18,<b>Lidocaine w Adrenaline</b><br>0.45&nbsp;%<br>Local infiltration,0
18,<b>Lidocaine w Adrenaline</b><br>0.5&nbsp;%<br>,0
18,<b>Lidocaine w Adrenaline</b><br>0.5&nbsp;%<br>Epidural,0
18,<b>Lidocaine w Adrenaline</b><br>0.5&nbsp;%<br>IV,0
18,<b>Lidocaine w Adrenaline</b><br>0.5&nbsp;%<br>Local infiltration,0
18,<b>Lidocaine w Adrenaline</b><br>0.5&nbsp;%<br>PNB,0
18,<b>Lidocaine w Adrenaline</b><br>0.5&nbsp;%<br>SC,0
18,<b>Lidocaine w Adrenaline</b><br>0.6&nbsp;%<br>Epidural,0
18,<b>Lidocaine w Adrenaline</b><br>0.6&nbsp;%<br>Local infiltration,0
18,<b>Lidocaine w Adrenaline</b><br>0.67&nbsp;%<br>Local infiltration,0
18,<b>Lidocaine w Adrenaline</b><br>0.7&nbsp;%<br>Local infiltration,0
18,<b>Lidocaine w Adrenaline</b><br>1&nbsp;%<br>,0
18,<b>Lidocaine w Adrenaline</b><br>1&nbsp;%<br>Caudal,0
18,<b>Lidocaine w Adrenaline</b><br>1&nbsp;%<br>Epidural,0
18,<b>Lidocaine w Adrenaline</b><br>1&nbsp;%<br>Eye Drop,0
18,<b>Lidocaine w Adrenaline</b><br>1&nbsp;%<br>IM,0
18,<b>Lidocaine w Adrenaline</b><br>1&nbsp;%<br>Intranasal,0
18,<b>Lidocaine w Adrenaline</b><br>1&nbsp;%<br>IV,0
18,<b>Lidocaine w Adrenaline</b><br>1&nbsp;%<br>Local infiltration,0
18,<b>Lidocaine w Adrenaline</b><br>1&nbsp;%<br>PNB,0
18,<b>Lidocaine w Adrenaline</b><br>1&nbsp;%<br>PNB Catheter,0
18,<b>Lidocaine w Adrenaline</b><br>1&nbsp;%<br>SC,0
18,<b>Lidocaine w Adrenaline</b><br>1&nbsp;%<br>Spinal,0
18,<b>Lidocaine w Adrenaline</b><br>1&nbsp;%<br>Spray vocal cord,0
18,<b>Lidocaine w Adrenaline</b><br>1.2&nbsp;%<br>PNB,0
18,<b>Lidocaine w Adrenaline</b><br>1.5&nbsp;%<br>,0
18,<b>Lidocaine w Adrenaline</b><br>1.5&nbsp;%<br>Epidural,0
18,<b>Lidocaine w Adrenaline</b><br>1.5&nbsp;%<br>Intranasal,0
18,<b>Lidocaine w Adrenaline</b><br>1.5&nbsp;%<br>Local infiltration,0
18,<b>Lidocaine w Adrenaline</b><br>1.5&nbsp;%<br>PNB,0
18,<b>Lidocaine w Adrenaline</b><br>1.6&nbsp;%<br>PNB,0
18,<b>Lidocaine w Adrenaline</b><br>1.75&nbsp;%<br>Epidural,0
18,<b>Lidocaine w Adrenaline</b><br>10&nbsp;%<br>IV,0
18,<b>Lidocaine w Adrenaline</b><br>10&nbsp;%<br>Local infiltration,0
18,<b>Lidocaine w Adrenaline</b><br>10&nbsp;%<br>Spray vocal cord,0
18,<b>Lidocaine w Adrenaline</b><br>2&nbsp;%<br>,0
18,<b>Lidocaine w Adrenaline</b><br>2&nbsp;%<br>Epidural,0
18,<b>Lidocaine w Adrenaline</b><br>2&nbsp;%<br>Intranasal,0
18,<b>Lidocaine w Adrenaline</b><br>2&nbsp;%<br>IV,0
18,<b>Lidocaine w Adrenaline</b><br>2&nbsp;%<br>Local infiltration,0
18,<b>Lidocaine w Adrenaline</b><br>2&nbsp;%<br>PNB,0
18,<b>Lidocaine w Adrenaline</b><br>2&nbsp;%<br>PNB Catheter,0
18,<b>Lidocaine w Adrenaline</b><br>2&nbsp;%<br>SC,0
18,<b>Lidocaine w Adrenaline</b><br>2&nbsp;%<br>Spinal,0
18,<b>Lidocaine w Adrenaline</b><br>2&nbsp;%<br>Spray vocal cord,0
18,<b>Lidocaine w Adrenaline</b><br>3&nbsp;%<br>Epidural,0
18,<b>Lidocaine w Adrenaline</b><br>3&nbsp;%<br>Local infiltration,0
18,<b>Lidocaine w Adrenaline</b><br>4&nbsp;%<br>Local infiltration,0
18,<b>Lidocaine w Adrenaline</b><br>5&nbsp;%<br>Local infiltration,0
47,<b>Lidocaine&nbsp;&nbsp;%</b><br>IV,0
47,<b>Lidocaine&nbsp;0.03&nbsp;%</b><br>Local infiltration,0
47,<b>Lidocaine&nbsp;0.125&nbsp;%</b><br>Epidural,0
47,<b>Lidocaine&nbsp;0.2&nbsp;%</b><br>Epidural,0
46,<b>Lidocaine&nbsp;0.2&nbsp;%</b><br>Fentanyl&nbsp;2&nbsp;mcg/ml<br>Epidural,0
46,<b>Lidocaine&nbsp;0.2&nbsp;%</b><br>Fentanyl&nbsp;20&nbsp;mcg/ml<br>Epidural,0
47,<b>Lidocaine&nbsp;0.4&nbsp;%</b><br>Local infiltration,0
46,<b>Lidocaine&nbsp;0.5&nbsp;%</b><br>Fentanyl&nbsp;4&nbsp;mcg/ml<br>Epidural,0
47,<b>Lidocaine&nbsp;0.5&nbsp;%</b><br>IV,0
46,<b>Lidocaine&nbsp;1&nbsp;%</b><br>&nbsp;&nbsp;<br>Epidural,0
47,<b>Lidocaine&nbsp;1&nbsp;%</b><br>Epidural,0
46,<b>Lidocaine&nbsp;1&nbsp;%</b><br>Fentanyl&nbsp;15&nbsp;mcg/ml<br>Epidural,0
46,<b>Lidocaine&nbsp;1&nbsp;%</b><br>Fentanyl&nbsp;2&nbsp;<br>Epidural,0
47,<b>Lidocaine&nbsp;1&nbsp;%</b><br>IV,0
47,<b>Lidocaine&nbsp;1&nbsp;%</b><br>Local infiltration,0
47,<b>Lidocaine&nbsp;1.5&nbsp;%</b><br>Epidural,0
46,<b>Lidocaine&nbsp;1.5&nbsp;%</b><br>Fentanyl&nbsp;2&nbsp;mcg/ml<br>Epidural,0
47,<b>Lidocaine&nbsp;2&nbsp;%</b><br>Epidural,0
46,<b>Lidocaine&nbsp;2&nbsp;%</b><br>Fentanyl&nbsp;2&nbsp;mcg/ml<br>Epidural,0
46,<b>Lidocaine&nbsp;2&nbsp;%</b><br>Fentanyl&nbsp;2.5&nbsp;mcg/ml<br>Epidural,0
46,<b>Lidocaine&nbsp;2&nbsp;%</b><br>Fentanyl&nbsp;3&nbsp;mcg/ml<br>Epidural,0
47,<b>Lidocaine&nbsp;2&nbsp;%</b><br>IV,0
47,<b>Lidocaine&nbsp;2&nbsp;%</b><br>Local infiltration,0
46,<b>Lidocaine&nbsp;50&nbsp;%</b><br>Fentanyl&nbsp;50&nbsp;mg/ml<br>IV,0
18,<b>Lidocaine</b><br>&nbsp;%<br>,0
18,<b>Lidocaine</b><br>&nbsp;%<br>Epidural,0
18,<b>Lidocaine</b><br>&nbsp;%<br>IV,0
18,<b>Lidocaine</b><br>&nbsp;%<br>Local infiltration,0
18,<b>Lidocaine</b><br>&nbsp;%<br>PNB,0
18,<b>Lidocaine</b><br>&nbsp;%<br>SC,0
18,<b>Lidocaine</b><br>&nbsp;%<br>Spray vocal cord,0
18,<b>Lidocaine</b><br>0.04&nbsp;%<br>Local infiltration,0
18,<b>Lidocaine</b><br>0.1&nbsp;%<br>Epidural,0
18,<b>Lidocaine</b><br>0.1&nbsp;%<br>IV,0
18,<b>Lidocaine</b><br>0.1&nbsp;%<br>Local infiltration,0
18,<b>Lidocaine</b><br>0.1&nbsp;%<br>PNB,0
18,<b>Lidocaine</b><br>0.1&nbsp;%<br>Spinal,0
18,<b>Lidocaine</b><br>0.14&nbsp;%<br>Local infiltration,0
18,<b>Lidocaine</b><br>0.15&nbsp;%<br>Epidural,0
18,<b>Lidocaine</b><br>0.15&nbsp;%<br>Local infiltration,0
18,<b>Lidocaine</b><br>0.15&nbsp;%<br>PNB,0
18,<b>Lidocaine</b><br>0.16&nbsp;%<br>Local infiltration,0
18,<b>Lidocaine</b><br>0.2&nbsp;%<br>,0
18,<b>Lidocaine</b><br>0.2&nbsp;%<br>Epidural,0
18,<b>Lidocaine</b><br>0.2&nbsp;%<br>IV,0
18,<b>Lidocaine</b><br>0.2&nbsp;%<br>Local infiltration,0
18,<b>Lidocaine</b><br>0.2&nbsp;%<br>PNB,0
18,<b>Lidocaine</b><br>0.25&nbsp;%<br>Epidural,0
18,<b>Lidocaine</b><br>0.25&nbsp;%<br>Local infiltration,0
18,<b>Lidocaine</b><br>0.3&nbsp;%<br>Local infiltration,0
18,<b>Lidocaine</b><br>0.3&nbsp;%<br>PNB,0
18,<b>Lidocaine</b><br>0.3&nbsp;%<br>PNB Catheter,0
18,<b>Lidocaine</b><br>0.33&nbsp;%<br>Local infiltration,0
18,<b>Lidocaine</b><br>0.33&nbsp;%<br>Nebulisation,0
18,<b>Lidocaine</b><br>0.33&nbsp;%<br>PNB,0
18,<b>Lidocaine</b><br>0.33&nbsp;%<br>PNB Catheter,0
18,<b>Lidocaine</b><br>0.4&nbsp;%<br>Epidural,0
18,<b>Lidocaine</b><br>0.4&nbsp;%<br>Local infiltration,0
18,<b>Lidocaine</b><br>0.4&nbsp;%<br>PNB,0
18,<b>Lidocaine</b><br>0.4&nbsp;%<br>PNB Catheter,0
18,<b>Lidocaine</b><br>0.4&nbsp;%<br>SC,0
18,<b>Lidocaine</b><br>0.5&nbsp;%<br>,0
18,<b>Lidocaine</b><br>0.5&nbsp;%<br>Epidural,0
18,<b>Lidocaine</b><br>0.5&nbsp;%<br>IV,0
18,<b>Lidocaine</b><br>0.5&nbsp;%<br>Local infiltration,0
18,<b>Lidocaine</b><br>0.5&nbsp;%<br>PNB,0
18,<b>Lidocaine</b><br>0.5&nbsp;%<br>SC,0
18,<b>Lidocaine</b><br>0.5&nbsp;%<br>Spinal,0
18,<b>Lidocaine</b><br>0.6&nbsp;%<br>Epidural,0
18,<b>Lidocaine</b><br>0.6&nbsp;%<br>Local infiltration,0
18,<b>Lidocaine</b><br>0.67&nbsp;%<br>PNB,0
18,<b>Lidocaine</b><br>0.7&nbsp;%<br>PNB,0
18,<b>Lidocaine</b><br>0.8&nbsp;%<br>PNB,0
18,<b>Lidocaine</b><br>1&nbsp;%<br>,0
18,<b>Lidocaine</b><br>1&nbsp;%<br>Caudal,0
18,<b>Lidocaine</b><br>1&nbsp;%<br>Epidural,0
18,<b>Lidocaine</b><br>1&nbsp;%<br>IM,0
18,<b>Lidocaine</b><br>1&nbsp;%<br>Intranasal,0
18,<b>Lidocaine</b><br>1&nbsp;%<br>IV,0
18,<b>Lidocaine</b><br>1&nbsp;%<br>Local infiltration,0
18,<b>Lidocaine</b><br>1&nbsp;%<br>Nebulisation,0
18,<b>Lidocaine</b><br>1&nbsp;%<br>PNB,0
18,<b>Lidocaine</b><br>1&nbsp;%<br>PNB Catheter,0
18,<b>Lidocaine</b><br>1&nbsp;%<br>SC,0
18,<b>Lidocaine</b><br>1&nbsp;%<br>Spinal,0
18,<b>Lidocaine</b><br>1&nbsp;%<br>Spray vocal cord,0
18,<b>Lidocaine</b><br>1.2&nbsp;%<br>PNB,0
18,<b>Lidocaine</b><br>1.3&nbsp;%<br>PNB,0
18,<b>Lidocaine</b><br>1.33&nbsp;%<br>Epidural,0
18,<b>Lidocaine</b><br>1.33&nbsp;%<br>Local infiltration,0
18,<b>Lidocaine</b><br>1.33&nbsp;%<br>PNB,0
18,<b>Lidocaine</b><br>1.5&nbsp;%<br>,0
18,<b>Lidocaine</b><br>1.5&nbsp;%<br>Epidural,0
18,<b>Lidocaine</b><br>1.5&nbsp;%<br>Intranasal,0
18,<b>Lidocaine</b><br>1.5&nbsp;%<br>IV,0
18,<b>Lidocaine</b><br>1.5&nbsp;%<br>Local infiltration,0
18,<b>Lidocaine</b><br>1.5&nbsp;%<br>PNB,0
18,<b>Lidocaine</b><br>1.5&nbsp;%<br>PNB Catheter,0
18,<b>Lidocaine</b><br>1.5&nbsp;%<br>Spray vocal cord,0
18,<b>Lidocaine</b><br>1.6&nbsp;%<br>PNB,0
18,<b>Lidocaine</b><br>10&nbsp;%<br>,0
18,<b>Lidocaine</b><br>10&nbsp;%<br>Intranasal,0
18,<b>Lidocaine</b><br>10&nbsp;%<br>Local infiltration,0
18,<b>Lidocaine</b><br>10&nbsp;%<br>Nebulisation,0
18,<b>Lidocaine</b><br>10&nbsp;%<br>PNB Catheter,0
18,<b>Lidocaine</b><br>10&nbsp;%<br>SC,0
18,<b>Lidocaine</b><br>10&nbsp;%<br>Spray vocal cord,0
18,<b>Lidocaine</b><br>2&nbsp;%<br>,0
18,<b>Lidocaine</b><br>2&nbsp;%<br>Epidural,0
18,<b>Lidocaine</b><br>2&nbsp;%<br>IM,0
18,<b>Lidocaine</b><br>2&nbsp;%<br>Intranasal,0
18,<b>Lidocaine</b><br>2&nbsp;%<br>IV,0
18,<b>Lidocaine</b><br>2&nbsp;%<br>Local infiltration,0
18,<b>Lidocaine</b><br>2&nbsp;%<br>Nebulisation,0
18,<b>Lidocaine</b><br>2&nbsp;%<br>PNB,0
18,<b>Lidocaine</b><br>2&nbsp;%<br>PNB Catheter,0
18,<b>Lidocaine</b><br>2&nbsp;%<br>SC,0
18,<b>Lidocaine</b><br>2&nbsp;%<br>Spinal,0
18,<b>Lidocaine</b><br>2&nbsp;%<br>Spray vocal cord,0
18,<b>Lidocaine</b><br>2.5&nbsp;%<br>Nebulisation,0
18,<b>Lidocaine</b><br>3&nbsp;%<br>PNB,0
18,<b>Lidocaine</b><br>3.33&nbsp;%<br>Epidural,0
18,<b>Lidocaine</b><br>4&nbsp;%<br>,0
18,<b>Lidocaine</b><br>4&nbsp;%<br>Epidural,0
18,<b>Lidocaine</b><br>4&nbsp;%<br>Intranasal,0
18,<b>Lidocaine</b><br>4&nbsp;%<br>Local infiltration,0
18,<b>Lidocaine</b><br>4&nbsp;%<br>Nebulisation,0
18,<b>Lidocaine</b><br>4&nbsp;%<br>PNB,0
18,<b>Lidocaine</b><br>4&nbsp;%<br>Spray vocal cord,0
18,<b>Lidocaine</b><br>5&nbsp;%<br>IV,0
23,<b>Lidocaine</b><br>IV,0
1,<b>Location: 1</b><br><b><b>Acetar</b><br>IV,0
34,<b>Location: 1<br> 1 mg/mL,0
43,<b>Location: 1<br> 2 mg/mL,0
1,<b>Location: 1<br>0.9% NaCl</b><br>IV,0
1,<b>Location: 1<br>5% D/W</b><br>IV,0
1,<b>Location: 1<br>Acetar</b><br>IV,0
43,<b>Location: 1<br>Bupi+Fent2mcg/ml 1.25 mg/mL,0
35,<b>Location: 1<br>Bupi+Fent2mcg/ml 2 mg/mL,0
33,<b>Location: 1<br>Bupi+Fent2mcg/ml 2 mg/mL,0
47,<b>Location: 1<br>Bupivacaine&nbsp;0.125&nbsp;%</b><br>Epidural,0
46,<b>Location: 1<br>Bupivacaine&nbsp;0.125&nbsp;%</b><br>Fentanyl&nbsp;2.5&nbsp;mcg/ml<br>Epidural,0
47,<b>Location: 1<br>Bupivacaine&nbsp;0.2&nbsp;%</b><br>Epidural,0
46,<b>Location: 1<br>Bupivacaine&nbsp;0.2&nbsp;%</b><br>Fentanyl&nbsp;2&nbsp;mcg/ml<br>Epidural,0
47,<b>Location: 1<br>Bupivacaine&nbsp;0.25&nbsp;%</b><br>Epidural,0
46,<b>Location: 1<br>Bupivacaine&nbsp;0.25&nbsp;%</b><br>Fentanyl&nbsp;2&nbsp;mcg/ml<br>Epidural,0
46,<b>Location: 1<br>Bupivacaine&nbsp;0.25&nbsp;%</b><br>Fentanyl&nbsp;2.5&nbsp;<br>Epidural,0
34,<b>Location: 1<br>Cisatracurium 1 mg/mL,0
34,<b>Location: 1<br>Cisatracurium 1 mg/mL</b><br>0.9% NaC&nbsp;20&nbsp;mL,0
33,<b>Location: 1<br>Dexmedetomedine 4 µg/mL,0
39,<b>Location: 1<br>Epinephrine 70 µg/mL,0
35,<b>Location: 1<br>Fentanyl 10 µg/mL,0
35,<b>Location: 1<br>Fentanyl 10 µg/mL</b><br>0.9% NaC&nbsp;5&nbsp;mL<br>IV,0
33,<b>Location: 1<br>Ketamine 2 mg/mL,0
33,<b>Location: 1<br>Ketamine 5 mg/mL,0
35,<b>Location: 1<br>LevoBupi.25+Fen1mcg 2.5 mg/mL,0
46,<b>Location: 1<br>Lidocaine&nbsp;&nbsp;%</b><br>&nbsp;&nbsp;,0
47,<b>Location: 1<br>Lidocaine&nbsp;2&nbsp;%</b><br>IV,0
38,<b>Location: 1<br>Nitroglycerine 0.1 mg/mL,0
39,<b>Location: 1<br>Norepinephrine 0.04 mg/mL,0
39,<b>Location: 1<br>Norepinephrine 0.4 mg/mL,0
39,<b>Location: 1<br>Norepinephrine 4 µg/mL,0
39,<b>Location: 1<br>Norepinephrine 40 µg/mL,0
33,<b>Location: 1<br>Propofol 10 mg/mL,0
33,<b>Location: 1<br>Propofol 10 mg/mL</b><br>Undilute&nbsp;20&nbsp;mL,0
33,<b>Location: 1<br>Propofol 20 mg/mL,0
33,<b>Location: 1<br>Propofol Drip 10 mg/mL,0
33,<b>Location: 1<br>Propofol Drip 20 mg/mL,0
1,<b>Location: 2</b><br><b><b>Acetar</b><br>IV,0
34,<b>Location: 2<br> 1 mg/mL</b><br>0.9% NaC&nbsp;10&nbsp;mL,0
39,<b>Location: 2<br> 40 µg/mL,0
1,<b>Location: 2<br>0.9% NaCl</b><br>IV,0
1,<b>Location: 2<br>Acetar </b><br>IV,0
35,<b>Location: 2<br>Bupi+Fent2mcg/ml 2 mg/mL,0
43,<b>Location: 2<br>Bupi+Fent2mcg/ml 2 mg/mL,0
47,<b>Location: 2<br>Bupivacaine&nbsp;0.2&nbsp;%</b><br>Epidural,0
46,<b>Location: 2<br>Bupivacaine&nbsp;0.2&nbsp;%</b><br>Fentanyl&nbsp;2&nbsp;mcg/ml<br>Epidural,0
47,<b>Location: 2<br>Bupivacaine&nbsp;0.25&nbsp;%</b><br>Epidural,0
34,<b>Location: 2<br>Cisatracurium 1 mg/mL,0
34,<b>Location: 2<br>Cisatracurium 1 mg/mL</b><br>0.9% NaC&nbsp;5&nbsp;mL,0
33,<b>Location: 2<br>Dexmedetomedine 10 µg/mL,0
33,<b>Location: 2<br>Dexmedetomedine 3 µg/mL,0
33,<b>Location: 2<br>Dexmedetomedine 4 µg/mL,0
33,<b>Location: 2<br>Dexmedetomedine 5 µg/mL,0
39,<b>Location: 2<br>Epinephrine 40 µg/mL,0
38,<b>Location: 2<br>Esmolol 5 mg/mL,0
35,<b>Location: 2<br>Fentanyl 10 µg/mL,0
35,<b>Location: 2<br>Fentanyl 10 µg/mL</b><br>0.9% NaC&nbsp;20&nbsp;mL<br>IV,0
35,<b>Location: 2<br>Fentanyl 2 µg/mL<br>Epidural,0
33,<b>Location: 2<br>Ketamine 2.5 mg/mL,0
47,<b>Location: 2<br>Lidocaine&nbsp;&nbsp;%</b><br>IV,0
46,<b>Location: 2<br>Lidocaine&nbsp;1&nbsp;%</b><br>&nbsp;&nbsp;<br>IV,0
47,<b>Location: 2<br>Lidocaine&nbsp;2&nbsp;%</b><br>IV,0
43,<b>Location: 2<br>Nicardipine 0.2 mg/mL,0
39,<b>Location: 2<br>Norepinephrine 0.04 mg/mL,0
39,<b>Location: 2<br>Norepinephrine 100 µg/mL,0
39,<b>Location: 2<br>Norepinephrine 4 µg/mL,0
39,<b>Location: 2<br>Norepinephrine 40 µg/mL,0
33,<b>Location: 2<br>Propofol 10 mg/mL,0
33,<b>Location: 2<br>Propofol 20 mg/mL,0
33,<b>Location: 2<br>Propofol Drip 20 mg/mL,0
1,<b>Location: 3</b><br><b><b>Acetar</b><br>IV,0
1,<b>Location: 3</b><br><b>Acetar</b><br>IV,0
43,<b>Location: 3<br> 50 mg/mL,0
1,<b>Location: 3<br>0.9% NaCl</b><br>IV,0
49,<b>Location: 3<br>20% Mannitol</b>,0
1,<b>Location: 3<br>40% Dextran</b><br>IV,0
1,<b>Location: 3<br>5% D/N/2 </b><br>IV,0
1,<b>Location: 3<br>5% D/N/2</b><br>IV,0
1,<b>Location: 3<br>Acetar </b><br>IV,0
1,<b>Location: 3<br>Acetar</b><br>IV,0
34,<b>Location: 3<br>Atracurium 1 mg/mL,0
47,<b>Location: 3<br>Bupivacaine&nbsp;0.05&nbsp;%</b><br>Epidural,0
46,<b>Location: 3<br>Bupivacaine&nbsp;0.125&nbsp;%</b><br>Fentanyl&nbsp;2&nbsp;mcg/ml<br>Epidural,0
47,<b>Location: 3<br>Bupivacaine&nbsp;0.2&nbsp;%</b><br>Epidural,0
46,<b>Location: 3<br>Bupivacaine&nbsp;0.2&nbsp;%</b><br>Fentanyl&nbsp;0.2&nbsp;mcg/ml<br>Epidural,0
46,<b>Location: 3<br>Bupivacaine&nbsp;0.2&nbsp;%</b><br>Fentanyl&nbsp;2&nbsp;<br>Epidural,0
46,<b>Location: 3<br>Bupivacaine&nbsp;0.2&nbsp;%</b><br>Fentanyl&nbsp;2&nbsp;mcg/ml<br>Epidural,0
47,<b>Location: 3<br>Bupivacaine&nbsp;0.25&nbsp;%</b><br>Epidural,0
47,<b>Location: 3<br>Bupivacaine&nbsp;0.5&nbsp;%</b><br>Epidural,0
34,<b>Location: 3<br>Cisatracurium 1 mg/mL,0
34,<b>Location: 3<br>Cisatracurium 2 mg/mL,0
33,<b>Location: 3<br>Dexmedetomedine 4 µg/mL,0
35,<b>Location: 3<br>Fentanyl 10 µg/mL,0
35,<b>Location: 3<br>Fentanyl 4 µg/mL,0
43,<b>Location: 3<br>Insulin 0.1 U/mL,0
33,<b>Location: 3<br>Ketamine 5 mg/mL,0
47,<b>Location: 3<br>Lidocaine&nbsp;1&nbsp;%</b><br>IV,0
38,<b>Location: 3<br>Nicardipine 0.2 mg/mL,0
38,<b>Location: 3<br>Nitroglycerine 0.2 mg/mL,0
39,<b>Location: 3<br>Norepinephrine 0.04 mg/mL,0
33,<b>Location: 3<br>Propofol 10 mg/mL,0
33,<b>Location: 3<br>Propofol 20 mg/mL,0
39,<b>Location: 3<br>Propofol 20 mg/mL,0
33,<b>Location: 3<br>Propofol Drip 20 mg/mL,0
1,<b>Location: 4<br>0.9% NaCl</b><br>IV,0
1,<b>Location: 4<br>0.9% NSS </b><br>IV,0
49,<b>Location: 4<br>20% Mannitol </b>,0
1,<b>Location: 4<br>20% Mannitol </b><br>IV,0
49,<b>Location: 4<br>20% Mannitol</b>,0
1,<b>Location: 4<br>40% Dextran </b><br>IV,0
1,<b>Location: 4<br>5% D/N/2 </b><br>IV,0
1,<b>Location: 4<br>5% D/N/2</b><br>IV,0
1,<b>Location: 4<br>Acetar </b><br>IV,0
35,<b>Location: 4<br>Fentanyl 10 µg/mL,0
35,<b>Location: 4<br>Fentanyl 10 µg/mL</b><br>0.9% NaC&nbsp;20&nbsp;mL<br>IV,0
38,<b>Location: 4<br>Insulin 0.1 U/mL,0
43,<b>Location: 4<br>Insulin 0.1 U/mL,0
33,<b>Location: 4<br>Propofol 10 mg/mL,0
33,<b>Location: 4<br>Propofol 20 mg/mL,0
4,<b>Location: 4<br>TPN</b>,0
56,<b>LPPC&nbsp;Amt&nbsp;UOM</b><br>&nbsp;Vol&nbsp;mL,0
56,<b>LPPC</b>,0
3,<b>LPPC</b>,0
56,<b>LPRC</b>,0
3,<b>LPRC</b>,0
56,<b>LPRC</b><br>IV<br>,0
1,<b>LRS</b><br>IV,0
1,<b>LRS</b><br>IV<br>,0
50,<b>Meropenem&nbsp;1&nbsp;g</b><br>0.9% NaC&nbsp;100&nbsp;ml,0
55,<b>Meropenem&nbsp;1&nbsp;g</b><br>0.9% NaC&nbsp;100&nbsp;mL,0
55,<b>Meropenem&nbsp;1&nbsp;g</b><br>0.9% NaC&nbsp;50&nbsp;mL,0
55,<b>Meropenem&nbsp;1&nbsp;g</b><br>5% D/W&nbsp;50&nbsp;mL,0
55,<b>Meropenem&nbsp;1&nbsp;g</b><br>Undilute&nbsp;20&nbsp;mL,0
55,<b>Meropenem&nbsp;100&nbsp;mg</b><br>5% D/W&nbsp;5&nbsp;mL,0
55,<b>Meropenem&nbsp;1000&nbsp;mg</b><br>0.9% NaC&nbsp;100&nbsp;mL,0
55,<b>Meropenem&nbsp;1000&nbsp;mg</b><br>0.9% NaC&nbsp;25&nbsp;mL,0
55,<b>Meropenem&nbsp;110&nbsp;mg</b><br>0.9% NaC&nbsp;3&nbsp;mL,0
55,<b>Meropenem&nbsp;150&nbsp;mg</b><br>0.9% NaC&nbsp;10&nbsp;mL,0
55,<b>Meropenem&nbsp;2&nbsp;g</b><br>0.9% NaC&nbsp;100&nbsp;mL,0
55,<b>Meropenem&nbsp;2&nbsp;g</b><br>0.9% NaC&nbsp;500&nbsp;mL,0
55,<b>Meropenem&nbsp;2&nbsp;g</b><br>5% D/W&nbsp;100&nbsp;mL,0
55,<b>Meropenem&nbsp;220&nbsp;mg</b><br>0.9% NaC&nbsp;15&nbsp;mL,0
55,<b>Meropenem&nbsp;260&nbsp;mg</b><br>0.9% NaC&nbsp;20&nbsp;mL,0
55,<b>Meropenem&nbsp;400&nbsp;mg</b><br>0.9% NaC&nbsp;20&nbsp;mL,0
55,<b>Meropenem&nbsp;450&nbsp;mg</b><br>0.9% NaC&nbsp;25&nbsp;mL,0
55,<b>Meropenem&nbsp;500&nbsp;mg</b><br>0.9% NaC&nbsp;100&nbsp;mL,0
55,<b>Meropenem&nbsp;500&nbsp;mg</b><br>0.9% NaC&nbsp;50&nbsp;mL,0
55,<b>Meropenem&nbsp;520&nbsp;mg</b><br>0.9% NaC&nbsp;30&nbsp;mL,0
55,<b>Meropenem&nbsp;60&nbsp;mg</b><br>0.9% NaC&nbsp;4&nbsp;mL,0
55,<b>Meropenem&nbsp;600&nbsp;mg</b><br>0.9% NaC&nbsp;50&nbsp;mL,0
55,<b>Meropenem&nbsp;700&nbsp;mg</b><br>0.9% NaC&nbsp;40&nbsp;mL,0
9,<b>Meropenem</b><br>IV,0
28,<b>Methylergonovine</b><br>,0
28,<b>Methylergonovine</b><br>IV,0
28,<b>Methylergonovine</b><br>Local infiltration,0
42,<b>Methylprednisolone&nbsp;1&nbsp;g</b><br>0.9% NaC&nbsp;100&nbsp;mL,0
42,<b>Methylprednisolone&nbsp;100&nbsp;mg</b><br>0.9% NaC&nbsp;20&nbsp;mL,0
42,<b>Methylprednisolone&nbsp;1000&nbsp;mg</b><br>Sterile&nbsp;16&nbsp;mL,0
42,<b>Methylprednisolone&nbsp;1000&nbsp;mg</b><br>Undilute&nbsp;15&nbsp;mL,0
42,<b>Methylprednisolone&nbsp;1000&nbsp;mg</b><br>Undilute&nbsp;15.6&nbsp;mL,0
42,<b>Methylprednisolone&nbsp;200&nbsp;mg</b><br>0.9% NaC&nbsp;200&nbsp;mL,0
42,<b>Methylprednisolone&nbsp;200&nbsp;mg</b><br>0.9% NaC&nbsp;500&nbsp;mL,0
42,<b>Methylprednisolone&nbsp;60&nbsp;mg</b><br>0.9% NaC&nbsp;15&nbsp;mL,0
27,<b>Methylprednisolone</b><br>IV,0
20,<b>Metoclopramide</b><br>IV,0
55,<b>Metronidazole&nbsp;130&nbsp;mg</b><br>0.9% NaC&nbsp;50&nbsp;mL,0
50,<b>Metronidazole&nbsp;500&nbsp;</b><br>Undilute&nbsp;100&nbsp;ml,0
55,<b>Metronidazole&nbsp;500&nbsp;mg</b><br>&nbsp;100&nbsp;mL,0
55,<b>Metronidazole&nbsp;500&nbsp;mg</b><br>0.9% NaC&nbsp;100&nbsp;mL,0
55,<b>Metronidazole&nbsp;500&nbsp;mg</b><br>Undilute&nbsp;100&nbsp;mL,0
55,<b>Metronidazole&nbsp;500&nbsp;mg</b><br>Undilute&nbsp;200&nbsp;mL,0
9,<b>Metronidazole</b><br>IV,0
33,<b>Midazolam&nbsp;1&nbsp;mcg</b><br>0.9% NaC&nbsp;100&nbsp;mL,0
33,<b>Midazolam&nbsp;1&nbsp;mg</b><br>0.9% NaC&nbsp;1&nbsp;mL,0
33,<b>Midazolam&nbsp;10&nbsp;mg</b><br>0.9% NaC&nbsp;10&nbsp;mL,0
33,<b>Midazolam&nbsp;10&nbsp;mg</b><br>0.9% NaC&nbsp;100&nbsp;mL,0
33,<b>Midazolam&nbsp;10&nbsp;mg</b><br>Undilute&nbsp;1&nbsp;mL,0
33,<b>Midazolam&nbsp;10&nbsp;mg</b><br>Undilute&nbsp;13&nbsp;mL,0
33,<b>Midazolam&nbsp;100&nbsp;mg</b><br>5% D/W&nbsp;100&nbsp;mL,0
33,<b>Midazolam&nbsp;100&nbsp;mg</b><br>5% D/W&nbsp;50&nbsp;mL,0
33,<b>Midazolam&nbsp;1000&nbsp;mg</b><br>0.9% NaC&nbsp;50&nbsp;mL,0
33,<b>Midazolam&nbsp;1000&nbsp;mg</b><br>Undilute&nbsp;50&nbsp;mL,0
33,<b>Midazolam&nbsp;12&nbsp;mg</b><br>0.9% NaC&nbsp;20&nbsp;mL,0
33,<b>Midazolam&nbsp;120&nbsp;mg</b><br>0.9% NaC&nbsp;60&nbsp;mL,0
33,<b>Midazolam&nbsp;2&nbsp;mg</b><br>Undilute&nbsp;1&nbsp;mL,0
33,<b>Midazolam&nbsp;20&nbsp;mg</b><br>0.9% NaC&nbsp;1&nbsp;mL,0
33,<b>Midazolam&nbsp;20&nbsp;mg</b><br>0.9% NaC&nbsp;20&nbsp;mL,0
33,<b>Midazolam&nbsp;20&nbsp;mg</b><br>5% D/W&nbsp;20&nbsp;mL,0
33,<b>Midazolam&nbsp;20&nbsp;mg</b><br>5% D/W&nbsp;25&nbsp;mL,0
33,<b>Midazolam&nbsp;20&nbsp;mg</b><br>Acetar&nbsp;1&nbsp;mL,0
33,<b>Midazolam&nbsp;200&nbsp;mg</b><br>Undilute&nbsp;20&nbsp;mL,0
33,<b>Midazolam&nbsp;200&nbsp;mg</b><br>Undilute&nbsp;40&nbsp;mL,0
33,<b>Midazolam&nbsp;23&nbsp;mg</b><br>5% D/W&nbsp;25&nbsp;mL,0
33,<b>Midazolam&nbsp;30&nbsp;mg</b><br>0.9% NaC&nbsp;30&nbsp;mL,0
33,<b>Midazolam&nbsp;300&nbsp;mg</b><br>Undilute&nbsp;15&nbsp;mL,0
33,<b>Midazolam&nbsp;40&nbsp;mg</b><br>0.9% NaC&nbsp;20&nbsp;mL,0
33,<b>Midazolam&nbsp;40&nbsp;mg</b><br>0.9% NaC&nbsp;25&nbsp;mL,0
33,<b>Midazolam&nbsp;40&nbsp;mg</b><br>0.9% NaC&nbsp;60&nbsp;mL,0
33,<b>Midazolam&nbsp;400&nbsp;mg</b><br>0.9% NaC&nbsp;20&nbsp;mL,0
33,<b>Midazolam&nbsp;45&nbsp;mg</b><br>0.9% NaC&nbsp;45&nbsp;mL,0
33,<b>Midazolam&nbsp;45&nbsp;mg</b><br>Undilute&nbsp;45&nbsp;mL,0
33,<b>Midazolam&nbsp;5&nbsp;mg</b><br>0.9% NaC&nbsp;10&nbsp;mL,0
33,<b>Midazolam&nbsp;5&nbsp;mg</b><br>0.9% NaC&nbsp;5&nbsp;mL,0
33,<b>Midazolam&nbsp;50&nbsp;mg</b><br>0.9% NaC&nbsp;100&nbsp;mL,0
33,<b>Midazolam&nbsp;50&nbsp;mg</b><br>0.9% NaC&nbsp;25&nbsp;mL,0
33,<b>Midazolam&nbsp;50&nbsp;mg</b><br>0.9% NaC&nbsp;50&nbsp;mL,0
33,<b>Midazolam&nbsp;500&nbsp;mg</b><br>0.9% NaC&nbsp;50&nbsp;mL,0
33,<b>Midazolam&nbsp;500&nbsp;mg</b><br>Undilute&nbsp;25&nbsp;mL,0
33,<b>Midazolam&nbsp;60&nbsp;mg</b><br>0.9% NaC&nbsp;60&nbsp;mL,0
30,<b>Midazolam</b>,0
15,<b>Midazolam</b><br>IV,0
39,<b>Milrinone&nbsp;1&nbsp;mg</b><br>0.9% NaC&nbsp;25&nbsp;mL,0
39,<b>Milrinone&nbsp;10&nbsp;mg</b><br>&nbsp;50&nbsp;mL,0
39,<b>Milrinone&nbsp;10&nbsp;mg</b><br>0.9% NaC&nbsp;25&nbsp;mL,0
39,<b>Milrinone&nbsp;10&nbsp;mg</b><br>0.9% NaC&nbsp;50&nbsp;mL,0
39,<b>Milrinone&nbsp;10&nbsp;mg</b><br>5% D/W&nbsp;50&nbsp;mL,0
39,<b>Milrinone&nbsp;13&nbsp;mg</b><br>5% D/W&nbsp;25&nbsp;mL,0
39,<b>Milrinone&nbsp;14&nbsp;mg</b><br>0.9% NaC&nbsp;25&nbsp;mL,0
39,<b>Milrinone&nbsp;2&nbsp;mg</b><br>0.9% NaC&nbsp;100&nbsp;mL,0
39,<b>Milrinone&nbsp;2.2&nbsp;mg</b><br>5% D/W&nbsp;25&nbsp;mL,0
39,<b>Milrinone&nbsp;200&nbsp;mcg</b><br>0.9% NaC&nbsp;1&nbsp;mL,0
39,<b>Milrinone&nbsp;25&nbsp;mg</b><br>0.9% NaC&nbsp;50&nbsp;mL,0
39,<b>Milrinone&nbsp;3.6&nbsp;mg</b><br>0.9% NaC&nbsp;25&nbsp;mL,0
39,<b>Milrinone&nbsp;4&nbsp;mg</b><br>5% D/W&nbsp;100&nbsp;mL,0
39,<b>Milrinone&nbsp;4&nbsp;mg</b><br>5% D/W&nbsp;250&nbsp;mL,0
39,<b>Milrinone&nbsp;4.5&nbsp;mg</b><br>5% D/W&nbsp;25&nbsp;mL,0
39,<b>Milrinone&nbsp;40&nbsp;mcg</b><br>0.9% NaC&nbsp;1&nbsp;mL,0
39,<b>Milrinone&nbsp;400&nbsp;mcg</b><br>0.9% NaC&nbsp;25&nbsp;mL,0
39,<b>Milrinone&nbsp;50&nbsp;mg</b><br>0.9% NaC&nbsp;50&nbsp;mL,0
39,<b>Milrinone&nbsp;6&nbsp;mg</b><br>5% D/W&nbsp;150&nbsp;mL,0
39,<b>Milrinone&nbsp;800&nbsp;mcg</b><br>5% D/W&nbsp;20&nbsp;mL,0
39,<b>Milrinone&nbsp;9&nbsp;mg</b><br>0.9% NaC&nbsp;45&nbsp;mL,0
35,<b>Morphine&nbsp;0.2&nbsp;mg</b><br>0.9% NaC&nbsp;1&nbsp;mL<br>,0
35,<b>Morphine&nbsp;1&nbsp;mg</b><br>0.9% NaC&nbsp;1&nbsp;mL<br>,0
35,<b>Morphine&nbsp;1&nbsp;mg</b><br>0.9% NaC&nbsp;1&nbsp;mL<br>IV,0
35,<b>Morphine&nbsp;1&nbsp;mg</b><br>0.9% NaC&nbsp;19&nbsp;mL<br>IV,0
35,<b>Morphine&nbsp;1&nbsp;mg</b><br>0.9% NaC&nbsp;20&nbsp;mL<br>,0
35,<b>Morphine&nbsp;1&nbsp;mg</b><br>Undilute&nbsp;1&nbsp;mL<br>IV,0
35,<b>Morphine&nbsp;1&nbsp;mg</b><br>Undilute&nbsp;2&nbsp;mL<br>Epidural,0
35,<b>Morphine&nbsp;10&nbsp;mcg</b><br>Acetar&nbsp;1&nbsp;mL<br>IV,0
35,<b>Morphine&nbsp;10&nbsp;mg</b><br>0.9% NaC&nbsp;10&nbsp;mL<br>,0
35,<b>Morphine&nbsp;10&nbsp;mg</b><br>0.9% NaC&nbsp;10&nbsp;mL<br>IV,0
35,<b>Morphine&nbsp;10&nbsp;mg</b><br>0.9% NaC&nbsp;100&nbsp;mL<br>IV,0
35,<b>Morphine&nbsp;10&nbsp;mg</b><br>0.9% NaC&nbsp;1000&nbsp;mL<br>IV,0
35,<b>Morphine&nbsp;10&nbsp;mg</b><br>0.9% NaC&nbsp;101&nbsp;mL<br>IV,0
35,<b>Morphine&nbsp;10&nbsp;mg</b><br>0.9% NaC&nbsp;11&nbsp;mL<br>IV,0
35,<b>Morphine&nbsp;10&nbsp;mg</b><br>0.9% NaC&nbsp;19&nbsp;mL<br>IV,0
35,<b>Morphine&nbsp;10&nbsp;mg</b><br>0.9% NaC&nbsp;20&nbsp;mL<br>,0
35,<b>Morphine&nbsp;10&nbsp;mg</b><br>0.9% NaC&nbsp;20&nbsp;mL<br>IV,0
35,<b>Morphine&nbsp;10&nbsp;mg</b><br>0.9% NaC&nbsp;25&nbsp;mL<br>IV,0
35,<b>Morphine&nbsp;10&nbsp;mg</b><br>0.9% NaC&nbsp;50&nbsp;mL<br>,0
35,<b>Morphine&nbsp;10&nbsp;mg</b><br>0.9% NaC&nbsp;50&nbsp;mL<br>IV,0
35,<b>Morphine&nbsp;10&nbsp;mg</b><br>0.9% NaC&nbsp;51&nbsp;mL<br>IV,0
35,<b>Morphine&nbsp;10&nbsp;mg</b><br>0.9% NaC&nbsp;60&nbsp;mL<br>,0
35,<b>Morphine&nbsp;10&nbsp;mg</b><br>5% D/W&nbsp;50&nbsp;mL<br>IV,0
35,<b>Morphine&nbsp;10&nbsp;mg</b><br>Acetar&nbsp;500&nbsp;mL<br>,0
35,<b>Morphine&nbsp;10&nbsp;mg</b><br>Acetar&nbsp;501&nbsp;mL<br>IV,0
35,<b>Morphine&nbsp;10&nbsp;mg</b><br>Acetar&nbsp;801&nbsp;mL<br>,0
35,<b>Morphine&nbsp;100&nbsp;mg</b><br>0.9% NaC&nbsp;100&nbsp;mL<br>,0
35,<b>Morphine&nbsp;110&nbsp;mg</b><br>0.9% NaC&nbsp;110&nbsp;mL<br>,0
35,<b>Morphine&nbsp;110&nbsp;mg</b><br>0.9% NaC&nbsp;110&nbsp;mL<br>IV,0
35,<b>Morphine&nbsp;12&nbsp;mg</b><br>5% D/W&nbsp;25&nbsp;mL<br>,0
35,<b>Morphine&nbsp;14&nbsp;mg</b><br>0.9% NaC&nbsp;14&nbsp;mL<br>,0
35,<b>Morphine&nbsp;14&nbsp;mg</b><br>0.9% NaC&nbsp;140&nbsp;mL<br>,0
35,<b>Morphine&nbsp;15&nbsp;mg</b><br>0.9% NaC&nbsp;500&nbsp;mL<br>IV,0
35,<b>Morphine&nbsp;18&nbsp;mg</b><br>5% D/W&nbsp;50&nbsp;mL<br>IV,0
35,<b>Morphine&nbsp;20&nbsp;mg</b><br>0.9% NaC&nbsp;100&nbsp;mL<br>,0
35,<b>Morphine&nbsp;20&nbsp;mg</b><br>0.9% NaC&nbsp;100&nbsp;mL<br>IV,0
35,<b>Morphine&nbsp;20&nbsp;mg</b><br>0.9% NaC&nbsp;20&nbsp;mL<br>,0
35,<b>Morphine&nbsp;20&nbsp;mg</b><br>0.9% NaC&nbsp;20&nbsp;mL<br>IV,0
35,<b>Morphine&nbsp;20&nbsp;mg</b><br>0.9% NaC&nbsp;200&nbsp;mL<br>IV,0
35,<b>Morphine&nbsp;20&nbsp;mg</b><br>0.9% NaC&nbsp;40&nbsp;mL<br>IV,0
35,<b>Morphine&nbsp;20&nbsp;mg</b><br>0.9% NaC&nbsp;50&nbsp;mL<br>,0
35,<b>Morphine&nbsp;20&nbsp;mg</b><br>0.9% NaC&nbsp;50&nbsp;mL<br>IV,0
35,<b>Morphine&nbsp;20&nbsp;mg</b><br>0.9% NaC&nbsp;500&nbsp;mL<br>,0
35,<b>Morphine&nbsp;20&nbsp;mg</b><br>0.9% NaC&nbsp;500&nbsp;mL<br>IV,0
35,<b>Morphine&nbsp;20&nbsp;mg</b><br>0.9% NaC&nbsp;502&nbsp;mL<br>IV,0
35,<b>Morphine&nbsp;25&nbsp;mg</b><br>0.9% NaC&nbsp;50&nbsp;mL<br>,0
35,<b>Morphine&nbsp;3&nbsp;mg</b><br>0.9% NaC&nbsp;20&nbsp;mL<br>IV,0
35,<b>Morphine&nbsp;3&nbsp;mg</b><br>0.9% NaC&nbsp;30&nbsp;mL<br>,0
35,<b>Morphine&nbsp;3&nbsp;mg</b><br>0.9% NaC&nbsp;30&nbsp;mL<br>IV,0
35,<b>Morphine&nbsp;3&nbsp;mg</b><br>0.9% NaC&nbsp;50&nbsp;mL<br>IV,0
35,<b>Morphine&nbsp;3&nbsp;mg</b><br>0.9% NaC&nbsp;76.5&nbsp;mL<br>IV,0
35,<b>Morphine&nbsp;30&nbsp;mg</b><br>0.9% NaC&nbsp;50&nbsp;mL<br>IV,0
35,<b>Morphine&nbsp;30&nbsp;mg</b><br>0.9% NaC&nbsp;60&nbsp;mL<br>IV,0
35,<b>Morphine&nbsp;4&nbsp;mg</b><br>0.9% NaC&nbsp;50&nbsp;mL<br>,0
35,<b>Morphine&nbsp;40&nbsp;mg</b><br>0.9% NaC&nbsp;40&nbsp;mL<br>,0
35,<b>Morphine&nbsp;43&nbsp;mg</b><br>0.9% NaC&nbsp;25&nbsp;mL<br>IV,0
35,<b>Morphine&nbsp;5&nbsp;mg</b><br>0.9% NaC&nbsp;10&nbsp;mL<br>IV,0
35,<b>Morphine&nbsp;5&nbsp;mg</b><br>0.9% NaC&nbsp;25&nbsp;mL<br>,0
35,<b>Morphine&nbsp;5&nbsp;mg</b><br>5% D/W&nbsp;25&nbsp;mL<br>IV,0
35,<b>Morphine&nbsp;50&nbsp;mg</b><br>0.9% NaC&nbsp;50&nbsp;mL<br>,0
35,<b>Morphine&nbsp;50&nbsp;mg</b><br>0.9% NaC&nbsp;50&nbsp;mL<br>IV,0
35,<b>Morphine&nbsp;50&nbsp;mg</b><br>5% D/W&nbsp;250&nbsp;mL<br>IV,0
35,<b>Morphine&nbsp;500&nbsp;mcg</b><br>0.9% NaC&nbsp;50&nbsp;mL<br>,0
35,<b>Morphine&nbsp;500&nbsp;mcg</b><br>0.9% NaC&nbsp;50&nbsp;mL<br>IV,0
35,<b>Morphine&nbsp;6&nbsp;mg</b><br>0.9% NaC&nbsp;60&nbsp;mL<br>IV,0
35,<b>Morphine&nbsp;60&nbsp;mg</b><br>0.9% NaC&nbsp;60&nbsp;mL<br>,0
35,<b>Morphine&nbsp;60&nbsp;mg</b><br>0.9% NaC&nbsp;60&nbsp;mL<br>IV,0
35,<b>Morphine&nbsp;8&nbsp;mg</b><br>0.9% NaC&nbsp;50.8&nbsp;mL<br>IV,0
35,<b>Morphine&nbsp;9&nbsp;mg</b><br>0.9% NaC&nbsp;25&nbsp;mL<br>,0
35,<b>Morphine&nbsp;90&nbsp;mg</b><br>5% D/W&nbsp;50&nbsp;mL<br>,0
35,<b>Morphine&nbsp;90&nbsp;mg</b><br>5% D/W&nbsp;9&nbsp;mL<br>,0
17,<b>Morphine</b><br>,0
17,<b>Morphine</b><br>Caudal,0
17,<b>Morphine</b><br>Epidural,0
17,<b>Morphine</b><br>IM,0
17,<b>Morphine</b><br>Intranasal,0
17,<b>Morphine</b><br>IV,0
17,<b>Morphine</b><br>Local infiltration,0
17,<b>Morphine</b><br>PNB,0
17,<b>Morphine</b><br>SC,0
17,<b>Morphine</b><br>Spinal,0
17,<b>Morphine</b><br>Spray vocal cord,0
9,<b>Moxifloxacin</b><br>IV,0
38,<b>Na nitroprusside&nbsp;10&nbsp;mg</b><br>0.9% NaC&nbsp;50&nbsp;mL,0
43,<b>Nalador&nbsp;20&nbsp;mEq</b><br>5% D/N/2&nbsp;500&nbsp;mL,0
43,<b>Nalador&nbsp;50&nbsp;mcg</b><br>0.9% NaC&nbsp;500&nbsp;mL,0
43,<b>Nalador&nbsp;500&nbsp;mcg</b><br>0.9% NaC&nbsp;100&nbsp;mL,0
43,<b>Nalador&nbsp;500&nbsp;mcg</b><br>0.9% NaC&nbsp;1000&nbsp;mL,0
43,<b>Nalador&nbsp;500&nbsp;mcg</b><br>0.9% NaC&nbsp;101&nbsp;mL,0
43,<b>Nalador&nbsp;500&nbsp;mcg</b><br>0.9% NaC&nbsp;102&nbsp;mL,0
43,<b>Nalador&nbsp;500&nbsp;mcg</b><br>0.9% NaC&nbsp;25&nbsp;mL,0
43,<b>Nalador&nbsp;500&nbsp;mcg</b><br>0.9% NaC&nbsp;250&nbsp;mL,0
43,<b>Nalador&nbsp;500&nbsp;mcg</b><br>0.9% NaC&nbsp;50&nbsp;mL,0
43,<b>Nalador&nbsp;500&nbsp;mcg</b><br>0.9% NaC&nbsp;500&nbsp;mL,0
43,<b>Nalador&nbsp;500&nbsp;mcg</b><br>0.9% NaC&nbsp;501&nbsp;mL,0
43,<b>Nalador&nbsp;500&nbsp;mcg</b><br>0.9% NaC&nbsp;502&nbsp;mL,0
43,<b>Nalador&nbsp;500&nbsp;mcg</b><br>0.9% NaC&nbsp;502.5&nbsp;mL,0
43,<b>Nalador&nbsp;500&nbsp;mcg</b><br>0.9% NaC&nbsp;52&nbsp;mL,0
43,<b>Nalador&nbsp;500&nbsp;mcg</b><br>5% D/W&nbsp;500&nbsp;mL,0
43,<b>Nalador&nbsp;500&nbsp;mcg</b><br>Acetar&nbsp;500&nbsp;mL,0
43,<b>Nalador&nbsp;500&nbsp;mcg</b><br>Acetar&nbsp;501&nbsp;mL,0
43,<b>Nalador&nbsp;500&nbsp;mg</b><br>0.9% NaC&nbsp;100&nbsp;mL,0
43,<b>Nalador&nbsp;500&nbsp;mg</b><br>0.9% NaC&nbsp;101&nbsp;mL,0
43,<b>Nalador&nbsp;500&nbsp;mg</b><br>0.9% NaC&nbsp;500&nbsp;mL,0
43,<b>Nalador&nbsp;500&nbsp;mg</b><br>5% D/W&nbsp;100&nbsp;mL,0
17,<b>Nalbuphine</b><br>,0
17,<b>Nalbuphine</b><br>IM,0
17,<b>Nalbuphine</b><br>IV,0
17,<b>Nalbuphine</b><br>Local infiltration,0
17,<b>Nalbuphine</b><br>PNB,0
17,<b>Nalbuphine</b><br>Spinal,0
28,<b>Naloxone</b><br>IV,0
43,<b>Nefopam&nbsp;10&nbsp;mg</b><br>0.9% NaC&nbsp;101&nbsp;mL,0
35,<b>Nefopam&nbsp;10&nbsp;mg</b><br>0.9% NaC&nbsp;50&nbsp;mL<br>IV,0
43,<b>Nefopam&nbsp;10&nbsp;Units</b><br>0.9% NaC&nbsp;400&nbsp;mL,0
43,<b>Nefopam&nbsp;10&nbsp;Units</b><br>Acetar&nbsp;501&nbsp;mL,0
43,<b>Nefopam&nbsp;100&nbsp;mg</b><br>0.9% NaC&nbsp;100&nbsp;mL,0
54,<b>Nefopam&nbsp;100&nbsp;mg</b><br>0.9% NaC&nbsp;50&nbsp;mL,0
54,<b>Nefopam&nbsp;100&nbsp;mg</b><br>0.9% NaC&nbsp;500&nbsp;mL,0
54,<b>Nefopam&nbsp;100&nbsp;mg</b><br>0.9% NaC&nbsp;510&nbsp;mL,0
43,<b>Nefopam&nbsp;120&nbsp;mg</b><br>Acetar&nbsp;700&nbsp;mL,0
43,<b>Nefopam&nbsp;20&nbsp;mg</b><br>&nbsp;10&nbsp;mL,0
54,<b>Nefopam&nbsp;20&nbsp;mg</b><br>&nbsp;100&nbsp;mL,0
43,<b>Nefopam&nbsp;20&nbsp;mg</b><br>&nbsp;100&nbsp;mL,0
43,<b>Nefopam&nbsp;20&nbsp;mg</b><br>0.9% NaC&nbsp;10&nbsp;mL,0
54,<b>Nefopam&nbsp;20&nbsp;mg</b><br>0.9% NaC&nbsp;10&nbsp;mL,0
54,<b>Nefopam&nbsp;20&nbsp;mg</b><br>0.9% NaC&nbsp;100&nbsp;mL,0
43,<b>Nefopam&nbsp;20&nbsp;mg</b><br>0.9% NaC&nbsp;100&nbsp;mL,0
43,<b>Nefopam&nbsp;20&nbsp;mg</b><br>0.9% NaC&nbsp;101&nbsp;mL,0
54,<b>Nefopam&nbsp;20&nbsp;mg</b><br>0.9% NaC&nbsp;102&nbsp;mL,0
43,<b>Nefopam&nbsp;20&nbsp;mg</b><br>0.9% NaC&nbsp;102&nbsp;mL,0
54,<b>Nefopam&nbsp;20&nbsp;mg</b><br>0.9% NaC&nbsp;20&nbsp;mL,0
43,<b>Nefopam&nbsp;20&nbsp;mg</b><br>0.9% NaC&nbsp;20&nbsp;mL,0
43,<b>Nefopam&nbsp;20&nbsp;mg</b><br>0.9% NaC&nbsp;200&nbsp;mL,0
54,<b>Nefopam&nbsp;20&nbsp;mg</b><br>0.9% NaC&nbsp;200&nbsp;mL,0
43,<b>Nefopam&nbsp;20&nbsp;mg</b><br>0.9% NaC&nbsp;25&nbsp;mL,0
54,<b>Nefopam&nbsp;20&nbsp;mg</b><br>0.9% NaC&nbsp;40&nbsp;mL,0
43,<b>Nefopam&nbsp;20&nbsp;mg</b><br>0.9% NaC&nbsp;50&nbsp;mL,0
54,<b>Nefopam&nbsp;20&nbsp;mg</b><br>0.9% NaC&nbsp;50&nbsp;mL,0
43,<b>Nefopam&nbsp;20&nbsp;mg</b><br>0.9% NaC&nbsp;80&nbsp;mL,0
35,<b>Nefopam&nbsp;20&nbsp;mg</b><br>0.9% NaC&nbsp;82&nbsp;mL<br>IV,0
54,<b>Nefopam&nbsp;20&nbsp;mg</b><br>5% D/W&nbsp;100&nbsp;mL,0
43,<b>Nefopam&nbsp;20&nbsp;mg</b><br>Acetar&nbsp;100&nbsp;mL,0
43,<b>Nefopam&nbsp;20&nbsp;mg</b><br>Acetar&nbsp;1002&nbsp;mL,0
54,<b>Nefopam&nbsp;20&nbsp;mg</b><br>Acetar&nbsp;200&nbsp;mL,0
43,<b>Nefopam&nbsp;20&nbsp;mg</b><br>Acetar&nbsp;300&nbsp;mL,0
43,<b>Nefopam&nbsp;20&nbsp;mg</b><br>Acetar&nbsp;402&nbsp;mL,0
43,<b>Nefopam&nbsp;20&nbsp;mg</b><br>Acetar&nbsp;702&nbsp;mL,0
43,<b>Nefopam&nbsp;20&nbsp;mg</b><br>Acetar&nbsp;802&nbsp;mL,0
43,<b>Nefopam&nbsp;20&nbsp;mg</b><br>Acetar&nbsp;902&nbsp;mL,0
43,<b>Nefopam&nbsp;20&nbsp;mg</b><br>Ringer A&nbsp;100&nbsp;mL,0
43,<b>Nefopam&nbsp;20&nbsp;mg</b><br>Ringer A&nbsp;402&nbsp;mL,0
43,<b>Nefopam&nbsp;20&nbsp;mg</b><br>Undilute&nbsp;100&nbsp;mL,0
43,<b>Nefopam&nbsp;20&nbsp;Units</b><br>5% D/W&nbsp;1000&nbsp;mL,0
43,<b>Nefopam&nbsp;20&nbsp;Units</b><br>Acetar&nbsp;1000&nbsp;mL,0
43,<b>Nefopam&nbsp;20&nbsp;Units</b><br>Acetar&nbsp;1002&nbsp;mL,0
43,<b>Nefopam&nbsp;20&nbsp;Units</b><br>Acetar&nbsp;600&nbsp;mL,0
43,<b>Nefopam&nbsp;20&nbsp;Units</b><br>Acetar&nbsp;702&nbsp;mL,0
43,<b>Nefopam&nbsp;20&nbsp;Units</b><br>Acetar&nbsp;800&nbsp;mL,0
43,<b>Nefopam&nbsp;20&nbsp;Units</b><br>Acetar&nbsp;802&nbsp;mL,0
43,<b>Nefopam&nbsp;20&nbsp;Units</b><br>Acetar&nbsp;900&nbsp;mL,0
43,<b>Nefopam&nbsp;40&nbsp;mg</b><br>0.9% NaC&nbsp;100&nbsp;mL,0
54,<b>Nefopam&nbsp;40&nbsp;mg</b><br>0.9% NaC&nbsp;500&nbsp;mL,0
43,<b>Nefopam&nbsp;50&nbsp;mg</b><br>0.9% NaC&nbsp;500&nbsp;mL,0
43,<b>Nefopam&nbsp;60&nbsp;mg</b><br>0.9% NaC&nbsp;100&nbsp;mL,0
43,<b>Nefopam&nbsp;60&nbsp;mg</b><br>0.9% NaC&nbsp;106&nbsp;mL,0
54,<b>Nefopam&nbsp;60&nbsp;mg</b><br>0.9% NaC&nbsp;106&nbsp;mL,0
54,<b>Nefopam&nbsp;60&nbsp;mg</b><br>0.9% NaC&nbsp;250&nbsp;mL,0
54,<b>Nefopam&nbsp;60&nbsp;mg</b><br>0.9% NaC&nbsp;500&nbsp;mL,0
43,<b>Nefopam&nbsp;60&nbsp;mg</b><br>0.9% NaC&nbsp;500&nbsp;mL,0
54,<b>Nefopam&nbsp;60&nbsp;mg</b><br>0.9% NaC&nbsp;501&nbsp;mL,0
43,<b>Nefopam&nbsp;60&nbsp;mg</b><br>0.9% NaC&nbsp;506&nbsp;mL,0
54,<b>Nefopam&nbsp;60&nbsp;mg</b><br>0.9% NaC&nbsp;506&nbsp;mL,0
54,<b>Nefopam&nbsp;80&nbsp;mg</b><br>0.9% NaC&nbsp;100&nbsp;mL,0
43,<b>Nefopam&nbsp;80&nbsp;mg</b><br>0.9% NaC&nbsp;100&nbsp;mL,0
43,<b>Nefopam&nbsp;80&nbsp;mg</b><br>0.9% NaC&nbsp;108&nbsp;mL,0
43,<b>Nefopam&nbsp;80&nbsp;mg</b><br>0.9% NaC&nbsp;250&nbsp;mL,0
54,<b>Nefopam&nbsp;80&nbsp;mg</b><br>0.9% NaC&nbsp;250&nbsp;mL,0
54,<b>Nefopam&nbsp;80&nbsp;mg</b><br>0.9% NaC&nbsp;258&nbsp;mL,0
43,<b>Nefopam&nbsp;80&nbsp;mg</b><br>0.9% NaC&nbsp;490&nbsp;mL,0
43,<b>Nefopam&nbsp;80&nbsp;mg</b><br>0.9% NaC&nbsp;50&nbsp;mL,0
54,<b>Nefopam&nbsp;80&nbsp;mg</b><br>0.9% NaC&nbsp;50&nbsp;mL,0
43,<b>Nefopam&nbsp;80&nbsp;mg</b><br>0.9% NaC&nbsp;500&nbsp;mL,0
54,<b>Nefopam&nbsp;80&nbsp;mg</b><br>0.9% NaC&nbsp;500&nbsp;mL,0
54,<b>Nefopam&nbsp;80&nbsp;mg</b><br>0.9% NaC&nbsp;504&nbsp;mL,0
43,<b>Nefopam&nbsp;80&nbsp;mg</b><br>0.9% NaC&nbsp;508&nbsp;mL,0
54,<b>Nefopam&nbsp;80&nbsp;mg</b><br>0.9% NaC&nbsp;80&nbsp;mL,0
28,<b>Nefopam</b><br>,0
28,<b>Nefopam</b><br>IM,0
28,<b>Nefopam</b><br>IV,0
53,<b>Nefopam</b><br>IV,0
28,<b>Nefopam</b><br>Spinal,0
19,<b>Neostigmine</b><br>IV,0
38,<b>Nicardipine&nbsp;0.2&nbsp;mg</b><br>&nbsp;1&nbsp;mL,0
38,<b>Nicardipine&nbsp;0.2&nbsp;mg</b><br>0.9% NaC&nbsp;1&nbsp;mL,0
38,<b>Nicardipine&nbsp;0.2&nbsp;mg</b><br>5% D/W&nbsp;1&nbsp;mL,0
38,<b>Nicardipine&nbsp;0.4&nbsp;mg</b><br>0.9% NaC&nbsp;1&nbsp;mL,0
38,<b>Nicardipine&nbsp;1&nbsp;mg</b><br>0.9% NaC&nbsp;10&nbsp;mL,0
38,<b>Nicardipine&nbsp;1&nbsp;mg</b><br>0.9% NaC&nbsp;5&nbsp;mL,0
38,<b>Nicardipine&nbsp;1.5&nbsp;mg</b><br>0.9% NaC&nbsp;25&nbsp;mL,0
38,<b>Nicardipine&nbsp;10&nbsp;mg</b><br>0.9% NaC&nbsp;100&nbsp;mL,0
38,<b>Nicardipine&nbsp;10&nbsp;mg</b><br>0.9% NaC&nbsp;110&nbsp;mL,0
38,<b>Nicardipine&nbsp;10&nbsp;mg</b><br>0.9% NaC&nbsp;20&nbsp;mL,0
38,<b>Nicardipine&nbsp;10&nbsp;mg</b><br>0.9% NaC&nbsp;25&nbsp;mL,0
38,<b>Nicardipine&nbsp;10&nbsp;mg</b><br>0.9% NaC&nbsp;50&nbsp;mL,0
38,<b>Nicardipine&nbsp;10&nbsp;mg</b><br>0.9% NaC&nbsp;90&nbsp;mL,0
38,<b>Nicardipine&nbsp;10&nbsp;mg</b><br>5% D/W&nbsp;100&nbsp;mL,0
38,<b>Nicardipine&nbsp;100&nbsp;mg</b><br>0.9% NaC&nbsp;50&nbsp;mL,0
38,<b>Nicardipine&nbsp;100&nbsp;mg</b><br>0.9% NaC&nbsp;500&nbsp;mL,0
38,<b>Nicardipine&nbsp;2&nbsp;mg</b><br>0.9% NaC&nbsp;10&nbsp;mL,0
38,<b>Nicardipine&nbsp;2&nbsp;mg</b><br>0.9% NaC&nbsp;20&nbsp;mL,0
38,<b>Nicardipine&nbsp;2&nbsp;mg</b><br>0.9% NaC&nbsp;8&nbsp;mL,0
38,<b>Nicardipine&nbsp;20&nbsp;mg</b><br>0.9% NaC&nbsp;10&nbsp;mL,0
38,<b>Nicardipine&nbsp;20&nbsp;mg</b><br>0.9% NaC&nbsp;100&nbsp;mL,0
38,<b>Nicardipine&nbsp;20&nbsp;mg</b><br>0.9% NaC&nbsp;120&nbsp;mL,0
38,<b>Nicardipine&nbsp;20&nbsp;mg</b><br>0.9% NaC&nbsp;180&nbsp;mL,0
38,<b>Nicardipine&nbsp;20&nbsp;mg</b><br>0.9% NaC&nbsp;200&nbsp;mL,0
38,<b>Nicardipine&nbsp;20&nbsp;mg</b><br>5% D/NSS&nbsp;100&nbsp;mL,0
38,<b>Nicardipine&nbsp;20&nbsp;mg</b><br>5% D/W&nbsp;100&nbsp;mL,0
38,<b>Nicardipine&nbsp;20&nbsp;mg</b><br>5% D/W&nbsp;40&nbsp;mL,0
38,<b>Nicardipine&nbsp;200&nbsp;mg</b><br>5% D/W&nbsp;100&nbsp;mL,0
38,<b>Nicardipine&nbsp;3&nbsp;mg</b><br>0.9% NaC&nbsp;15&nbsp;mL,0
38,<b>Nicardipine&nbsp;4&nbsp;g</b><br>0.9% NaC&nbsp;10&nbsp;mL,0
38,<b>Nicardipine&nbsp;4&nbsp;mg</b><br>&nbsp;20&nbsp;mL,0
38,<b>Nicardipine&nbsp;4&nbsp;mg</b><br>0.9% NaC&nbsp;10&nbsp;mL,0
38,<b>Nicardipine&nbsp;4&nbsp;mg</b><br>0.9% NaC&nbsp;100&nbsp;mL,0
38,<b>Nicardipine&nbsp;4&nbsp;mg</b><br>0.9% NaC&nbsp;16&nbsp;mL,0
38,<b>Nicardipine&nbsp;4&nbsp;mg</b><br>0.9% NaC&nbsp;20&nbsp;mL,0
38,<b>Nicardipine&nbsp;4&nbsp;mg</b><br>0.9% NaC&nbsp;24&nbsp;mL,0
38,<b>Nicardipine&nbsp;4&nbsp;mg</b><br>0.9% NaC&nbsp;25&nbsp;mL,0
38,<b>Nicardipine&nbsp;4&nbsp;mg</b><br>0.9% NaC&nbsp;36&nbsp;mL,0
38,<b>Nicardipine&nbsp;4&nbsp;mg</b><br>0.9% NaC&nbsp;5&nbsp;mL,0
38,<b>Nicardipine&nbsp;4&nbsp;mg</b><br>0.9% NaC&nbsp;50&nbsp;mL,0
38,<b>Nicardipine&nbsp;4&nbsp;mg</b><br>5% D/W&nbsp;20&nbsp;mL,0
38,<b>Nicardipine&nbsp;4&nbsp;mg</b><br>5% D/W&nbsp;36&nbsp;mL,0
38,<b>Nicardipine&nbsp;4&nbsp;mg</b><br>Acetar&nbsp;20&nbsp;mL,0
38,<b>Nicardipine&nbsp;4&nbsp;mg</b><br>Sterile&nbsp;24&nbsp;mL,0
38,<b>Nicardipine&nbsp;40&nbsp;mg</b><br>0.9% NaC&nbsp;200&nbsp;mL,0
38,<b>Nicardipine&nbsp;5&nbsp;mg</b><br>0.9% NaC&nbsp;25&nbsp;mL,0
38,<b>Nicardipine&nbsp;5&nbsp;mg</b><br>0.9% NaC&nbsp;50&nbsp;mL,0
38,<b>Nicardipine&nbsp;50&nbsp;mg</b><br>0.9% NaC&nbsp;100&nbsp;mL,0
38,<b>Nicardipine&nbsp;50&nbsp;mg</b><br>0.9% NaC&nbsp;200&nbsp;mL,0
38,<b>Nicardipine&nbsp;50&nbsp;mg</b><br>0.9% NaC&nbsp;250&nbsp;mL,0
38,<b>Nicardipine&nbsp;50&nbsp;mg</b><br>0.9% NaC&nbsp;500&nbsp;mL,0
38,<b>Nicardipine&nbsp;50&nbsp;mg</b><br>5% D/W&nbsp;100&nbsp;mL,0
38,<b>Nicardipine&nbsp;50&nbsp;mg</b><br>5% D/W&nbsp;250&nbsp;mL,0
38,<b>Nicardipine&nbsp;50&nbsp;mg</b><br>5% D/W&nbsp;500&nbsp;mL,0
38,<b>Nicardipine&nbsp;6&nbsp;mg</b><br>0.9% NaC&nbsp;60&nbsp;mL,0
38,<b>Nicardipine&nbsp;60&nbsp;mg</b><br>0.9% NaC&nbsp;300&nbsp;mL,0
38,<b>Nicardipine&nbsp;60&nbsp;mg</b><br>5% D/W&nbsp;300&nbsp;mL,0
38,<b>Nicardipine&nbsp;8&nbsp;mg</b><br>0.9% NaC&nbsp;20&nbsp;mL,0
38,<b>Nicardipine&nbsp;8&nbsp;mg</b><br>0.9% NaC&nbsp;40&nbsp;mL,0
22,<b>Nicardipine</b><br>IV,0
30,<b>Nifedipine</b>,0
38,<b>Nimodipine&nbsp;1&nbsp;mg</b><br>5% D/W&nbsp;5&nbsp;mL,0
38,<b>Nimodipine&nbsp;10&nbsp;mg</b><br>0.9% NaC&nbsp;50&nbsp;mL,0
38,<b>Nimodipine&nbsp;100&nbsp;mg</b><br>0.9% NaC&nbsp;50&nbsp;mL,0
38,<b>Nimodipine&nbsp;20&nbsp;mg</b><br>0.9% NaC&nbsp;20&nbsp;mL,0
38,<b>Nitroglycerine&nbsp;0.2&nbsp;mg</b><br>0.9% NaC&nbsp;1&nbsp;mL,0
38,<b>Nitroglycerine&nbsp;0.2&nbsp;mg</b><br>5% D/W&nbsp;1&nbsp;mL,0
38,<b>Nitroglycerine&nbsp;0.4&nbsp;mg</b><br>0.9% NaC&nbsp;1&nbsp;mL,0
38,<b>Nitroglycerine&nbsp;0.5&nbsp;mg</b><br>0.9% NaC&nbsp;1&nbsp;mL,0
38,<b>Nitroglycerine&nbsp;1&nbsp;mg</b><br>0.9% NaC&nbsp;1&nbsp;mL,0
38,<b>Nitroglycerine&nbsp;1&nbsp;mg</b><br>0.9% NaC&nbsp;10&nbsp;mL,0
38,<b>Nitroglycerine&nbsp;1&nbsp;mg</b><br>0.9% NaC&nbsp;2.5&nbsp;mL,0
38,<b>Nitroglycerine&nbsp;1&nbsp;mg</b><br>0.9% NaC&nbsp;25&nbsp;mL,0
38,<b>Nitroglycerine&nbsp;1&nbsp;mg</b><br>0.9% NaC&nbsp;5&nbsp;mL,0
38,<b>Nitroglycerine&nbsp;1&nbsp;mg</b><br>5% D/W&nbsp;5&nbsp;mL,0
38,<b>Nitroglycerine&nbsp;10&nbsp;mg</b><br>&nbsp;50&nbsp;mL,0
38,<b>Nitroglycerine&nbsp;10&nbsp;mg</b><br>0.9% NaC&nbsp;100&nbsp;mL,0
38,<b>Nitroglycerine&nbsp;10&nbsp;mg</b><br>0.9% NaC&nbsp;102&nbsp;mL,0
38,<b>Nitroglycerine&nbsp;10&nbsp;mg</b><br>0.9% NaC&nbsp;20&nbsp;mL,0
38,<b>Nitroglycerine&nbsp;10&nbsp;mg</b><br>0.9% NaC&nbsp;25&nbsp;mL,0
38,<b>Nitroglycerine&nbsp;10&nbsp;mg</b><br>0.9% NaC&nbsp;26&nbsp;mL,0
38,<b>Nitroglycerine&nbsp;10&nbsp;mg</b><br>0.9% NaC&nbsp;27&nbsp;mL,0
38,<b>Nitroglycerine&nbsp;10&nbsp;mg</b><br>0.9% NaC&nbsp;50&nbsp;mL,0
38,<b>Nitroglycerine&nbsp;10&nbsp;mg</b><br>0.9% NaC&nbsp;52&nbsp;mL,0
38,<b>Nitroglycerine&nbsp;10&nbsp;mg</b><br>0.9% NaC&nbsp;90&nbsp;mL,0
38,<b>Nitroglycerine&nbsp;10&nbsp;mg</b><br>5% D/W&nbsp;100&nbsp;mL,0
38,<b>Nitroglycerine&nbsp;10&nbsp;mg</b><br>5% D/W&nbsp;20&nbsp;mL,0
38,<b>Nitroglycerine&nbsp;10&nbsp;mg</b><br>5% D/W&nbsp;25&nbsp;mL,0
38,<b>Nitroglycerine&nbsp;10&nbsp;mg</b><br>5% D/W&nbsp;50&nbsp;mL,0
38,<b>Nitroglycerine&nbsp;10&nbsp;mg</b><br>Acetar&nbsp;25&nbsp;mL,0
38,<b>Nitroglycerine&nbsp;10&nbsp;mg</b><br>Acetar&nbsp;50&nbsp;mL,0
38,<b>Nitroglycerine&nbsp;100&nbsp;mcg</b><br>0.9% NaC&nbsp;1&nbsp;mL,0
38,<b>Nitroglycerine&nbsp;100&nbsp;mcg</b><br>5% D/N/2&nbsp;1&nbsp;mL,0
38,<b>Nitroglycerine&nbsp;100&nbsp;mg</b><br>0.9% NaC&nbsp;250&nbsp;mL,0
38,<b>Nitroglycerine&nbsp;10000&nbsp;mcg</b><br>0.9% NaC&nbsp;50&nbsp;mL,0
38,<b>Nitroglycerine&nbsp;10000&nbsp;mcg</b><br>Undilute&nbsp;25&nbsp;mL,0
38,<b>Nitroglycerine&nbsp;10000&nbsp;mcg</b><br>Undilute&nbsp;50&nbsp;mL,0
38,<b>Nitroglycerine&nbsp;12.5&nbsp;mg</b><br>0.9% NaC&nbsp;25&nbsp;mL,0
38,<b>Nitroglycerine&nbsp;2&nbsp;mg</b><br>0.9% NaC&nbsp;20&nbsp;mL,0
38,<b>Nitroglycerine&nbsp;2.5&nbsp;mg</b><br>&nbsp;25&nbsp;mL,0
38,<b>Nitroglycerine&nbsp;2.5&nbsp;mg</b><br>0.9% NaC&nbsp;25&nbsp;mL,0
38,<b>Nitroglycerine&nbsp;2.5&nbsp;mg</b><br>5% D/W&nbsp;25&nbsp;mL,0
38,<b>Nitroglycerine&nbsp;20&nbsp;mg</b><br>0.9% NaC&nbsp;100&nbsp;mL,0
38,<b>Nitroglycerine&nbsp;20&nbsp;mg</b><br>0.9% NaC&nbsp;104&nbsp;mL,0
38,<b>Nitroglycerine&nbsp;20&nbsp;mg</b><br>0.9% NaC&nbsp;20&nbsp;mL,0
38,<b>Nitroglycerine&nbsp;20&nbsp;mg</b><br>0.9% NaC&nbsp;200&nbsp;mL,0
38,<b>Nitroglycerine&nbsp;20&nbsp;mg</b><br>0.9% NaC&nbsp;25&nbsp;mL,0
38,<b>Nitroglycerine&nbsp;20&nbsp;mg</b><br>0.9% NaC&nbsp;50&nbsp;mL,0
38,<b>Nitroglycerine&nbsp;20&nbsp;mg</b><br>5% D/N/2&nbsp;100&nbsp;mL,0
38,<b>Nitroglycerine&nbsp;20&nbsp;mg</b><br>5% D/W&nbsp;100&nbsp;mL,0
38,<b>Nitroglycerine&nbsp;20&nbsp;mg</b><br>5% D/W&nbsp;104&nbsp;mL,0
38,<b>Nitroglycerine&nbsp;20&nbsp;mg</b><br>5% D/W&nbsp;50&nbsp;mL,0
38,<b>Nitroglycerine&nbsp;20&nbsp;mg</b><br>Undilute&nbsp;100&nbsp;mL,0
38,<b>Nitroglycerine&nbsp;200&nbsp;mcg</b><br>0.9% NaC&nbsp;1&nbsp;mL,0
38,<b>Nitroglycerine&nbsp;25&nbsp;mg</b><br>0.9% NaC&nbsp;100&nbsp;mL,0
38,<b>Nitroglycerine&nbsp;25&nbsp;mg</b><br>0.9% NaC&nbsp;101&nbsp;mL,0
38,<b>Nitroglycerine&nbsp;25&nbsp;mg</b><br>0.9% NaC&nbsp;102&nbsp;mL,0
38,<b>Nitroglycerine&nbsp;25&nbsp;mg</b><br>0.9% NaC&nbsp;25&nbsp;mL,0
38,<b>Nitroglycerine&nbsp;25&nbsp;mg</b><br>0.9% NaC&nbsp;30&nbsp;mL,0
38,<b>Nitroglycerine&nbsp;25&nbsp;mg</b><br>0.9% NaC&nbsp;50&nbsp;mL,0
38,<b>Nitroglycerine&nbsp;25&nbsp;mg</b><br>5% D/W&nbsp;125&nbsp;mL,0
38,<b>Nitroglycerine&nbsp;25&nbsp;mg</b><br>5% D/W&nbsp;25&nbsp;mL,0
38,<b>Nitroglycerine&nbsp;4&nbsp;mg</b><br>0.9% NaC&nbsp;20&nbsp;mL,0
38,<b>Nitroglycerine&nbsp;4&nbsp;mg</b><br>5% D/W&nbsp;20&nbsp;mL,0
38,<b>Nitroglycerine&nbsp;5&nbsp;mg</b><br>&nbsp;25&nbsp;mL,0
38,<b>Nitroglycerine&nbsp;5&nbsp;mg</b><br>&nbsp;50&nbsp;mL,0
38,<b>Nitroglycerine&nbsp;5&nbsp;mg</b><br>0.9% NaC&nbsp;100&nbsp;mL,0
38,<b>Nitroglycerine&nbsp;5&nbsp;mg</b><br>0.9% NaC&nbsp;20&nbsp;mL,0
38,<b>Nitroglycerine&nbsp;5&nbsp;mg</b><br>0.9% NaC&nbsp;24&nbsp;mL,0
38,<b>Nitroglycerine&nbsp;5&nbsp;mg</b><br>0.9% NaC&nbsp;25&nbsp;mL,0
38,<b>Nitroglycerine&nbsp;5&nbsp;mg</b><br>0.9% NaC&nbsp;26&nbsp;mL,0
38,<b>Nitroglycerine&nbsp;5&nbsp;mg</b><br>0.9% NaC&nbsp;50&nbsp;mL,0
38,<b>Nitroglycerine&nbsp;5&nbsp;mg</b><br>0.9% NaC&nbsp;500&nbsp;mL,0
38,<b>Nitroglycerine&nbsp;5&nbsp;mg</b><br>5% D/W&nbsp;25&nbsp;mL,0
38,<b>Nitroglycerine&nbsp;5&nbsp;mg</b><br>5% D/W&nbsp;50&nbsp;mL,0
38,<b>Nitroglycerine&nbsp;50&nbsp;mg</b><br>0.9% NaC&nbsp;100&nbsp;mL,0
38,<b>Nitroglycerine&nbsp;50&nbsp;mg</b><br>0.9% NaC&nbsp;125&nbsp;mL,0
38,<b>Nitroglycerine&nbsp;50&nbsp;mg</b><br>0.9% NaC&nbsp;25&nbsp;mL,0
38,<b>Nitroglycerine&nbsp;50&nbsp;mg</b><br>0.9% NaC&nbsp;460&nbsp;mL,0
38,<b>Nitroglycerine&nbsp;50&nbsp;mg</b><br>0.9% NaC&nbsp;50&nbsp;mL,0
38,<b>Nitroglycerine&nbsp;50&nbsp;mg</b><br>0.9% NaC&nbsp;500&nbsp;mL,0
38,<b>Nitroglycerine&nbsp;50&nbsp;mg</b><br>0.9% NaC&nbsp;510&nbsp;mL,0
38,<b>Nitroglycerine&nbsp;50&nbsp;mg</b><br>5% D/N/2&nbsp;500&nbsp;mL,0
38,<b>Nitroglycerine&nbsp;50&nbsp;mg</b><br>5% D/W&nbsp;100&nbsp;mL,0
38,<b>Nitroglycerine&nbsp;50&nbsp;mg</b><br>5% D/W&nbsp;250&nbsp;mL,0
38,<b>Nitroglycerine&nbsp;50&nbsp;mg</b><br>5% D/W&nbsp;50&nbsp;mL,0
38,<b>Nitroglycerine&nbsp;50&nbsp;mg</b><br>5% D/W&nbsp;500&nbsp;mL,0
39,<b>Norepinephrine&nbsp;0.02&nbsp;mcg</b><br>5% D/W&nbsp;1&nbsp;mL,0
39,<b>Norepinephrine&nbsp;0.02&nbsp;mg</b><br>5% D/W&nbsp;1&nbsp;mL,0
39,<b>Norepinephrine&nbsp;0.02&nbsp;mg</b><br>Undilute&nbsp;1&nbsp;mL,0
39,<b>Norepinephrine&nbsp;0.04&nbsp;mg</b><br>0.9% NaC&nbsp;1&nbsp;mL,0
39,<b>Norepinephrine&nbsp;0.04&nbsp;mg</b><br>0.9% NaC&nbsp;11&nbsp;mL,0
39,<b>Norepinephrine&nbsp;0.04&nbsp;mg</b><br>0.9% NaC&nbsp;25&nbsp;mL,0
39,<b>Norepinephrine&nbsp;0.04&nbsp;mg</b><br>5% D/W&nbsp;1&nbsp;mL,0
39,<b>Norepinephrine&nbsp;0.08&nbsp;mg</b><br>0.9% NaC&nbsp;20&nbsp;mL,0
39,<b>Norepinephrine&nbsp;0.08&nbsp;mg</b><br>5% D/W&nbsp;1&nbsp;mL,0
39,<b>Norepinephrine&nbsp;0.08&nbsp;mg</b><br>5% D/W&nbsp;20&nbsp;mL,0
39,<b>Norepinephrine&nbsp;0.1&nbsp;mg</b><br>&nbsp;1&nbsp;mL,0
39,<b>Norepinephrine&nbsp;0.1&nbsp;mg</b><br>0.9% NaC&nbsp;1&nbsp;mL,0
39,<b>Norepinephrine&nbsp;0.1&nbsp;mg</b><br>0.9% NaC&nbsp;10&nbsp;mL,0
39,<b>Norepinephrine&nbsp;0.1&nbsp;mg</b><br>0.9% NaC&nbsp;20&nbsp;mL,0
39,<b>Norepinephrine&nbsp;0.1&nbsp;mg</b><br>0.9% NaC&nbsp;25&nbsp;mL,0
39,<b>Norepinephrine&nbsp;0.1&nbsp;mg</b><br>5% D/W&nbsp;1&nbsp;mL,0
39,<b>Norepinephrine&nbsp;0.1&nbsp;mg</b><br>5% D/W&nbsp;20&nbsp;mL,0
39,<b>Norepinephrine&nbsp;0.1&nbsp;mg</b><br>5% D/W&nbsp;25&nbsp;mL,0
39,<b>Norepinephrine&nbsp;0.16&nbsp;mg</b><br>5% D/W&nbsp;20.16&nbsp;mL,0
39,<b>Norepinephrine&nbsp;0.2&nbsp;mg</b><br>0.9% NaC&nbsp;10&nbsp;mL,0
39,<b>Norepinephrine&nbsp;0.2&nbsp;mg</b><br>0.9% NaC&nbsp;20&nbsp;mL,0
39,<b>Norepinephrine&nbsp;0.2&nbsp;mg</b><br>0.9% NaC&nbsp;50&nbsp;mL,0
39,<b>Norepinephrine&nbsp;0.2&nbsp;mg</b><br>5% D/W&nbsp;10&nbsp;mL,0
39,<b>Norepinephrine&nbsp;0.2&nbsp;mg</b><br>5% D/W&nbsp;20&nbsp;mL,0
39,<b>Norepinephrine&nbsp;0.2&nbsp;mg</b><br>5% D/W&nbsp;25&nbsp;mL,0
39,<b>Norepinephrine&nbsp;0.2&nbsp;mg</b><br>5% D/W&nbsp;50&nbsp;mL,0
39,<b>Norepinephrine&nbsp;0.24&nbsp;mg</b><br>0.9% NaC&nbsp;25&nbsp;mL,0
39,<b>Norepinephrine&nbsp;0.25&nbsp;mg</b><br>5% D/W&nbsp;25&nbsp;mL,0
39,<b>Norepinephrine&nbsp;0.3&nbsp;mg</b><br>0.9% NaC&nbsp;10&nbsp;mL,0
39,<b>Norepinephrine&nbsp;0.4&nbsp;mcg</b><br>5% D/W&nbsp;24&nbsp;mL,0
39,<b>Norepinephrine&nbsp;0.4&nbsp;mg</b><br>0.9% NaC&nbsp;10&nbsp;mL,0
39,<b>Norepinephrine&nbsp;0.4&nbsp;mg</b><br>0.9% NaC&nbsp;100&nbsp;mL,0
39,<b>Norepinephrine&nbsp;0.4&nbsp;mg</b><br>0.9% NaC&nbsp;20&nbsp;mL,0
39,<b>Norepinephrine&nbsp;0.4&nbsp;mg</b><br>0.9% NaC&nbsp;24&nbsp;mL,0
39,<b>Norepinephrine&nbsp;0.4&nbsp;mg</b><br>0.9% NaC&nbsp;25&nbsp;mL,0
39,<b>Norepinephrine&nbsp;0.4&nbsp;mg</b><br>5% D/N/2&nbsp;10&nbsp;mL,0
39,<b>Norepinephrine&nbsp;0.4&nbsp;mg</b><br>5% D/N/2&nbsp;9.4&nbsp;mL,0
39,<b>Norepinephrine&nbsp;0.4&nbsp;mg</b><br>5% D/W&nbsp;100&nbsp;mL,0
39,<b>Norepinephrine&nbsp;0.4&nbsp;mg</b><br>5% D/W&nbsp;20&nbsp;mL,0
39,<b>Norepinephrine&nbsp;0.4&nbsp;mg</b><br>5% D/W&nbsp;24&nbsp;mL,0
39,<b>Norepinephrine&nbsp;0.4&nbsp;mg</b><br>5% D/W&nbsp;25&nbsp;mL,0
39,<b>Norepinephrine&nbsp;0.4&nbsp;mg</b><br>5% D/W&nbsp;40&nbsp;mL,0
39,<b>Norepinephrine&nbsp;0.4&nbsp;mg</b><br>Undilute&nbsp;20&nbsp;mL,0
39,<b>Norepinephrine&nbsp;0.48&nbsp;mg</b><br>0.9% NaC&nbsp;25&nbsp;mL,0
39,<b>Norepinephrine&nbsp;0.5&nbsp;mg</b><br>0.9% NaC&nbsp;101&nbsp;mL,0
39,<b>Norepinephrine&nbsp;0.5&nbsp;mg</b><br>0.9% NaC&nbsp;20&nbsp;mL,0
39,<b>Norepinephrine&nbsp;0.5&nbsp;mg</b><br>0.9% NaC&nbsp;25&nbsp;mL,0
39,<b>Norepinephrine&nbsp;0.5&nbsp;mg</b><br>0.9% NaC&nbsp;25.5&nbsp;mL,0
39,<b>Norepinephrine&nbsp;0.5&nbsp;mg</b><br>0.9% NaC&nbsp;50&nbsp;mL,0
39,<b>Norepinephrine&nbsp;0.5&nbsp;mg</b><br>5% D/W&nbsp;100&nbsp;mL,0
39,<b>Norepinephrine&nbsp;0.5&nbsp;mg</b><br>5% D/W&nbsp;20.5&nbsp;mL,0
39,<b>Norepinephrine&nbsp;0.5&nbsp;mg</b><br>5% D/W&nbsp;25&nbsp;mL,0
39,<b>Norepinephrine&nbsp;0.5&nbsp;mg</b><br>5% D/W&nbsp;49.5&nbsp;mL,0
39,<b>Norepinephrine&nbsp;0.5&nbsp;mg</b><br>5% D/W&nbsp;50&nbsp;mL,0
39,<b>Norepinephrine&nbsp;0.6&nbsp;mg</b><br>0.9% NaC&nbsp;60&nbsp;mL,0
39,<b>Norepinephrine&nbsp;0.8&nbsp;mg</b><br>0.9% NaC&nbsp;10&nbsp;mL,0
39,<b>Norepinephrine&nbsp;0.8&nbsp;mg</b><br>0.9% NaC&nbsp;20&nbsp;mL,0
39,<b>Norepinephrine&nbsp;0.8&nbsp;mg</b><br>0.9% NaC&nbsp;50&nbsp;mL,0
39,<b>Norepinephrine&nbsp;0.8&nbsp;mg</b><br>5% D/W&nbsp;20&nbsp;mL,0
39,<b>Norepinephrine&nbsp;0.8&nbsp;mg</b><br>5% D/W&nbsp;20.8&nbsp;mL,0
39,<b>Norepinephrine&nbsp;0.8&nbsp;mg</b><br>Undilute&nbsp;20&nbsp;mL,0
39,<b>Norepinephrine&nbsp;1&nbsp;g</b><br>0.9% NaC&nbsp;25&nbsp;mL,0
39,<b>Norepinephrine&nbsp;1&nbsp;g</b><br>0.9% NaC&nbsp;50&nbsp;mL,0
39,<b>Norepinephrine&nbsp;1&nbsp;g</b><br>5% D/N/2&nbsp;25&nbsp;mL,0
39,<b>Norepinephrine&nbsp;1&nbsp;g</b><br>5% D/W&nbsp;10&nbsp;mL,0
39,<b>Norepinephrine&nbsp;1&nbsp;g</b><br>5% D/W&nbsp;25&nbsp;mL,0
39,<b>Norepinephrine&nbsp;1&nbsp;g</b><br>5% D/W&nbsp;26&nbsp;mL,0
39,<b>Norepinephrine&nbsp;1&nbsp;mcg</b><br>0.9% NaC&nbsp;25&nbsp;mL,0
39,<b>Norepinephrine&nbsp;1&nbsp;mcg</b><br>5% D/W&nbsp;100&nbsp;mL,0
39,<b>Norepinephrine&nbsp;1&nbsp;mcg</b><br>5% D/W&nbsp;25&nbsp;mL,0
39,<b>Norepinephrine&nbsp;1&nbsp;mcg</b><br>Undilute&nbsp;1&nbsp;mL,0
39,<b>Norepinephrine&nbsp;1&nbsp;mg</b><br>&nbsp;25&nbsp;mL,0
39,<b>Norepinephrine&nbsp;1&nbsp;mg</b><br>0.9% NaC&nbsp;10&nbsp;mL,0
39,<b>Norepinephrine&nbsp;1&nbsp;mg</b><br>0.9% NaC&nbsp;100&nbsp;mL,0
39,<b>Norepinephrine&nbsp;1&nbsp;mg</b><br>0.9% NaC&nbsp;101&nbsp;mL,0
39,<b>Norepinephrine&nbsp;1&nbsp;mg</b><br>0.9% NaC&nbsp;20&nbsp;mL,0
39,<b>Norepinephrine&nbsp;1&nbsp;mg</b><br>0.9% NaC&nbsp;21&nbsp;mL,0
39,<b>Norepinephrine&nbsp;1&nbsp;mg</b><br>0.9% NaC&nbsp;24&nbsp;mL,0
39,<b>Norepinephrine&nbsp;1&nbsp;mg</b><br>0.9% NaC&nbsp;25&nbsp;mL,0
39,<b>Norepinephrine&nbsp;1&nbsp;mg</b><br>0.9% NaC&nbsp;250&nbsp;mL,0
39,<b>Norepinephrine&nbsp;1&nbsp;mg</b><br>0.9% NaC&nbsp;26&nbsp;mL,0
39,<b>Norepinephrine&nbsp;1&nbsp;mg</b><br>0.9% NaC&nbsp;49&nbsp;mL,0
39,<b>Norepinephrine&nbsp;1&nbsp;mg</b><br>0.9% NaC&nbsp;50&nbsp;mL,0
39,<b>Norepinephrine&nbsp;1&nbsp;mg</b><br>0.9% NaC&nbsp;51&nbsp;mL,0
39,<b>Norepinephrine&nbsp;1&nbsp;mg</b><br>5% D/N/2&nbsp;25&nbsp;mL,0
39,<b>Norepinephrine&nbsp;1&nbsp;mg</b><br>5% D/N/2&nbsp;50&nbsp;mL,0
39,<b>Norepinephrine&nbsp;1&nbsp;mg</b><br>5% D/NSS&nbsp;10&nbsp;mL,0
39,<b>Norepinephrine&nbsp;1&nbsp;mg</b><br>5% D/NSS&nbsp;25&nbsp;mL,0
39,<b>Norepinephrine&nbsp;1&nbsp;mg</b><br>5% D/NSS&nbsp;26&nbsp;mL,0
39,<b>Norepinephrine&nbsp;1&nbsp;mg</b><br>5% D/W&nbsp;10&nbsp;mL,0
39,<b>Norepinephrine&nbsp;1&nbsp;mg</b><br>5% D/W&nbsp;100&nbsp;mL,0
39,<b>Norepinephrine&nbsp;1&nbsp;mg</b><br>5% D/W&nbsp;101&nbsp;mL,0
39,<b>Norepinephrine&nbsp;1&nbsp;mg</b><br>5% D/W&nbsp;11&nbsp;mL,0
39,<b>Norepinephrine&nbsp;1&nbsp;mg</b><br>5% D/W&nbsp;20&nbsp;mL,0
39,<b>Norepinephrine&nbsp;1&nbsp;mg</b><br>5% D/W&nbsp;24&nbsp;mL,0
39,<b>Norepinephrine&nbsp;1&nbsp;mg</b><br>5% D/W&nbsp;25&nbsp;mL,0
39,<b>Norepinephrine&nbsp;1&nbsp;mg</b><br>5% D/W&nbsp;250&nbsp;mL,0
39,<b>Norepinephrine&nbsp;1&nbsp;mg</b><br>5% D/W&nbsp;26&nbsp;mL,0
39,<b>Norepinephrine&nbsp;1&nbsp;mg</b><br>5% D/W&nbsp;5&nbsp;mL,0
39,<b>Norepinephrine&nbsp;1&nbsp;mg</b><br>5% D/W&nbsp;50&nbsp;mL,0
39,<b>Norepinephrine&nbsp;1&nbsp;mg</b><br>5% D/W&nbsp;62.5&nbsp;mL,0
39,<b>Norepinephrine&nbsp;1&nbsp;mg</b><br>5% D/W&nbsp;99&nbsp;mL,0
39,<b>Norepinephrine&nbsp;1&nbsp;mg</b><br>Acetar&nbsp;25&nbsp;mL,0
39,<b>Norepinephrine&nbsp;1&nbsp;mg</b><br>Sterile&nbsp;50&nbsp;mL,0
39,<b>Norepinephrine&nbsp;1&nbsp;mg</b><br>Undilute&nbsp;25&nbsp;mL,0
39,<b>Norepinephrine&nbsp;1&nbsp;mg</b><br>Undilute&nbsp;250&nbsp;mL,0
39,<b>Norepinephrine&nbsp;1&nbsp;mg</b><br>Undilute&nbsp;50&nbsp;mL,0
39,<b>Norepinephrine&nbsp;1.6&nbsp;mg</b><br>5% D/W&nbsp;100&nbsp;mL,0
39,<b>Norepinephrine&nbsp;1.6&nbsp;mg</b><br>5% D/W&nbsp;40&nbsp;mL,0
39,<b>Norepinephrine&nbsp;10&nbsp;mcg</b><br>&nbsp;1&nbsp;mL,0
39,<b>Norepinephrine&nbsp;10&nbsp;mcg</b><br>0.9% NaC&nbsp;1&nbsp;mL,0
39,<b>Norepinephrine&nbsp;10&nbsp;mcg</b><br>0.9% NaC&nbsp;20&nbsp;mL,0
39,<b>Norepinephrine&nbsp;10&nbsp;mcg</b><br>5% D/NSS&nbsp;1&nbsp;mL,0
39,<b>Norepinephrine&nbsp;10&nbsp;mcg</b><br>5% D/W&nbsp;1&nbsp;mL,0
39,<b>Norepinephrine&nbsp;10&nbsp;mcg</b><br>5% D/W&nbsp;10&nbsp;mL,0
39,<b>Norepinephrine&nbsp;10&nbsp;mcg</b><br>5% D/W&nbsp;100&nbsp;mL,0
39,<b>Norepinephrine&nbsp;10&nbsp;mcg</b><br>5% D/W&nbsp;101&nbsp;mL,0
39,<b>Norepinephrine&nbsp;10&nbsp;mcg</b><br>Undilute&nbsp;1&nbsp;mL,0
39,<b>Norepinephrine&nbsp;10&nbsp;mg</b><br>0.9% NaC&nbsp;100&nbsp;mL,0
39,<b>Norepinephrine&nbsp;10&nbsp;mg</b><br>0.9% NaC&nbsp;101&nbsp;mL,0
39,<b>Norepinephrine&nbsp;10&nbsp;mg</b><br>5% D/N/2&nbsp;100&nbsp;mL,0
39,<b>Norepinephrine&nbsp;10&nbsp;mg</b><br>5% D/W&nbsp;100&nbsp;mL,0
39,<b>Norepinephrine&nbsp;10&nbsp;mg</b><br>5% D/W&nbsp;110&nbsp;mL,0
39,<b>Norepinephrine&nbsp;10&nbsp;mg</b><br>5% D/W&nbsp;20&nbsp;mL,0
39,<b>Norepinephrine&nbsp;10&nbsp;mg</b><br>5% D/W&nbsp;250&nbsp;mL,0
39,<b>Norepinephrine&nbsp;10&nbsp;mg</b><br>Undilute&nbsp;200&nbsp;mL,0
39,<b>Norepinephrine&nbsp;100&nbsp;mcg</b><br>&nbsp;10&nbsp;mL,0
39,<b>Norepinephrine&nbsp;100&nbsp;mcg</b><br>0.9% NaC&nbsp;10&nbsp;mL,0
39,<b>Norepinephrine&nbsp;100&nbsp;mcg</b><br>0.9% NaC&nbsp;20&nbsp;mL,0
39,<b>Norepinephrine&nbsp;100&nbsp;mcg</b><br>0.9% NaC&nbsp;20.1&nbsp;mL,0
39,<b>Norepinephrine&nbsp;100&nbsp;mcg</b><br>0.9% NaC&nbsp;25&nbsp;mL,0
39,<b>Norepinephrine&nbsp;100&nbsp;mcg</b><br>0.9% NaC&nbsp;40&nbsp;mL,0
39,<b>Norepinephrine&nbsp;100&nbsp;mcg</b><br>0.9% NaC&nbsp;50&nbsp;mL,0
39,<b>Norepinephrine&nbsp;100&nbsp;mcg</b><br>5% D/N/2&nbsp;10&nbsp;mL,0
39,<b>Norepinephrine&nbsp;100&nbsp;mcg</b><br>5% D/W&nbsp;1&nbsp;mL,0
39,<b>Norepinephrine&nbsp;100&nbsp;mcg</b><br>5% D/W&nbsp;10&nbsp;mL,0
39,<b>Norepinephrine&nbsp;100&nbsp;mcg</b><br>5% D/W&nbsp;132&nbsp;mL,0
39,<b>Norepinephrine&nbsp;100&nbsp;mcg</b><br>5% D/W&nbsp;20&nbsp;mL,0
39,<b>Norepinephrine&nbsp;100&nbsp;mcg</b><br>5% D/W&nbsp;25&nbsp;mL,0
39,<b>Norepinephrine&nbsp;100&nbsp;mcg</b><br>5% D/W&nbsp;50&nbsp;mL,0
39,<b>Norepinephrine&nbsp;100&nbsp;mcg</b><br>Acetar&nbsp;10&nbsp;mL,0
39,<b>Norepinephrine&nbsp;100&nbsp;mcg</b><br>Ringer A&nbsp;20&nbsp;mL,0
39,<b>Norepinephrine&nbsp;100&nbsp;mcg</b><br>Undilute&nbsp;1&nbsp;mL,0
39,<b>Norepinephrine&nbsp;100&nbsp;mcg</b><br>Undilute&nbsp;25&nbsp;mL,0
39,<b>Norepinephrine&nbsp;1000&nbsp;mcg</b><br>0.9% NaC&nbsp;10&nbsp;mL,0
39,<b>Norepinephrine&nbsp;1000&nbsp;mcg</b><br>0.9% NaC&nbsp;100&nbsp;mL,0
39,<b>Norepinephrine&nbsp;1000&nbsp;mcg</b><br>0.9% NaC&nbsp;101&nbsp;mL,0
39,<b>Norepinephrine&nbsp;1000&nbsp;mcg</b><br>0.9% NaC&nbsp;25&nbsp;mL,0
39,<b>Norepinephrine&nbsp;1000&nbsp;mcg</b><br>0.9% NaC&nbsp;26&nbsp;mL,0
39,<b>Norepinephrine&nbsp;1000&nbsp;mcg</b><br>0.9% NaC&nbsp;50&nbsp;mL,0
39,<b>Norepinephrine&nbsp;1000&nbsp;mcg</b><br>5% D/N/2&nbsp;25&nbsp;mL,0
39,<b>Norepinephrine&nbsp;1000&nbsp;mcg</b><br>5% D/W&nbsp;100&nbsp;mL,0
39,<b>Norepinephrine&nbsp;1000&nbsp;mcg</b><br>5% D/W&nbsp;25&nbsp;mL,0
39,<b>Norepinephrine&nbsp;1000&nbsp;mcg</b><br>5% D/W&nbsp;27&nbsp;mL,0
39,<b>Norepinephrine&nbsp;1000&nbsp;mcg</b><br>5% D/W&nbsp;50&nbsp;mL,0
39,<b>Norepinephrine&nbsp;1000&nbsp;mcg</b><br>5% D/W&nbsp;62.5&nbsp;mL,0
39,<b>Norepinephrine&nbsp;1000&nbsp;mcg</b><br>Acetar&nbsp;1025&nbsp;mL,0
39,<b>Norepinephrine&nbsp;1000&nbsp;mcg</b><br>Sterile&nbsp;25&nbsp;mL,0
39,<b>Norepinephrine&nbsp;1000&nbsp;mcg</b><br>Undilute&nbsp;25&nbsp;mL,0
39,<b>Norepinephrine&nbsp;1000&nbsp;mcg</b><br>Undilute&nbsp;50&nbsp;mL,0
39,<b>Norepinephrine&nbsp;1000&nbsp;mg</b><br>5% D/W&nbsp;25&nbsp;mL,0
39,<b>Norepinephrine&nbsp;10000&nbsp;mcg</b><br>0.9% NaC&nbsp;100&nbsp;mL,0
39,<b>Norepinephrine&nbsp;10000&nbsp;mcg</b><br>5% D/W&nbsp;100&nbsp;mL,0
39,<b>Norepinephrine&nbsp;11&nbsp;mg</b><br>0.9% NaC&nbsp;110&nbsp;mL,0
39,<b>Norepinephrine&nbsp;12&nbsp;mcg</b><br>5% D/W&nbsp;120&nbsp;mL,0
39,<b>Norepinephrine&nbsp;12&nbsp;mg</b><br>&nbsp;120&nbsp;mL,0
39,<b>Norepinephrine&nbsp;12&nbsp;mg</b><br>0.9% NaC&nbsp;100&nbsp;mL,0
39,<b>Norepinephrine&nbsp;12&nbsp;mg</b><br>0.9% NaC&nbsp;120&nbsp;mL,0
39,<b>Norepinephrine&nbsp;12&nbsp;mg</b><br>5% D/NSS&nbsp;120&nbsp;mL,0
39,<b>Norepinephrine&nbsp;12&nbsp;mg</b><br>5% D/W&nbsp;12&nbsp;mL,0
39,<b>Norepinephrine&nbsp;12&nbsp;mg</b><br>5% D/W&nbsp;120&nbsp;mL,0
39,<b>Norepinephrine&nbsp;12&nbsp;mg</b><br>5% D/W&nbsp;132&nbsp;mL,0
39,<b>Norepinephrine&nbsp;12&nbsp;mg</b><br>5% D/W&nbsp;228&nbsp;mL,0
39,<b>Norepinephrine&nbsp;12&nbsp;mg</b><br>5% D/W&nbsp;237&nbsp;mL,0
39,<b>Norepinephrine&nbsp;12&nbsp;mg</b><br>5% D/W&nbsp;300&nbsp;mL,0
39,<b>Norepinephrine&nbsp;120&nbsp;mcg</b><br>0.9% NaC&nbsp;12&nbsp;mL,0
39,<b>Norepinephrine&nbsp;120&nbsp;mcg</b><br>0.9% NaC&nbsp;24&nbsp;mL,0
39,<b>Norepinephrine&nbsp;120&nbsp;mcg</b><br>0.9% NaC&nbsp;25&nbsp;mL,0
39,<b>Norepinephrine&nbsp;120&nbsp;mcg</b><br>5% D/N/2&nbsp;12&nbsp;mL,0
39,<b>Norepinephrine&nbsp;120&nbsp;mcg</b><br>5% D/W&nbsp;25&nbsp;mL,0
39,<b>Norepinephrine&nbsp;120&nbsp;mcg</b><br>Undilute&nbsp;12&nbsp;mL,0
39,<b>Norepinephrine&nbsp;120&nbsp;mg</b><br>5% D/W&nbsp;120&nbsp;mL,0
39,<b>Norepinephrine&nbsp;1200&nbsp;mcg</b><br>0.9% NaC&nbsp;40&nbsp;mL,0
39,<b>Norepinephrine&nbsp;125&nbsp;mcg</b><br>5% D/N/2&nbsp;25&nbsp;mL,0
39,<b>Norepinephrine&nbsp;125&nbsp;mcg</b><br>5% D/W&nbsp;25&nbsp;mL,0
39,<b>Norepinephrine&nbsp;14&nbsp;mg</b><br>5% D/W&nbsp;300&nbsp;mL,0
39,<b>Norepinephrine&nbsp;15&nbsp;mcg</b><br>5% D/W&nbsp;15&nbsp;mL,0
39,<b>Norepinephrine&nbsp;150&nbsp;mcg</b><br>5% D/W&nbsp;15&nbsp;mL,0
39,<b>Norepinephrine&nbsp;16&nbsp;mcg</b><br>&nbsp;1&nbsp;mL,0
39,<b>Norepinephrine&nbsp;16&nbsp;mcg</b><br>0.9% NaC&nbsp;1&nbsp;mL,0
39,<b>Norepinephrine&nbsp;16&nbsp;mcg</b><br>5% D/N/2&nbsp;20&nbsp;mL,0
39,<b>Norepinephrine&nbsp;16&nbsp;mcg</b><br>5% D/W&nbsp;1&nbsp;mL,0
39,<b>Norepinephrine&nbsp;16&nbsp;mcg</b><br>Undilute&nbsp;1&nbsp;mL,0
39,<b>Norepinephrine&nbsp;16&nbsp;mcg</b><br>Undilute&nbsp;24&nbsp;mL,0
39,<b>Norepinephrine&nbsp;16&nbsp;mg</b><br>5% D/W&nbsp;160&nbsp;mL,0
39,<b>Norepinephrine&nbsp;16&nbsp;mg</b><br>5% D/W&nbsp;200&nbsp;mL,0
39,<b>Norepinephrine&nbsp;160&nbsp;mcg</b><br>0.9% NaC&nbsp;10&nbsp;mL,0
39,<b>Norepinephrine&nbsp;160&nbsp;mcg</b><br>0.9% NaC&nbsp;20&nbsp;mL,0
39,<b>Norepinephrine&nbsp;160&nbsp;mcg</b><br>5% D/W&nbsp;20&nbsp;mL,0
39,<b>Norepinephrine&nbsp;160&nbsp;mcg</b><br>5% D/W&nbsp;24&nbsp;mL,0
39,<b>Norepinephrine&nbsp;1600&nbsp;mcg</b><br>0.9% NaC&nbsp;100&nbsp;mL,0
39,<b>Norepinephrine&nbsp;190&nbsp;mcg</b><br>0.9% NaC&nbsp;19&nbsp;mL,0
39,<b>Norepinephrine&nbsp;2&nbsp;g</b><br>0.9% NaC&nbsp;100&nbsp;mL,0
39,<b>Norepinephrine&nbsp;2&nbsp;g</b><br>0.9% NaC&nbsp;50&nbsp;mL,0
39,<b>Norepinephrine&nbsp;2&nbsp;g</b><br>5% D/W&nbsp;100&nbsp;mL,0
39,<b>Norepinephrine&nbsp;2&nbsp;g</b><br>5% D/W&nbsp;25&nbsp;mL,0
39,<b>Norepinephrine&nbsp;2&nbsp;g</b><br>5% D/W&nbsp;50&nbsp;mL,0
39,<b>Norepinephrine&nbsp;2&nbsp;mcg</b><br>0.9% NaC&nbsp;1&nbsp;mL,0
39,<b>Norepinephrine&nbsp;2&nbsp;mcg</b><br>0.9% NaC&nbsp;100&nbsp;mL,0
39,<b>Norepinephrine&nbsp;2&nbsp;mcg</b><br>5% D/W&nbsp;50&nbsp;mL,0
39,<b>Norepinephrine&nbsp;2&nbsp;mg</b><br>0.9% NaC&nbsp;100&nbsp;mL,0
39,<b>Norepinephrine&nbsp;2&nbsp;mg</b><br>0.9% NaC&nbsp;101&nbsp;mL,0
39,<b>Norepinephrine&nbsp;2&nbsp;mg</b><br>0.9% NaC&nbsp;102&nbsp;mL,0
39,<b>Norepinephrine&nbsp;2&nbsp;mg</b><br>0.9% NaC&nbsp;20&nbsp;mL,0
39,<b>Norepinephrine&nbsp;2&nbsp;mg</b><br>0.9% NaC&nbsp;25&nbsp;mL,0
39,<b>Norepinephrine&nbsp;2&nbsp;mg</b><br>0.9% NaC&nbsp;27&nbsp;mL,0
39,<b>Norepinephrine&nbsp;2&nbsp;mg</b><br>0.9% NaC&nbsp;50&nbsp;mL,0
39,<b>Norepinephrine&nbsp;2&nbsp;mg</b><br>0.9% NaC&nbsp;52&nbsp;mL,0
39,<b>Norepinephrine&nbsp;2&nbsp;mg</b><br>5% D/N/2&nbsp;100&nbsp;mL,0
39,<b>Norepinephrine&nbsp;2&nbsp;mg</b><br>5% D/N/2&nbsp;20&nbsp;mL,0
39,<b>Norepinephrine&nbsp;2&nbsp;mg</b><br>5% D/N/2&nbsp;25&nbsp;mL,0
39,<b>Norepinephrine&nbsp;2&nbsp;mg</b><br>5% D/N/2&nbsp;50&nbsp;mL,0
39,<b>Norepinephrine&nbsp;2&nbsp;mg</b><br>5% D/NSS&nbsp;25&nbsp;mL,0
39,<b>Norepinephrine&nbsp;2&nbsp;mg</b><br>5% D/NSS&nbsp;50&nbsp;mL,0
39,<b>Norepinephrine&nbsp;2&nbsp;mg</b><br>5% D/W&nbsp;100&nbsp;mL,0
39,<b>Norepinephrine&nbsp;2&nbsp;mg</b><br>5% D/W&nbsp;101&nbsp;mL,0
39,<b>Norepinephrine&nbsp;2&nbsp;mg</b><br>5% D/W&nbsp;102&nbsp;mL,0
39,<b>Norepinephrine&nbsp;2&nbsp;mg</b><br>5% D/W&nbsp;20&nbsp;mL,0
39,<b>Norepinephrine&nbsp;2&nbsp;mg</b><br>5% D/W&nbsp;23&nbsp;mL,0
39,<b>Norepinephrine&nbsp;2&nbsp;mg</b><br>5% D/W&nbsp;25&nbsp;mL,0
39,<b>Norepinephrine&nbsp;2&nbsp;mg</b><br>5% D/W&nbsp;250&nbsp;mL,0
39,<b>Norepinephrine&nbsp;2&nbsp;mg</b><br>5% D/W&nbsp;27&nbsp;mL,0
39,<b>Norepinephrine&nbsp;2&nbsp;mg</b><br>5% D/W&nbsp;50&nbsp;mL,0
39,<b>Norepinephrine&nbsp;2&nbsp;mg</b><br>5% D/W&nbsp;51&nbsp;mL,0
39,<b>Norepinephrine&nbsp;2&nbsp;mg</b><br>5% D/W&nbsp;52&nbsp;mL,0
39,<b>Norepinephrine&nbsp;2&nbsp;mg</b><br>5% D/W&nbsp;60&nbsp;mL,0
39,<b>Norepinephrine&nbsp;2&nbsp;mg</b><br>5% D/W&nbsp;98&nbsp;mL,0
39,<b>Norepinephrine&nbsp;2&nbsp;mg</b><br>Undilute&nbsp;100&nbsp;mL,0
39,<b>Norepinephrine&nbsp;2&nbsp;mg</b><br>Undilute&nbsp;50&nbsp;mL,0
39,<b>Norepinephrine&nbsp;2.5&nbsp;mg</b><br>0.9% NaC&nbsp;50&nbsp;mL,0
39,<b>Norepinephrine&nbsp;2.5&nbsp;mg</b><br>5% D/W&nbsp;25&nbsp;mL,0
39,<b>Norepinephrine&nbsp;20&nbsp;mcg</b><br>&nbsp;1&nbsp;mL,0
39,<b>Norepinephrine&nbsp;20&nbsp;mcg</b><br>0.9% NaC&nbsp;1&nbsp;mL,0
39,<b>Norepinephrine&nbsp;20&nbsp;mcg</b><br>0.9% NaC&nbsp;10&nbsp;mL,0
39,<b>Norepinephrine&nbsp;20&nbsp;mcg</b><br>0.9% NaC&nbsp;20&nbsp;mL,0
39,<b>Norepinephrine&nbsp;20&nbsp;mcg</b><br>0.9% NaC&nbsp;25&nbsp;mL,0
39,<b>Norepinephrine&nbsp;20&nbsp;mcg</b><br>0.9% NaC&nbsp;40&nbsp;mL,0
39,<b>Norepinephrine&nbsp;20&nbsp;mcg</b><br>0.9% NaC&nbsp;50&nbsp;mL,0
39,<b>Norepinephrine&nbsp;20&nbsp;mcg</b><br>5% D/N/2&nbsp;1&nbsp;mL,0
39,<b>Norepinephrine&nbsp;20&nbsp;mcg</b><br>5% D/NSS&nbsp;2&nbsp;mL,0
39,<b>Norepinephrine&nbsp;20&nbsp;mcg</b><br>5% D/W&nbsp;1&nbsp;mL,0
39,<b>Norepinephrine&nbsp;20&nbsp;mcg</b><br>5% D/W&nbsp;1.5&nbsp;mL,0
39,<b>Norepinephrine&nbsp;20&nbsp;mcg</b><br>5% D/W&nbsp;20&nbsp;mL,0
39,<b>Norepinephrine&nbsp;20&nbsp;mcg</b><br>5% D/W&nbsp;20.2&nbsp;mL,0
39,<b>Norepinephrine&nbsp;20&nbsp;mcg</b><br>5% D/W&nbsp;25&nbsp;mL,0
39,<b>Norepinephrine&nbsp;20&nbsp;mcg</b><br>5% D/W&nbsp;50&nbsp;mL,0
39,<b>Norepinephrine&nbsp;20&nbsp;mcg</b><br>Acetar&nbsp;1&nbsp;mL,0
39,<b>Norepinephrine&nbsp;20&nbsp;mcg</b><br>Undilute&nbsp;1&nbsp;mL,0
39,<b>Norepinephrine&nbsp;20&nbsp;mg</b><br>0.9% NaC&nbsp;250&nbsp;mL,0
39,<b>Norepinephrine&nbsp;20&nbsp;mg</b><br>0.9% NaC&nbsp;500&nbsp;mL,0
39,<b>Norepinephrine&nbsp;20&nbsp;mg</b><br>5% D/W&nbsp;100&nbsp;mL,0
39,<b>Norepinephrine&nbsp;20&nbsp;mg</b><br>5% D/W&nbsp;200&nbsp;mL,0
39,<b>Norepinephrine&nbsp;20&nbsp;mg</b><br>5% D/W&nbsp;250&nbsp;mL,0
39,<b>Norepinephrine&nbsp;20&nbsp;mg</b><br>5% D/W&nbsp;500&nbsp;mL,0
39,<b>Norepinephrine&nbsp;20&nbsp;mg</b><br>5% D/W&nbsp;520&nbsp;mL,0
39,<b>Norepinephrine&nbsp;200&nbsp;mcg</b><br>&nbsp;20&nbsp;mL,0
39,<b>Norepinephrine&nbsp;200&nbsp;mcg</b><br>0.9% NaC&nbsp;10&nbsp;mL,0
39,<b>Norepinephrine&nbsp;200&nbsp;mcg</b><br>0.9% NaC&nbsp;100&nbsp;mL,0
39,<b>Norepinephrine&nbsp;200&nbsp;mcg</b><br>0.9% NaC&nbsp;12&nbsp;mL,0
39,<b>Norepinephrine&nbsp;200&nbsp;mcg</b><br>0.9% NaC&nbsp;20&nbsp;mL,0
39,<b>Norepinephrine&nbsp;200&nbsp;mcg</b><br>0.9% NaC&nbsp;20.1&nbsp;mL,0
39,<b>Norepinephrine&nbsp;200&nbsp;mcg</b><br>0.9% NaC&nbsp;20.2&nbsp;mL,0
39,<b>Norepinephrine&nbsp;200&nbsp;mcg</b><br>0.9% NaC&nbsp;25&nbsp;mL,0
39,<b>Norepinephrine&nbsp;200&nbsp;mcg</b><br>0.9% NaC&nbsp;30&nbsp;mL,0
39,<b>Norepinephrine&nbsp;200&nbsp;mcg</b><br>0.9% NaC&nbsp;40&nbsp;mL,0
39,<b>Norepinephrine&nbsp;200&nbsp;mcg</b><br>0.9% NaC&nbsp;50&nbsp;mL,0
39,<b>Norepinephrine&nbsp;200&nbsp;mcg</b><br>0.9% NaC&nbsp;55&nbsp;mL,0
39,<b>Norepinephrine&nbsp;200&nbsp;mcg</b><br>5% D/N/2&nbsp;50&nbsp;mL,0
39,<b>Norepinephrine&nbsp;200&nbsp;mcg</b><br>5% D/NSS&nbsp;10&nbsp;mL,0
39,<b>Norepinephrine&nbsp;200&nbsp;mcg</b><br>5% D/NSS&nbsp;20&nbsp;mL,0
39,<b>Norepinephrine&nbsp;200&nbsp;mcg</b><br>5% D/W&nbsp;1&nbsp;mL,0
39,<b>Norepinephrine&nbsp;200&nbsp;mcg</b><br>5% D/W&nbsp;10&nbsp;mL,0
39,<b>Norepinephrine&nbsp;200&nbsp;mcg</b><br>5% D/W&nbsp;100&nbsp;mL,0
39,<b>Norepinephrine&nbsp;200&nbsp;mcg</b><br>5% D/W&nbsp;20&nbsp;mL,0
39,<b>Norepinephrine&nbsp;200&nbsp;mcg</b><br>5% D/W&nbsp;200&nbsp;mL,0
39,<b>Norepinephrine&nbsp;200&nbsp;mcg</b><br>5% D/W&nbsp;25&nbsp;mL,0
39,<b>Norepinephrine&nbsp;200&nbsp;mcg</b><br>5% D/W&nbsp;50&nbsp;mL,0
39,<b>Norepinephrine&nbsp;200&nbsp;mcg</b><br>5% D/W&nbsp;500&nbsp;mL,0
39,<b>Norepinephrine&nbsp;200&nbsp;mcg</b><br>Acetar&nbsp;20&nbsp;mL,0
39,<b>Norepinephrine&nbsp;200&nbsp;mcg</b><br>Acetar&nbsp;25&nbsp;mL,0
39,<b>Norepinephrine&nbsp;200&nbsp;mcg</b><br>Acetar&nbsp;50&nbsp;mL,0
39,<b>Norepinephrine&nbsp;200&nbsp;mcg</b><br>Ringer A&nbsp;50&nbsp;mL,0
39,<b>Norepinephrine&nbsp;200&nbsp;mcg</b><br>Sterile&nbsp;20&nbsp;mL,0
39,<b>Norepinephrine&nbsp;200&nbsp;mcg</b><br>Sterile&nbsp;25&nbsp;mL,0
39,<b>Norepinephrine&nbsp;200&nbsp;mcg</b><br>Undilute&nbsp;20&nbsp;mL,0
39,<b>Norepinephrine&nbsp;200&nbsp;mcg</b><br>Undilute&nbsp;50&nbsp;mL,0
39,<b>Norepinephrine&nbsp;2000&nbsp;mcg</b><br>0.9% NaC&nbsp;100&nbsp;mL,0
39,<b>Norepinephrine&nbsp;2000&nbsp;mcg</b><br>0.9% NaC&nbsp;25&nbsp;mL,0
39,<b>Norepinephrine&nbsp;2000&nbsp;mcg</b><br>0.9% NaC&nbsp;50&nbsp;mL,0
39,<b>Norepinephrine&nbsp;2000&nbsp;mcg</b><br>5% D/N/2&nbsp;50&nbsp;mL,0
39,<b>Norepinephrine&nbsp;2000&nbsp;mcg</b><br>5% D/W&nbsp;25&nbsp;mL,0
39,<b>Norepinephrine&nbsp;2000&nbsp;mcg</b><br>5% D/W&nbsp;50&nbsp;mL,0
39,<b>Norepinephrine&nbsp;2000&nbsp;mcg</b><br>Undilute&nbsp;25&nbsp;mL,0
39,<b>Norepinephrine&nbsp;2000&nbsp;mcg</b><br>Undilute&nbsp;50&nbsp;mL,0
39,<b>Norepinephrine&nbsp;24&nbsp;mcg</b><br>0.9% NaC&nbsp;6&nbsp;mL,0
39,<b>Norepinephrine&nbsp;24&nbsp;mcg</b><br>5% D/W&nbsp;24&nbsp;mL,0
39,<b>Norepinephrine&nbsp;24&nbsp;mg</b><br>&nbsp;300&nbsp;mL,0
39,<b>Norepinephrine&nbsp;24&nbsp;mg</b><br>0.9% NaC&nbsp;24&nbsp;mL,0
39,<b>Norepinephrine&nbsp;24&nbsp;mg</b><br>5% D/W&nbsp;240&nbsp;mL,0
39,<b>Norepinephrine&nbsp;24&nbsp;mg</b><br>5% D/W&nbsp;250&nbsp;mL,0
39,<b>Norepinephrine&nbsp;24&nbsp;mg</b><br>5% D/W&nbsp;300&nbsp;mL,0
39,<b>Norepinephrine&nbsp;24&nbsp;mg</b><br>5% D/W&nbsp;3000&nbsp;mL,0
39,<b>Norepinephrine&nbsp;240&nbsp;mcg</b><br>0.9% NaC&nbsp;24&nbsp;mL,0
39,<b>Norepinephrine&nbsp;240&nbsp;mcg</b><br>0.9% NaC&nbsp;264&nbsp;mL,0
39,<b>Norepinephrine&nbsp;240&nbsp;mcg</b><br>0.9% NaC&nbsp;48&nbsp;mL,0
39,<b>Norepinephrine&nbsp;240&nbsp;mcg</b><br>0.9% NaC&nbsp;60&nbsp;mL,0
39,<b>Norepinephrine&nbsp;240&nbsp;mcg</b><br>5% D/W&nbsp;24&nbsp;mL,0
39,<b>Norepinephrine&nbsp;240&nbsp;mcg</b><br>Acetar&nbsp;24&nbsp;mL,0
39,<b>Norepinephrine&nbsp;240&nbsp;mcg</b><br>Undilute&nbsp;24&nbsp;mL,0
39,<b>Norepinephrine&nbsp;2400&nbsp;mcg</b><br>5% D/W&nbsp;60&nbsp;mL,0
39,<b>Norepinephrine&nbsp;25&nbsp;mcg</b><br>0.9% NaC&nbsp;5&nbsp;mL,0
39,<b>Norepinephrine&nbsp;25&nbsp;mcg</b><br>Ringer A&nbsp;20.1&nbsp;mL,0
39,<b>Norepinephrine&nbsp;25&nbsp;mg</b><br>0.9% NaC&nbsp;250&nbsp;mL,0
39,<b>Norepinephrine&nbsp;25&nbsp;mg</b><br>5% D/W&nbsp;100&nbsp;mL,0
39,<b>Norepinephrine&nbsp;250&nbsp;mcg</b><br>0.9% NaC&nbsp;25&nbsp;mL,0
39,<b>Norepinephrine&nbsp;250&nbsp;mcg</b><br>0.9% NaC&nbsp;40&nbsp;mL,0
39,<b>Norepinephrine&nbsp;250&nbsp;mcg</b><br>0.9% NaC&nbsp;50&nbsp;mL,0
39,<b>Norepinephrine&nbsp;250&nbsp;mcg</b><br>5% D/W&nbsp;25&nbsp;mL,0
39,<b>Norepinephrine&nbsp;250&nbsp;mcg</b><br>5% D/W&nbsp;25.25&nbsp;mL,0
39,<b>Norepinephrine&nbsp;250&nbsp;mcg</b><br>5% D/W&nbsp;27.5&nbsp;mL,0
39,<b>Norepinephrine&nbsp;250&nbsp;mcg</b><br>5% D/W&nbsp;49.75&nbsp;mL,0
39,<b>Norepinephrine&nbsp;28&nbsp;mg</b><br>0.9% NaC&nbsp;280&nbsp;mL,0
39,<b>Norepinephrine&nbsp;28&nbsp;mg</b><br>5% D/W&nbsp;279&nbsp;mL,0
39,<b>Norepinephrine&nbsp;28&nbsp;mg</b><br>5% D/W&nbsp;280&nbsp;mL,0
39,<b>Norepinephrine&nbsp;28&nbsp;mg</b><br>5% D/W&nbsp;308&nbsp;mL,0
39,<b>Norepinephrine&nbsp;3&nbsp;mg</b><br>5% D/W&nbsp;25&nbsp;mL,0
39,<b>Norepinephrine&nbsp;3.2&nbsp;mg</b><br>5% D/W&nbsp;50&nbsp;mL,0
39,<b>Norepinephrine&nbsp;3.75&nbsp;mg</b><br>5% D/W&nbsp;25&nbsp;mL,0
39,<b>Norepinephrine&nbsp;300&nbsp;mcg</b><br>0.9% NaC&nbsp;60&nbsp;mL,0
39,<b>Norepinephrine&nbsp;300&nbsp;mcg</b><br>5% D/W&nbsp;60&nbsp;mL,0
39,<b>Norepinephrine&nbsp;32&nbsp;mg</b><br>5% D/W&nbsp;320&nbsp;mL,0
39,<b>Norepinephrine&nbsp;32&nbsp;mg</b><br>5% D/W&nbsp;328&nbsp;mL,0
39,<b>Norepinephrine&nbsp;320&nbsp;mcg</b><br>0.9% NaC&nbsp;20&nbsp;mL,0
39,<b>Norepinephrine&nbsp;320&nbsp;mcg</b><br>5% D/W&nbsp;20&nbsp;mL,0
39,<b>Norepinephrine&nbsp;4&nbsp;g</b><br>0.9% NaC&nbsp;100&nbsp;mL,0
39,<b>Norepinephrine&nbsp;4&nbsp;g</b><br>5% D/N/2&nbsp;100&nbsp;mL,0
39,<b>Norepinephrine&nbsp;4&nbsp;g</b><br>5% D/W&nbsp;100&nbsp;mL,0
39,<b>Norepinephrine&nbsp;4&nbsp;g</b><br>5% D/W&nbsp;250&nbsp;mL,0
39,<b>Norepinephrine&nbsp;4&nbsp;g</b><br>5% D/W&nbsp;40&nbsp;mL,0
39,<b>Norepinephrine&nbsp;4&nbsp;mcg</b><br>&nbsp;1&nbsp;mL,0
39,<b>Norepinephrine&nbsp;4&nbsp;mcg</b><br>0.9% NaC&nbsp;1&nbsp;mL,0
39,<b>Norepinephrine&nbsp;4&nbsp;mcg</b><br>0.9% NaC&nbsp;10&nbsp;mL,0
39,<b>Norepinephrine&nbsp;4&nbsp;mcg</b><br>0.9% NaC&nbsp;100&nbsp;mL,0
39,<b>Norepinephrine&nbsp;4&nbsp;mcg</b><br>0.9% NaC&nbsp;104&nbsp;mL,0
39,<b>Norepinephrine&nbsp;4&nbsp;mcg</b><br>0.9% NaC&nbsp;250&nbsp;mL,0
39,<b>Norepinephrine&nbsp;4&nbsp;mcg</b><br>5% D/W&nbsp;1&nbsp;mL,0
39,<b>Norepinephrine&nbsp;4&nbsp;mcg</b><br>5% D/W&nbsp;10&nbsp;mL,0
39,<b>Norepinephrine&nbsp;4&nbsp;mcg</b><br>5% D/W&nbsp;100&nbsp;mL,0
39,<b>Norepinephrine&nbsp;4&nbsp;mcg</b><br>5% D/W&nbsp;150&nbsp;mL,0
39,<b>Norepinephrine&nbsp;4&nbsp;mcg</b><br>5% D/W&nbsp;20&nbsp;mL,0
39,<b>Norepinephrine&nbsp;4&nbsp;mcg</b><br>5% D/W&nbsp;21&nbsp;mL,0
39,<b>Norepinephrine&nbsp;4&nbsp;mcg</b><br>5% D/W&nbsp;25&nbsp;mL,0
39,<b>Norepinephrine&nbsp;4&nbsp;mcg</b><br>5% D/W&nbsp;250&nbsp;mL,0
39,<b>Norepinephrine&nbsp;4&nbsp;mcg</b><br>5% D/W&nbsp;40&nbsp;mL,0
39,<b>Norepinephrine&nbsp;4&nbsp;mcg</b><br>Undilute&nbsp;10&nbsp;mL,0
39,<b>Norepinephrine&nbsp;4&nbsp;mg</b><br>&nbsp;100&nbsp;mL,0
39,<b>Norepinephrine&nbsp;4&nbsp;mg</b><br>&nbsp;250&nbsp;mL,0
39,<b>Norepinephrine&nbsp;4&nbsp;mg</b><br>0.9% NaC&nbsp;100&nbsp;mL,0
39,<b>Norepinephrine&nbsp;4&nbsp;mg</b><br>0.9% NaC&nbsp;1000&nbsp;mL,0
39,<b>Norepinephrine&nbsp;4&nbsp;mg</b><br>0.9% NaC&nbsp;101&nbsp;mL,0
39,<b>Norepinephrine&nbsp;4&nbsp;mg</b><br>0.9% NaC&nbsp;104&nbsp;mL,0
39,<b>Norepinephrine&nbsp;4&nbsp;mg</b><br>0.9% NaC&nbsp;110&nbsp;mL,0
39,<b>Norepinephrine&nbsp;4&nbsp;mg</b><br>0.9% NaC&nbsp;196&nbsp;mL,0
39,<b>Norepinephrine&nbsp;4&nbsp;mg</b><br>0.9% NaC&nbsp;20&nbsp;mL,0
39,<b>Norepinephrine&nbsp;4&nbsp;mg</b><br>0.9% NaC&nbsp;200&nbsp;mL,0
39,<b>Norepinephrine&nbsp;4&nbsp;mg</b><br>0.9% NaC&nbsp;25&nbsp;mL,0
39,<b>Norepinephrine&nbsp;4&nbsp;mg</b><br>0.9% NaC&nbsp;250&nbsp;mL,0
39,<b>Norepinephrine&nbsp;4&nbsp;mg</b><br>0.9% NaC&nbsp;26&nbsp;mL,0
39,<b>Norepinephrine&nbsp;4&nbsp;mg</b><br>0.9% NaC&nbsp;29&nbsp;mL,0
39,<b>Norepinephrine&nbsp;4&nbsp;mg</b><br>0.9% NaC&nbsp;40&nbsp;mL,0
39,<b>Norepinephrine&nbsp;4&nbsp;mg</b><br>0.9% NaC&nbsp;44&nbsp;mL,0
39,<b>Norepinephrine&nbsp;4&nbsp;mg</b><br>0.9% NaC&nbsp;50&nbsp;mL,0
39,<b>Norepinephrine&nbsp;4&nbsp;mg</b><br>0.9% NaC&nbsp;98&nbsp;mL,0
39,<b>Norepinephrine&nbsp;4&nbsp;mg</b><br>5% D/N/2&nbsp;100&nbsp;mL,0
39,<b>Norepinephrine&nbsp;4&nbsp;mg</b><br>5% D/N/2&nbsp;1000&nbsp;mL,0
39,<b>Norepinephrine&nbsp;4&nbsp;mg</b><br>5% D/N/2&nbsp;250&nbsp;mL,0
39,<b>Norepinephrine&nbsp;4&nbsp;mg</b><br>5% D/N/2&nbsp;254&nbsp;mL,0
39,<b>Norepinephrine&nbsp;4&nbsp;mg</b><br>5% D/N/2&nbsp;4&nbsp;mL,0
39,<b>Norepinephrine&nbsp;4&nbsp;mg</b><br>5% D/NSS&nbsp;100&nbsp;mL,0
39,<b>Norepinephrine&nbsp;4&nbsp;mg</b><br>5% D/NSS&nbsp;101&nbsp;mL,0
39,<b>Norepinephrine&nbsp;4&nbsp;mg</b><br>5% D/W&nbsp;100&nbsp;mL,0
39,<b>Norepinephrine&nbsp;4&nbsp;mg</b><br>5% D/W&nbsp;1004&nbsp;mL,0
39,<b>Norepinephrine&nbsp;4&nbsp;mg</b><br>5% D/W&nbsp;101&nbsp;mL,0
39,<b>Norepinephrine&nbsp;4&nbsp;mg</b><br>5% D/W&nbsp;104&nbsp;mL,0
39,<b>Norepinephrine&nbsp;4&nbsp;mg</b><br>5% D/W&nbsp;120&nbsp;mL,0
39,<b>Norepinephrine&nbsp;4&nbsp;mg</b><br>5% D/W&nbsp;13&nbsp;mL,0
39,<b>Norepinephrine&nbsp;4&nbsp;mg</b><br>5% D/W&nbsp;192&nbsp;mL,0
39,<b>Norepinephrine&nbsp;4&nbsp;mg</b><br>5% D/W&nbsp;196&nbsp;mL,0
39,<b>Norepinephrine&nbsp;4&nbsp;mg</b><br>5% D/W&nbsp;20&nbsp;mL,0
39,<b>Norepinephrine&nbsp;4&nbsp;mg</b><br>5% D/W&nbsp;200&nbsp;mL,0
39,<b>Norepinephrine&nbsp;4&nbsp;mg</b><br>5% D/W&nbsp;245&nbsp;mL,0
39,<b>Norepinephrine&nbsp;4&nbsp;mg</b><br>5% D/W&nbsp;25&nbsp;mL,0
39,<b>Norepinephrine&nbsp;4&nbsp;mg</b><br>5% D/W&nbsp;250&nbsp;mL,0
39,<b>Norepinephrine&nbsp;4&nbsp;mg</b><br>5% D/W&nbsp;254&nbsp;mL,0
39,<b>Norepinephrine&nbsp;4&nbsp;mg</b><br>5% D/W&nbsp;40&nbsp;mL,0
39,<b>Norepinephrine&nbsp;4&nbsp;mg</b><br>5% D/W&nbsp;496&nbsp;mL,0
39,<b>Norepinephrine&nbsp;4&nbsp;mg</b><br>5% D/W&nbsp;50&nbsp;mL,0
39,<b>Norepinephrine&nbsp;4&nbsp;mg</b><br>5% D/W&nbsp;500&nbsp;mL,0
39,<b>Norepinephrine&nbsp;4&nbsp;mg</b><br>5% D/W&nbsp;54&nbsp;mL,0
39,<b>Norepinephrine&nbsp;4&nbsp;mg</b><br>5% D/W&nbsp;90&nbsp;mL,0
39,<b>Norepinephrine&nbsp;4&nbsp;mg</b><br>5% D/W&nbsp;96&nbsp;mL,0
39,<b>Norepinephrine&nbsp;4&nbsp;mg</b><br>Acetar&nbsp;100&nbsp;mL,0
39,<b>Norepinephrine&nbsp;4&nbsp;mg</b><br>Acetar&nbsp;1000&nbsp;mL,0
39,<b>Norepinephrine&nbsp;4&nbsp;mg</b><br>Acetar&nbsp;1100&nbsp;mL,0
39,<b>Norepinephrine&nbsp;4&nbsp;mg</b><br>Sterile&nbsp;100&nbsp;mL,0
39,<b>Norepinephrine&nbsp;4&nbsp;mg</b><br>Undilute&nbsp;100&nbsp;mL,0
39,<b>Norepinephrine&nbsp;40&nbsp;mcg</b><br>&nbsp;1&nbsp;mL,0
39,<b>Norepinephrine&nbsp;40&nbsp;mcg</b><br>&nbsp;2&nbsp;mL,0
39,<b>Norepinephrine&nbsp;40&nbsp;mcg</b><br>0.9% NaC&nbsp;0&nbsp;mL,0
39,<b>Norepinephrine&nbsp;40&nbsp;mcg</b><br>0.9% NaC&nbsp;1&nbsp;mL,0
39,<b>Norepinephrine&nbsp;40&nbsp;mcg</b><br>0.9% NaC&nbsp;10&nbsp;mL,0
39,<b>Norepinephrine&nbsp;40&nbsp;mcg</b><br>0.9% NaC&nbsp;100&nbsp;mL,0
39,<b>Norepinephrine&nbsp;40&nbsp;mcg</b><br>0.9% NaC&nbsp;2&nbsp;mL,0
39,<b>Norepinephrine&nbsp;40&nbsp;mcg</b><br>0.9% NaC&nbsp;20&nbsp;mL,0
39,<b>Norepinephrine&nbsp;40&nbsp;mcg</b><br>0.9% NaC&nbsp;21&nbsp;mL,0
39,<b>Norepinephrine&nbsp;40&nbsp;mcg</b><br>0.9% NaC&nbsp;25&nbsp;mL,0
39,<b>Norepinephrine&nbsp;40&nbsp;mcg</b><br>5% D/N/2&nbsp;100&nbsp;mL,0
39,<b>Norepinephrine&nbsp;40&nbsp;mcg</b><br>5% D/W&nbsp;1&nbsp;mL,0
39,<b>Norepinephrine&nbsp;40&nbsp;mcg</b><br>5% D/W&nbsp;10&nbsp;mL,0
39,<b>Norepinephrine&nbsp;40&nbsp;mcg</b><br>5% D/W&nbsp;100&nbsp;mL,0
39,<b>Norepinephrine&nbsp;40&nbsp;mcg</b><br>5% D/W&nbsp;104&nbsp;mL,0
39,<b>Norepinephrine&nbsp;40&nbsp;mcg</b><br>5% D/W&nbsp;11&nbsp;mL,0
39,<b>Norepinephrine&nbsp;40&nbsp;mcg</b><br>5% D/W&nbsp;20&nbsp;mL,0
39,<b>Norepinephrine&nbsp;40&nbsp;mcg</b><br>5% D/W&nbsp;200&nbsp;mL,0
39,<b>Norepinephrine&nbsp;40&nbsp;mcg</b><br>5% D/W&nbsp;201&nbsp;mL,0
39,<b>Norepinephrine&nbsp;40&nbsp;mcg</b><br>5% D/W&nbsp;25&nbsp;mL,0
39,<b>Norepinephrine&nbsp;40&nbsp;mcg</b><br>5% D/W&nbsp;50&nbsp;mL,0
39,<b>Norepinephrine&nbsp;40&nbsp;mcg</b><br>Acetar&nbsp;1&nbsp;mL,0
39,<b>Norepinephrine&nbsp;40&nbsp;mcg</b><br>Acetar&nbsp;20&nbsp;mL,0
39,<b>Norepinephrine&nbsp;40&nbsp;mcg</b><br>Acetar&nbsp;600&nbsp;mL,0
39,<b>Norepinephrine&nbsp;40&nbsp;mcg</b><br>Undilute&nbsp;1&nbsp;mL,0
39,<b>Norepinephrine&nbsp;40&nbsp;mcg</b><br>Undilute&nbsp;10&nbsp;mL,0
39,<b>Norepinephrine&nbsp;40&nbsp;mcg</b><br>Undilute&nbsp;2&nbsp;mL,0
39,<b>Norepinephrine&nbsp;40&nbsp;mcg</b><br>Undilute&nbsp;21&nbsp;mL,0
39,<b>Norepinephrine&nbsp;40&nbsp;mcg</b><br>Undilute&nbsp;25&nbsp;mL,0
39,<b>Norepinephrine&nbsp;40&nbsp;mcg</b><br>Undilute&nbsp;50&nbsp;mL,0
39,<b>Norepinephrine&nbsp;40&nbsp;mg</b><br>0.9% NaC&nbsp;1&nbsp;mL,0
39,<b>Norepinephrine&nbsp;40&nbsp;mg</b><br>0.9% NaC&nbsp;100&nbsp;mL,0
39,<b>Norepinephrine&nbsp;40&nbsp;mg</b><br>5% D/W&nbsp;1&nbsp;mL,0
39,<b>Norepinephrine&nbsp;40&nbsp;mg</b><br>5% D/W&nbsp;100&nbsp;mL,0
39,<b>Norepinephrine&nbsp;40&nbsp;mg</b><br>5% D/W&nbsp;200&nbsp;mL,0
39,<b>Norepinephrine&nbsp;40&nbsp;mg</b><br>5% D/W&nbsp;500&nbsp;mL,0
39,<b>Norepinephrine&nbsp;40&nbsp;ng</b><br>0.9% NaC&nbsp;1&nbsp;mL,0
39,<b>Norepinephrine&nbsp;400&nbsp;mcg</b><br>&nbsp;20&nbsp;mL,0
39,<b>Norepinephrine&nbsp;400&nbsp;mcg</b><br>0.9% NaC&nbsp;10&nbsp;mL,0
39,<b>Norepinephrine&nbsp;400&nbsp;mcg</b><br>0.9% NaC&nbsp;100&nbsp;mL,0
39,<b>Norepinephrine&nbsp;400&nbsp;mcg</b><br>0.9% NaC&nbsp;20&nbsp;mL,0
39,<b>Norepinephrine&nbsp;400&nbsp;mcg</b><br>0.9% NaC&nbsp;21&nbsp;mL,0
39,<b>Norepinephrine&nbsp;400&nbsp;mcg</b><br>0.9% NaC&nbsp;22&nbsp;mL,0
39,<b>Norepinephrine&nbsp;400&nbsp;mcg</b><br>0.9% NaC&nbsp;25&nbsp;mL,0
39,<b>Norepinephrine&nbsp;400&nbsp;mcg</b><br>0.9% NaC&nbsp;30&nbsp;mL,0
39,<b>Norepinephrine&nbsp;400&nbsp;mcg</b><br>0.9% NaC&nbsp;40&nbsp;mL,0
39,<b>Norepinephrine&nbsp;400&nbsp;mcg</b><br>0.9% NaC&nbsp;41&nbsp;mL,0
39,<b>Norepinephrine&nbsp;400&nbsp;mcg</b><br>0.9% NaC&nbsp;50&nbsp;mL,0
39,<b>Norepinephrine&nbsp;400&nbsp;mcg</b><br>0.9% NaC&nbsp;60&nbsp;mL,0
39,<b>Norepinephrine&nbsp;400&nbsp;mcg</b><br>5% D/N/2&nbsp;20&nbsp;mL,0
39,<b>Norepinephrine&nbsp;400&nbsp;mcg</b><br>5% D/N/2&nbsp;25&nbsp;mL,0
39,<b>Norepinephrine&nbsp;400&nbsp;mcg</b><br>5% D/N/2&nbsp;30&nbsp;mL,0
39,<b>Norepinephrine&nbsp;400&nbsp;mcg</b><br>5% D/N/2&nbsp;40&nbsp;mL,0
39,<b>Norepinephrine&nbsp;400&nbsp;mcg</b><br>5% D/NSS&nbsp;20&nbsp;mL,0
39,<b>Norepinephrine&nbsp;400&nbsp;mcg</b><br>5% D/W&nbsp;1&nbsp;mL,0
39,<b>Norepinephrine&nbsp;400&nbsp;mcg</b><br>5% D/W&nbsp;10&nbsp;mL,0
39,<b>Norepinephrine&nbsp;400&nbsp;mcg</b><br>5% D/W&nbsp;100&nbsp;mL,0
39,<b>Norepinephrine&nbsp;400&nbsp;mcg</b><br>5% D/W&nbsp;20&nbsp;mL,0
39,<b>Norepinephrine&nbsp;400&nbsp;mcg</b><br>5% D/W&nbsp;25&nbsp;mL,0
39,<b>Norepinephrine&nbsp;400&nbsp;mcg</b><br>5% D/W&nbsp;40&nbsp;mL,0
39,<b>Norepinephrine&nbsp;400&nbsp;mcg</b><br>5% D/W&nbsp;50&nbsp;mL,0
39,<b>Norepinephrine&nbsp;400&nbsp;mcg</b><br>Acetar&nbsp;10&nbsp;mL,0
39,<b>Norepinephrine&nbsp;400&nbsp;mcg</b><br>Sterile&nbsp;20&nbsp;mL,0
39,<b>Norepinephrine&nbsp;400&nbsp;mcg</b><br>Sterile&nbsp;25&nbsp;mL,0
39,<b>Norepinephrine&nbsp;400&nbsp;mcg</b><br>Undilute&nbsp;10&nbsp;mL,0
39,<b>Norepinephrine&nbsp;400&nbsp;mcg</b><br>Undilute&nbsp;20&nbsp;mL,0
39,<b>Norepinephrine&nbsp;400&nbsp;mg</b><br>0.9% NaC&nbsp;20&nbsp;mL,0
39,<b>Norepinephrine&nbsp;4000&nbsp;mcg</b><br>&nbsp;100&nbsp;mL,0
39,<b>Norepinephrine&nbsp;4000&nbsp;mcg</b><br>0.9% NaC&nbsp;100&nbsp;mL,0
39,<b>Norepinephrine&nbsp;4000&nbsp;mcg</b><br>0.9% NaC&nbsp;50&nbsp;mL,0
39,<b>Norepinephrine&nbsp;4000&nbsp;mcg</b><br>5% D/W&nbsp;100&nbsp;mL,0
39,<b>Norepinephrine&nbsp;4000&nbsp;mcg</b><br>5% D/W&nbsp;125&nbsp;mL,0
39,<b>Norepinephrine&nbsp;4000&nbsp;mcg</b><br>5% D/W&nbsp;250&nbsp;mL,0
39,<b>Norepinephrine&nbsp;4000&nbsp;mg</b><br>0.9% NaC&nbsp;100&nbsp;mL,0
39,<b>Norepinephrine&nbsp;4000&nbsp;mg</b><br>5% D/W&nbsp;100&nbsp;mL,0
39,<b>Norepinephrine&nbsp;480&nbsp;mcg</b><br>0.9% NaC&nbsp;20&nbsp;mL,0
39,<b>Norepinephrine&nbsp;480&nbsp;mcg</b><br>0.9% NaC&nbsp;24&nbsp;mL,0
39,<b>Norepinephrine&nbsp;480&nbsp;mcg</b><br>0.9% NaC&nbsp;25&nbsp;mL,0
39,<b>Norepinephrine&nbsp;480&nbsp;mcg</b><br>5% D/W&nbsp;24&nbsp;mL,0
39,<b>Norepinephrine&nbsp;480&nbsp;mcg</b><br>Undilute&nbsp;12&nbsp;mL,0
39,<b>Norepinephrine&nbsp;480&nbsp;mcg</b><br>Undilute&nbsp;24&nbsp;mL,0
39,<b>Norepinephrine&nbsp;5&nbsp;mcg</b><br>&nbsp;1&nbsp;mL,0
39,<b>Norepinephrine&nbsp;5&nbsp;mcg</b><br>0.9% NaC&nbsp;1&nbsp;mL,0
39,<b>Norepinephrine&nbsp;5&nbsp;mcg</b><br>5% D/W&nbsp;49.5&nbsp;mL,0
39,<b>Norepinephrine&nbsp;5&nbsp;mcg</b><br>5% D/W&nbsp;50&nbsp;mL,0
39,<b>Norepinephrine&nbsp;5&nbsp;mcg</b><br>Acetar&nbsp;1&nbsp;mL,0
39,<b>Norepinephrine&nbsp;5&nbsp;mg</b><br>0.9% NaC&nbsp;25&nbsp;mL,0
39,<b>Norepinephrine&nbsp;5&nbsp;mg</b><br>0.9% NaC&nbsp;50&nbsp;mL,0
39,<b>Norepinephrine&nbsp;5&nbsp;mg</b><br>5% D/W&nbsp;50&nbsp;mL,0
39,<b>Norepinephrine&nbsp;5&nbsp;mg</b><br>5% D/W&nbsp;55&nbsp;mL,0
39,<b>Norepinephrine&nbsp;50&nbsp;mcg</b><br>&nbsp;10&nbsp;mL,0
39,<b>Norepinephrine&nbsp;50&nbsp;mcg</b><br>0.9% NaC&nbsp;10&nbsp;mL,0
39,<b>Norepinephrine&nbsp;50&nbsp;mcg</b><br>0.9% NaC&nbsp;25&nbsp;mL,0
39,<b>Norepinephrine&nbsp;50&nbsp;mcg</b><br>0.9% NaC&nbsp;50&nbsp;mL,0
39,<b>Norepinephrine&nbsp;50&nbsp;mcg</b><br>5% D/W&nbsp;10&nbsp;mL,0
39,<b>Norepinephrine&nbsp;50&nbsp;mcg</b><br>5% D/W&nbsp;500&nbsp;mL,0
39,<b>Norepinephrine&nbsp;50&nbsp;mg</b><br>0.9% NaC&nbsp;550&nbsp;mL,0
39,<b>Norepinephrine&nbsp;50&nbsp;mg</b><br>5% D/W&nbsp;500&nbsp;mL,0
39,<b>Norepinephrine&nbsp;500&nbsp;mcg</b><br>0.9% NaC&nbsp;25&nbsp;mL,0
39,<b>Norepinephrine&nbsp;500&nbsp;mcg</b><br>0.9% NaC&nbsp;30&nbsp;mL,0
39,<b>Norepinephrine&nbsp;500&nbsp;mcg</b><br>0.9% NaC&nbsp;50&nbsp;mL,0
39,<b>Norepinephrine&nbsp;500&nbsp;mcg</b><br>0.9% NaC&nbsp;51&nbsp;mL,0
39,<b>Norepinephrine&nbsp;500&nbsp;mcg</b><br>5% D/NSS&nbsp;50&nbsp;mL,0
39,<b>Norepinephrine&nbsp;500&nbsp;mcg</b><br>5% D/W&nbsp;100&nbsp;mL,0
39,<b>Norepinephrine&nbsp;500&nbsp;mcg</b><br>5% D/W&nbsp;20&nbsp;mL,0
39,<b>Norepinephrine&nbsp;500&nbsp;mcg</b><br>5% D/W&nbsp;25&nbsp;mL,0
39,<b>Norepinephrine&nbsp;500&nbsp;mcg</b><br>5% D/W&nbsp;40&nbsp;mL,0
39,<b>Norepinephrine&nbsp;500&nbsp;mcg</b><br>5% D/W&nbsp;45&nbsp;mL,0
39,<b>Norepinephrine&nbsp;500&nbsp;mcg</b><br>5% D/W&nbsp;50&nbsp;mL,0
39,<b>Norepinephrine&nbsp;500&nbsp;mcg</b><br>5% D/W&nbsp;50.5&nbsp;mL,0
39,<b>Norepinephrine&nbsp;56&nbsp;mg</b><br>5% D/NSS&nbsp;560&nbsp;mL,0
39,<b>Norepinephrine&nbsp;60&nbsp;mcg</b><br>0.9% NaC&nbsp;6&nbsp;mL,0
39,<b>Norepinephrine&nbsp;600&nbsp;mcg</b><br>0.9% NaC&nbsp;60&nbsp;mL,0
39,<b>Norepinephrine&nbsp;600&nbsp;mcg</b><br>5% D/W&nbsp;15.5&nbsp;mL,0
39,<b>Norepinephrine&nbsp;600&nbsp;mcg</b><br>5% D/W&nbsp;60&nbsp;mL,0
39,<b>Norepinephrine&nbsp;640&nbsp;mcg</b><br>0.9% NaC&nbsp;20&nbsp;mL,0
39,<b>Norepinephrine&nbsp;8&nbsp;mcg</b><br>0.9% NaC&nbsp;1&nbsp;mL,0
39,<b>Norepinephrine&nbsp;8&nbsp;mcg</b><br>0.9% NaC&nbsp;20&nbsp;mL,0
39,<b>Norepinephrine&nbsp;8&nbsp;mcg</b><br>0.9% NaC&nbsp;22&nbsp;mL,0
39,<b>Norepinephrine&nbsp;8&nbsp;mcg</b><br>0.9% NaC&nbsp;80&nbsp;mL,0
39,<b>Norepinephrine&nbsp;8&nbsp;mcg</b><br>5% D/W&nbsp;1&nbsp;mL,0
39,<b>Norepinephrine&nbsp;8&nbsp;mcg</b><br>5% D/W&nbsp;18&nbsp;mL,0
39,<b>Norepinephrine&nbsp;8&nbsp;mcg</b><br>5% D/W&nbsp;20&nbsp;mL,0
39,<b>Norepinephrine&nbsp;8&nbsp;mcg</b><br>Undilute&nbsp;1&nbsp;mL,0
39,<b>Norepinephrine&nbsp;8&nbsp;mg</b><br>&nbsp;100&nbsp;mL,0
39,<b>Norepinephrine&nbsp;8&nbsp;mg</b><br>0.9% NaC&nbsp;100&nbsp;mL,0
39,<b>Norepinephrine&nbsp;8&nbsp;mg</b><br>0.9% NaC&nbsp;200&nbsp;mL,0
39,<b>Norepinephrine&nbsp;8&nbsp;mg</b><br>0.9% NaC&nbsp;250&nbsp;mL,0
39,<b>Norepinephrine&nbsp;8&nbsp;mg</b><br>0.9% NaC&nbsp;500&nbsp;mL,0
39,<b>Norepinephrine&nbsp;8&nbsp;mg</b><br>0.9% NaC&nbsp;80&nbsp;mL,0
39,<b>Norepinephrine&nbsp;8&nbsp;mg</b><br>5% D/W&nbsp;100&nbsp;mL,0
39,<b>Norepinephrine&nbsp;8&nbsp;mg</b><br>5% D/W&nbsp;108&nbsp;mL,0
39,<b>Norepinephrine&nbsp;8&nbsp;mg</b><br>5% D/W&nbsp;200&nbsp;mL,0
39,<b>Norepinephrine&nbsp;8&nbsp;mg</b><br>5% D/W&nbsp;25&nbsp;mL,0
39,<b>Norepinephrine&nbsp;8&nbsp;mg</b><br>5% D/W&nbsp;250&nbsp;mL,0
39,<b>Norepinephrine&nbsp;8&nbsp;mg</b><br>5% D/W&nbsp;33&nbsp;mL,0
39,<b>Norepinephrine&nbsp;8&nbsp;mg</b><br>5% D/W&nbsp;500&nbsp;mL,0
39,<b>Norepinephrine&nbsp;8&nbsp;mg</b><br>5% D/W&nbsp;80&nbsp;mL,0
39,<b>Norepinephrine&nbsp;8&nbsp;mg</b><br>5% D/W&nbsp;88&nbsp;mL,0
39,<b>Norepinephrine&nbsp;80&nbsp;mcg</b><br>&nbsp;1&nbsp;mL,0
39,<b>Norepinephrine&nbsp;80&nbsp;mcg</b><br>&nbsp;20&nbsp;mL,0
39,<b>Norepinephrine&nbsp;80&nbsp;mcg</b><br>0.9% NaC&nbsp;1&nbsp;mL,0
39,<b>Norepinephrine&nbsp;80&nbsp;mcg</b><br>0.9% NaC&nbsp;10&nbsp;mL,0
39,<b>Norepinephrine&nbsp;80&nbsp;mcg</b><br>0.9% NaC&nbsp;20&nbsp;mL,0
39,<b>Norepinephrine&nbsp;80&nbsp;mcg</b><br>0.9% NaC&nbsp;25&nbsp;mL,0
39,<b>Norepinephrine&nbsp;80&nbsp;mcg</b><br>5% D/N/2&nbsp;1&nbsp;mL,0
39,<b>Norepinephrine&nbsp;80&nbsp;mcg</b><br>5% D/NSS&nbsp;22&nbsp;mL,0
39,<b>Norepinephrine&nbsp;80&nbsp;mcg</b><br>5% D/W&nbsp;1&nbsp;mL,0
39,<b>Norepinephrine&nbsp;80&nbsp;mcg</b><br>5% D/W&nbsp;10&nbsp;mL,0
39,<b>Norepinephrine&nbsp;80&nbsp;mcg</b><br>5% D/W&nbsp;20&nbsp;mL,0
39,<b>Norepinephrine&nbsp;80&nbsp;mcg</b><br>5% D/W&nbsp;48&nbsp;mL,0
39,<b>Norepinephrine&nbsp;80&nbsp;mcg</b><br>5% D/W&nbsp;50&nbsp;mL,0
39,<b>Norepinephrine&nbsp;80&nbsp;mcg</b><br>5% D/W&nbsp;52&nbsp;mL,0
39,<b>Norepinephrine&nbsp;80&nbsp;mcg</b><br>Undilute&nbsp;1&nbsp;mL,0
39,<b>Norepinephrine&nbsp;80&nbsp;mcg</b><br>Undilute&nbsp;20&nbsp;mL,0
39,<b>Norepinephrine&nbsp;80&nbsp;mg</b><br>0.9% NaC&nbsp;22&nbsp;mL,0
39,<b>Norepinephrine&nbsp;80&nbsp;mg</b><br>5% D/W&nbsp;25&nbsp;mL,0
39,<b>Norepinephrine&nbsp;800&nbsp;mcg</b><br>&nbsp;20&nbsp;mL,0
39,<b>Norepinephrine&nbsp;800&nbsp;mcg</b><br>0.9% NaC&nbsp;100&nbsp;mL,0
39,<b>Norepinephrine&nbsp;800&nbsp;mcg</b><br>0.9% NaC&nbsp;20&nbsp;mL,0
39,<b>Norepinephrine&nbsp;800&nbsp;mcg</b><br>0.9% NaC&nbsp;40&nbsp;mL,0
39,<b>Norepinephrine&nbsp;800&nbsp;mcg</b><br>0.9% NaC&nbsp;50&nbsp;mL,0
39,<b>Norepinephrine&nbsp;800&nbsp;mcg</b><br>0.9% NaC&nbsp;80&nbsp;mL,0
39,<b>Norepinephrine&nbsp;800&nbsp;mcg</b><br>5% D/N/2&nbsp;20&nbsp;mL,0
39,<b>Norepinephrine&nbsp;800&nbsp;mcg</b><br>5% D/N/2&nbsp;80&nbsp;mL,0
39,<b>Norepinephrine&nbsp;800&nbsp;mcg</b><br>5% D/NSS&nbsp;20&nbsp;mL,0
39,<b>Norepinephrine&nbsp;800&nbsp;mcg</b><br>5% D/W&nbsp;20&nbsp;mL,0
39,<b>Norepinephrine&nbsp;800&nbsp;mcg</b><br>5% D/W&nbsp;25&nbsp;mL,0
39,<b>Norepinephrine&nbsp;800&nbsp;mcg</b><br>5% D/W&nbsp;40&nbsp;mL,0
39,<b>Norepinephrine&nbsp;800&nbsp;mcg</b><br>5% D/W&nbsp;50&nbsp;mL,0
39,<b>Norepinephrine&nbsp;800&nbsp;mcg</b><br>Undilute&nbsp;20&nbsp;mL,0
39,<b>Norepinephrine&nbsp;800&nbsp;mcg</b><br>Undilute&nbsp;40&nbsp;mL,0
39,<b>Norepinephrine&nbsp;800&nbsp;mg</b><br>0.9% NaC&nbsp;40&nbsp;mL,0
39,<b>Norepinephrine&nbsp;8000&nbsp;mcg</b><br>5% D/W&nbsp;500&nbsp;mL,0
21,<b>Norepinephrine</b><br>Epidural,0
21,<b>Norepinephrine</b><br>IM,0
21,<b>Norepinephrine</b><br>IV,0
21,<b>Norepinephrine</b><br>Local infiltration,0
21,<b>Norepinephrine</b><br>PNB,0
14,<b>O/NG</b>,0
28,<b>Omeprazole</b><br>IV,0
20,<b>Ondansetron</b><br>IV,0
43,<b>Oxytocin&nbsp;1&nbsp;Units</b><br>Acetar&nbsp;401&nbsp;mL,0
43,<b>Oxytocin&nbsp;1&nbsp;Units</b><br>Acetar&nbsp;501&nbsp;mL,0
43,<b>Oxytocin&nbsp;1&nbsp;Units</b><br>Acetar&nbsp;601&nbsp;mL,0
43,<b>Oxytocin&nbsp;10&nbsp;Int.Unit</b><br>Acetar&nbsp;1000&nbsp;mL,0
43,<b>Oxytocin&nbsp;10&nbsp;Int.Unit</b><br>Acetar&nbsp;400&nbsp;mL,0
43,<b>Oxytocin&nbsp;10&nbsp;Int.Unit</b><br>Acetar&nbsp;500&nbsp;mL,0
43,<b>Oxytocin&nbsp;10&nbsp;Int.Unit</b><br>Acetar&nbsp;501&nbsp;mL,0
43,<b>Oxytocin&nbsp;10&nbsp;mUnits</b><br>Acetar&nbsp;200&nbsp;mL,0
43,<b>Oxytocin&nbsp;10&nbsp;Units</b><br>&nbsp;1000&nbsp;mL,0
43,<b>Oxytocin&nbsp;10&nbsp;Units</b><br>&nbsp;200&nbsp;mL,0
43,<b>Oxytocin&nbsp;10&nbsp;Units</b><br>&nbsp;300&nbsp;mL,0
43,<b>Oxytocin&nbsp;10&nbsp;Units</b><br>&nbsp;350&nbsp;mL,0
43,<b>Oxytocin&nbsp;10&nbsp;Units</b><br>&nbsp;36&nbsp;mL,0
43,<b>Oxytocin&nbsp;10&nbsp;Units</b><br>&nbsp;400&nbsp;mL,0
43,<b>Oxytocin&nbsp;10&nbsp;Units</b><br>&nbsp;500&nbsp;mL,0
43,<b>Oxytocin&nbsp;10&nbsp;Units</b><br>&nbsp;501&nbsp;mL,0
43,<b>Oxytocin&nbsp;10&nbsp;Units</b><br>&nbsp;600&nbsp;mL,0
43,<b>Oxytocin&nbsp;10&nbsp;Units</b><br>&nbsp;700&nbsp;mL,0
43,<b>Oxytocin&nbsp;10&nbsp;Units</b><br>0.9% NaC&nbsp;1000&nbsp;mL,0
43,<b>Oxytocin&nbsp;10&nbsp;Units</b><br>0.9% NaC&nbsp;1001&nbsp;mL,0
43,<b>Oxytocin&nbsp;10&nbsp;Units</b><br>0.9% NaC&nbsp;200&nbsp;mL,0
43,<b>Oxytocin&nbsp;10&nbsp;Units</b><br>0.9% NaC&nbsp;300&nbsp;mL,0
43,<b>Oxytocin&nbsp;10&nbsp;Units</b><br>0.9% NaC&nbsp;301&nbsp;mL,0
43,<b>Oxytocin&nbsp;10&nbsp;Units</b><br>0.9% NaC&nbsp;350&nbsp;mL,0
43,<b>Oxytocin&nbsp;10&nbsp;Units</b><br>0.9% NaC&nbsp;351&nbsp;mL,0
43,<b>Oxytocin&nbsp;10&nbsp;Units</b><br>0.9% NaC&nbsp;400&nbsp;mL,0
43,<b>Oxytocin&nbsp;10&nbsp;Units</b><br>0.9% NaC&nbsp;401&nbsp;mL,0
43,<b>Oxytocin&nbsp;10&nbsp;Units</b><br>0.9% NaC&nbsp;450&nbsp;mL,0
43,<b>Oxytocin&nbsp;10&nbsp;Units</b><br>0.9% NaC&nbsp;500&nbsp;mL,0
43,<b>Oxytocin&nbsp;10&nbsp;Units</b><br>0.9% NaC&nbsp;501&nbsp;mL,0
43,<b>Oxytocin&nbsp;10&nbsp;Units</b><br>0.9% NaC&nbsp;550&nbsp;mL,0
43,<b>Oxytocin&nbsp;10&nbsp;Units</b><br>0.9% NaC&nbsp;600&nbsp;mL,0
43,<b>Oxytocin&nbsp;10&nbsp;Units</b><br>0.9% NaC&nbsp;601&nbsp;mL,0
43,<b>Oxytocin&nbsp;10&nbsp;Units</b><br>0.9% NaC&nbsp;700&nbsp;mL,0
43,<b>Oxytocin&nbsp;10&nbsp;Units</b><br>0.9% NaC&nbsp;702&nbsp;mL,0
43,<b>Oxytocin&nbsp;10&nbsp;Units</b><br>0.9% NaC&nbsp;800&nbsp;mL,0
43,<b>Oxytocin&nbsp;10&nbsp;Units</b><br>5% D/N/2&nbsp;1000&nbsp;mL,0
43,<b>Oxytocin&nbsp;10&nbsp;Units</b><br>5% D/N/2&nbsp;1001&nbsp;mL,0
43,<b>Oxytocin&nbsp;10&nbsp;Units</b><br>5% D/N/2&nbsp;1002&nbsp;mL,0
43,<b>Oxytocin&nbsp;10&nbsp;Units</b><br>5% D/N/2&nbsp;500&nbsp;mL,0
43,<b>Oxytocin&nbsp;10&nbsp;Units</b><br>5% D/N/2&nbsp;501&nbsp;mL,0
43,<b>Oxytocin&nbsp;10&nbsp;Units</b><br>5% D/N/2&nbsp;900&nbsp;mL,0
43,<b>Oxytocin&nbsp;10&nbsp;Units</b><br>5% D/NSS&nbsp;300&nbsp;mL,0
43,<b>Oxytocin&nbsp;10&nbsp;Units</b><br>5% D/W&nbsp;500&nbsp;mL,0
43,<b>Oxytocin&nbsp;10&nbsp;Units</b><br>Acetar&nbsp;100&nbsp;mL,0
43,<b>Oxytocin&nbsp;10&nbsp;Units</b><br>Acetar&nbsp;100.5&nbsp;mL,0
43,<b>Oxytocin&nbsp;10&nbsp;Units</b><br>Acetar&nbsp;1000&nbsp;mL,0
43,<b>Oxytocin&nbsp;10&nbsp;Units</b><br>Acetar&nbsp;1000.5&nbsp;mL,0
43,<b>Oxytocin&nbsp;10&nbsp;Units</b><br>Acetar&nbsp;1001&nbsp;mL,0
43,<b>Oxytocin&nbsp;10&nbsp;Units</b><br>Acetar&nbsp;1002&nbsp;mL,0
43,<b>Oxytocin&nbsp;10&nbsp;Units</b><br>Acetar&nbsp;1010&nbsp;mL,0
43,<b>Oxytocin&nbsp;10&nbsp;Units</b><br>Acetar&nbsp;1050&nbsp;mL,0
43,<b>Oxytocin&nbsp;10&nbsp;Units</b><br>Acetar&nbsp;150&nbsp;mL,0
43,<b>Oxytocin&nbsp;10&nbsp;Units</b><br>Acetar&nbsp;2&nbsp;mL,0
43,<b>Oxytocin&nbsp;10&nbsp;Units</b><br>Acetar&nbsp;200&nbsp;mL,0
43,<b>Oxytocin&nbsp;10&nbsp;Units</b><br>Acetar&nbsp;2000&nbsp;mL,0
43,<b>Oxytocin&nbsp;10&nbsp;Units</b><br>Acetar&nbsp;201&nbsp;mL,0
43,<b>Oxytocin&nbsp;10&nbsp;Units</b><br>Acetar&nbsp;202&nbsp;mL,0
43,<b>Oxytocin&nbsp;10&nbsp;Units</b><br>Acetar&nbsp;250&nbsp;mL,0
43,<b>Oxytocin&nbsp;10&nbsp;Units</b><br>Acetar&nbsp;251&nbsp;mL,0
43,<b>Oxytocin&nbsp;10&nbsp;Units</b><br>Acetar&nbsp;299&nbsp;mL,0
43,<b>Oxytocin&nbsp;10&nbsp;Units</b><br>Acetar&nbsp;300&nbsp;mL,0
43,<b>Oxytocin&nbsp;10&nbsp;Units</b><br>Acetar&nbsp;301&nbsp;mL,0
43,<b>Oxytocin&nbsp;10&nbsp;Units</b><br>Acetar&nbsp;302&nbsp;mL,0
43,<b>Oxytocin&nbsp;10&nbsp;Units</b><br>Acetar&nbsp;310&nbsp;mL,0
43,<b>Oxytocin&nbsp;10&nbsp;Units</b><br>Acetar&nbsp;350&nbsp;mL,0
43,<b>Oxytocin&nbsp;10&nbsp;Units</b><br>Acetar&nbsp;351&nbsp;mL,0
43,<b>Oxytocin&nbsp;10&nbsp;Units</b><br>Acetar&nbsp;400&nbsp;mL,0
43,<b>Oxytocin&nbsp;10&nbsp;Units</b><br>Acetar&nbsp;401&nbsp;mL,0
43,<b>Oxytocin&nbsp;10&nbsp;Units</b><br>Acetar&nbsp;402&nbsp;mL,0
43,<b>Oxytocin&nbsp;10&nbsp;Units</b><br>Acetar&nbsp;41&nbsp;mL,0
43,<b>Oxytocin&nbsp;10&nbsp;Units</b><br>Acetar&nbsp;410&nbsp;mL,0
43,<b>Oxytocin&nbsp;10&nbsp;Units</b><br>Acetar&nbsp;450&nbsp;mL,0
43,<b>Oxytocin&nbsp;10&nbsp;Units</b><br>Acetar&nbsp;451&nbsp;mL,0
43,<b>Oxytocin&nbsp;10&nbsp;Units</b><br>Acetar&nbsp;491&nbsp;mL,0
43,<b>Oxytocin&nbsp;10&nbsp;Units</b><br>Acetar&nbsp;500&nbsp;mL,0
43,<b>Oxytocin&nbsp;10&nbsp;Units</b><br>Acetar&nbsp;501&nbsp;mL,0
43,<b>Oxytocin&nbsp;10&nbsp;Units</b><br>Acetar&nbsp;502&nbsp;mL,0
43,<b>Oxytocin&nbsp;10&nbsp;Units</b><br>Acetar&nbsp;51&nbsp;mL,0
43,<b>Oxytocin&nbsp;10&nbsp;Units</b><br>Acetar&nbsp;510&nbsp;mL,0
43,<b>Oxytocin&nbsp;10&nbsp;Units</b><br>Acetar&nbsp;550&nbsp;mL,0
43,<b>Oxytocin&nbsp;10&nbsp;Units</b><br>Acetar&nbsp;551&nbsp;mL,0
43,<b>Oxytocin&nbsp;10&nbsp;Units</b><br>Acetar&nbsp;599&nbsp;mL,0
43,<b>Oxytocin&nbsp;10&nbsp;Units</b><br>Acetar&nbsp;60&nbsp;mL,0
43,<b>Oxytocin&nbsp;10&nbsp;Units</b><br>Acetar&nbsp;600&nbsp;mL,0
43,<b>Oxytocin&nbsp;10&nbsp;Units</b><br>Acetar&nbsp;601&nbsp;mL,0
43,<b>Oxytocin&nbsp;10&nbsp;Units</b><br>Acetar&nbsp;602&nbsp;mL,0
43,<b>Oxytocin&nbsp;10&nbsp;Units</b><br>Acetar&nbsp;650&nbsp;mL,0
43,<b>Oxytocin&nbsp;10&nbsp;Units</b><br>Acetar&nbsp;651&nbsp;mL,0
43,<b>Oxytocin&nbsp;10&nbsp;Units</b><br>Acetar&nbsp;652&nbsp;mL,0
43,<b>Oxytocin&nbsp;10&nbsp;Units</b><br>Acetar&nbsp;700&nbsp;mL,0
43,<b>Oxytocin&nbsp;10&nbsp;Units</b><br>Acetar&nbsp;701&nbsp;mL,0
43,<b>Oxytocin&nbsp;10&nbsp;Units</b><br>Acetar&nbsp;702&nbsp;mL,0
43,<b>Oxytocin&nbsp;10&nbsp;Units</b><br>Acetar&nbsp;750&nbsp;mL,0
43,<b>Oxytocin&nbsp;10&nbsp;Units</b><br>Acetar&nbsp;800&nbsp;mL,0
43,<b>Oxytocin&nbsp;10&nbsp;Units</b><br>Acetar&nbsp;801&nbsp;mL,0
43,<b>Oxytocin&nbsp;10&nbsp;Units</b><br>Acetar&nbsp;802&nbsp;mL,0
43,<b>Oxytocin&nbsp;10&nbsp;Units</b><br>Acetar&nbsp;850&nbsp;mL,0
43,<b>Oxytocin&nbsp;10&nbsp;Units</b><br>Acetar&nbsp;900&nbsp;mL,0
43,<b>Oxytocin&nbsp;10&nbsp;Units</b><br>Acetar&nbsp;901&nbsp;mL,0
43,<b>Oxytocin&nbsp;10&nbsp;Units</b><br>Acetar&nbsp;950&nbsp;mL,0
43,<b>Oxytocin&nbsp;10&nbsp;Units</b><br>Acetar&nbsp;999&nbsp;mL,0
43,<b>Oxytocin&nbsp;10&nbsp;Units</b><br>Ringer A&nbsp;1000&nbsp;mL,0
43,<b>Oxytocin&nbsp;10&nbsp;Units</b><br>Ringer A&nbsp;1001&nbsp;mL,0
43,<b>Oxytocin&nbsp;10&nbsp;Units</b><br>Ringer A&nbsp;1002&nbsp;mL,0
43,<b>Oxytocin&nbsp;10&nbsp;Units</b><br>Ringer A&nbsp;2000&nbsp;mL,0
43,<b>Oxytocin&nbsp;10&nbsp;Units</b><br>Ringer A&nbsp;300&nbsp;mL,0
43,<b>Oxytocin&nbsp;10&nbsp;Units</b><br>Ringer A&nbsp;400&nbsp;mL,0
43,<b>Oxytocin&nbsp;10&nbsp;Units</b><br>Ringer A&nbsp;401&nbsp;mL,0
43,<b>Oxytocin&nbsp;10&nbsp;Units</b><br>Ringer A&nbsp;500&nbsp;mL,0
43,<b>Oxytocin&nbsp;10&nbsp;Units</b><br>Ringer A&nbsp;600&nbsp;mL,0
43,<b>Oxytocin&nbsp;10&nbsp;Units</b><br>Ringer A&nbsp;700&nbsp;mL,0
43,<b>Oxytocin&nbsp;10&nbsp;Units</b><br>Ringer A&nbsp;800&nbsp;mL,0
43,<b>Oxytocin&nbsp;10&nbsp;Units</b><br>Ringer A&nbsp;900&nbsp;mL,0
43,<b>Oxytocin&nbsp;10&nbsp;Units</b><br>Undilute&nbsp;500&nbsp;mL,0
43,<b>Oxytocin&nbsp;100&nbsp;Units</b><br>Acetar&nbsp;1002&nbsp;mL,0
43,<b>Oxytocin&nbsp;15&nbsp;Units</b><br>0.9% NaC&nbsp;1000&nbsp;mL,0
43,<b>Oxytocin&nbsp;15&nbsp;Units</b><br>0.9% NaC&nbsp;1001.5&nbsp;mL,0
43,<b>Oxytocin&nbsp;15&nbsp;Units</b><br>0.9% NaC&nbsp;700&nbsp;mL,0
43,<b>Oxytocin&nbsp;15&nbsp;Units</b><br>5% D/N/2&nbsp;1000&nbsp;mL,0
43,<b>Oxytocin&nbsp;15&nbsp;Units</b><br>Acetar&nbsp;100&nbsp;mL,0
43,<b>Oxytocin&nbsp;15&nbsp;Units</b><br>Acetar&nbsp;1000&nbsp;mL,0
43,<b>Oxytocin&nbsp;15&nbsp;Units</b><br>Acetar&nbsp;1001&nbsp;mL,0
43,<b>Oxytocin&nbsp;15&nbsp;Units</b><br>Acetar&nbsp;1001.5&nbsp;mL,0
43,<b>Oxytocin&nbsp;15&nbsp;Units</b><br>Acetar&nbsp;101.5&nbsp;mL,0
43,<b>Oxytocin&nbsp;15&nbsp;Units</b><br>Acetar&nbsp;202&nbsp;mL,0
43,<b>Oxytocin&nbsp;15&nbsp;Units</b><br>Acetar&nbsp;300&nbsp;mL,0
43,<b>Oxytocin&nbsp;15&nbsp;Units</b><br>Acetar&nbsp;351.5&nbsp;mL,0
43,<b>Oxytocin&nbsp;15&nbsp;Units</b><br>Acetar&nbsp;400&nbsp;mL,0
43,<b>Oxytocin&nbsp;15&nbsp;Units</b><br>Acetar&nbsp;500&nbsp;mL,0
43,<b>Oxytocin&nbsp;15&nbsp;Units</b><br>Acetar&nbsp;501.5&nbsp;mL,0
43,<b>Oxytocin&nbsp;15&nbsp;Units</b><br>Acetar&nbsp;600&nbsp;mL,0
43,<b>Oxytocin&nbsp;15&nbsp;Units</b><br>Acetar&nbsp;601.2&nbsp;mL,0
43,<b>Oxytocin&nbsp;15&nbsp;Units</b><br>Acetar&nbsp;601.5&nbsp;mL,0
43,<b>Oxytocin&nbsp;15&nbsp;Units</b><br>Acetar&nbsp;700&nbsp;mL,0
43,<b>Oxytocin&nbsp;15&nbsp;Units</b><br>Acetar&nbsp;701&nbsp;mL,0
43,<b>Oxytocin&nbsp;15&nbsp;Units</b><br>Acetar&nbsp;750&nbsp;mL,0
43,<b>Oxytocin&nbsp;15&nbsp;Units</b><br>Acetar&nbsp;751.5&nbsp;mL,0
43,<b>Oxytocin&nbsp;15&nbsp;Units</b><br>Acetar&nbsp;800&nbsp;mL,0
43,<b>Oxytocin&nbsp;15&nbsp;Units</b><br>Acetar&nbsp;801.5&nbsp;mL,0
43,<b>Oxytocin&nbsp;15&nbsp;Units</b><br>Acetar&nbsp;900&nbsp;mL,0
43,<b>Oxytocin&nbsp;15&nbsp;Units</b><br>Ringer A&nbsp;650&nbsp;mL,0
43,<b>Oxytocin&nbsp;16&nbsp;Units</b><br>5% D/W&nbsp;1000&nbsp;mL,0
43,<b>Oxytocin&nbsp;18&nbsp;Units</b><br>Acetar&nbsp;800&nbsp;mL,0
43,<b>Oxytocin&nbsp;2&nbsp;Units</b><br>5% D/N/2&nbsp;1000&nbsp;mL,0
43,<b>Oxytocin&nbsp;2&nbsp;Units</b><br>Acetar&nbsp;100&nbsp;mL,0
43,<b>Oxytocin&nbsp;2&nbsp;Units</b><br>Acetar&nbsp;1000&nbsp;mL,0
43,<b>Oxytocin&nbsp;2&nbsp;Units</b><br>Acetar&nbsp;1002&nbsp;mL,0
43,<b>Oxytocin&nbsp;2&nbsp;Units</b><br>Acetar&nbsp;4&nbsp;mL,0
43,<b>Oxytocin&nbsp;20&nbsp;Int.Unit</b><br>0.9% NaC&nbsp;1000&nbsp;mL,0
43,<b>Oxytocin&nbsp;20&nbsp;Int.Unit</b><br>5% D/NSS&nbsp;1000&nbsp;mL,0
43,<b>Oxytocin&nbsp;20&nbsp;Int.Unit</b><br>5% D/W&nbsp;800&nbsp;mL,0
43,<b>Oxytocin&nbsp;20&nbsp;Int.Unit</b><br>Acetar&nbsp;1000&nbsp;mL,0
43,<b>Oxytocin&nbsp;20&nbsp;Int.Unit</b><br>Acetar&nbsp;1002&nbsp;mL,0
43,<b>Oxytocin&nbsp;20&nbsp;Int.Unit</b><br>Acetar&nbsp;402&nbsp;mL,0
43,<b>Oxytocin&nbsp;20&nbsp;Int.Unit</b><br>Acetar&nbsp;502&nbsp;mL,0
43,<b>Oxytocin&nbsp;20&nbsp;Int.Unit</b><br>Acetar&nbsp;700&nbsp;mL,0
43,<b>Oxytocin&nbsp;20&nbsp;Int.Unit</b><br>Acetar&nbsp;702&nbsp;mL,0
43,<b>Oxytocin&nbsp;20&nbsp;Int.Unit</b><br>Acetar&nbsp;800&nbsp;mL,0
43,<b>Oxytocin&nbsp;20&nbsp;Int.Unit</b><br>Acetar&nbsp;900&nbsp;mL,0
43,<b>Oxytocin&nbsp;20&nbsp;kUnits</b><br>Acetar&nbsp;1000&nbsp;mL,0
43,<b>Oxytocin&nbsp;20&nbsp;kUnits</b><br>Acetar&nbsp;1002&nbsp;mL,0
43,<b>Oxytocin&nbsp;20&nbsp;kUnits</b><br>Acetar&nbsp;1004&nbsp;mL,0
43,<b>Oxytocin&nbsp;20&nbsp;kUnits</b><br>Acetar&nbsp;120&nbsp;mL,0
43,<b>Oxytocin&nbsp;20&nbsp;kUnits</b><br>Acetar&nbsp;500&nbsp;mL,0
43,<b>Oxytocin&nbsp;20&nbsp;mcg</b><br>Acetar&nbsp;1000&nbsp;mL,0
43,<b>Oxytocin&nbsp;20&nbsp;mcg</b><br>Acetar&nbsp;1002&nbsp;mL,0
43,<b>Oxytocin&nbsp;20&nbsp;mg</b><br>Acetar&nbsp;1000&nbsp;mL,0
43,<b>Oxytocin&nbsp;20&nbsp;mUnits</b><br>Acetar&nbsp;1000&nbsp;mL,0
43,<b>Oxytocin&nbsp;20&nbsp;mUnits</b><br>Acetar&nbsp;1002&nbsp;mL,0
43,<b>Oxytocin&nbsp;20&nbsp;Units</b><br>&nbsp;1000&nbsp;mL,0
43,<b>Oxytocin&nbsp;20&nbsp;Units</b><br>&nbsp;1002&nbsp;mL,0
43,<b>Oxytocin&nbsp;20&nbsp;Units</b><br>&nbsp;500&nbsp;mL,0
43,<b>Oxytocin&nbsp;20&nbsp;Units</b><br>&nbsp;600&nbsp;mL,0
43,<b>Oxytocin&nbsp;20&nbsp;Units</b><br>&nbsp;700&nbsp;mL,0
43,<b>Oxytocin&nbsp;20&nbsp;Units</b><br>&nbsp;800&nbsp;mL,0
43,<b>Oxytocin&nbsp;20&nbsp;Units</b><br>&nbsp;900&nbsp;mL,0
43,<b>Oxytocin&nbsp;20&nbsp;Units</b><br>0.9% NaC&nbsp;100&nbsp;mL,0
43,<b>Oxytocin&nbsp;20&nbsp;Units</b><br>0.9% NaC&nbsp;1000&nbsp;mL,0
43,<b>Oxytocin&nbsp;20&nbsp;Units</b><br>0.9% NaC&nbsp;10000&nbsp;mL,0
43,<b>Oxytocin&nbsp;20&nbsp;Units</b><br>0.9% NaC&nbsp;1002&nbsp;mL,0
43,<b>Oxytocin&nbsp;20&nbsp;Units</b><br>0.9% NaC&nbsp;500&nbsp;mL,0
43,<b>Oxytocin&nbsp;20&nbsp;Units</b><br>0.9% NaC&nbsp;502&nbsp;mL,0
43,<b>Oxytocin&nbsp;20&nbsp;Units</b><br>0.9% NaC&nbsp;600&nbsp;mL,0
43,<b>Oxytocin&nbsp;20&nbsp;Units</b><br>0.9% NaC&nbsp;602&nbsp;mL,0
43,<b>Oxytocin&nbsp;20&nbsp;Units</b><br>0.9% NaC&nbsp;700&nbsp;mL,0
43,<b>Oxytocin&nbsp;20&nbsp;Units</b><br>0.9% NaC&nbsp;702&nbsp;mL,0
43,<b>Oxytocin&nbsp;20&nbsp;Units</b><br>0.9% NaC&nbsp;752&nbsp;mL,0
43,<b>Oxytocin&nbsp;20&nbsp;Units</b><br>0.9% NaC&nbsp;800&nbsp;mL,0
43,<b>Oxytocin&nbsp;20&nbsp;Units</b><br>0.9% NaC&nbsp;802&nbsp;mL,0
43,<b>Oxytocin&nbsp;20&nbsp;Units</b><br>0.9% NaC&nbsp;900&nbsp;mL,0
43,<b>Oxytocin&nbsp;20&nbsp;Units</b><br>0.9% NaC&nbsp;902&nbsp;mL,0
43,<b>Oxytocin&nbsp;20&nbsp;Units</b><br>0.9% NaC&nbsp;950&nbsp;mL,0
43,<b>Oxytocin&nbsp;20&nbsp;Units</b><br>5% D/N/2&nbsp;1000&nbsp;mL,0
43,<b>Oxytocin&nbsp;20&nbsp;Units</b><br>5% D/N/2&nbsp;1002&nbsp;mL,0
43,<b>Oxytocin&nbsp;20&nbsp;Units</b><br>5% D/N/2&nbsp;1004&nbsp;mL,0
43,<b>Oxytocin&nbsp;20&nbsp;Units</b><br>5% D/N/2&nbsp;200&nbsp;mL,0
43,<b>Oxytocin&nbsp;20&nbsp;Units</b><br>5% D/N/2&nbsp;652&nbsp;mL,0
43,<b>Oxytocin&nbsp;20&nbsp;Units</b><br>5% D/N/2&nbsp;700&nbsp;mL,0
43,<b>Oxytocin&nbsp;20&nbsp;Units</b><br>5% D/N/2&nbsp;702&nbsp;mL,0
43,<b>Oxytocin&nbsp;20&nbsp;Units</b><br>5% D/N/2&nbsp;800&nbsp;mL,0
43,<b>Oxytocin&nbsp;20&nbsp;Units</b><br>5% D/N/2&nbsp;850&nbsp;mL,0
43,<b>Oxytocin&nbsp;20&nbsp;Units</b><br>5% D/NSS&nbsp;1002&nbsp;mL,0
43,<b>Oxytocin&nbsp;20&nbsp;Units</b><br>5% D/W&nbsp;100&nbsp;mL,0
43,<b>Oxytocin&nbsp;20&nbsp;Units</b><br>5% D/W&nbsp;1000&nbsp;mL,0
43,<b>Oxytocin&nbsp;20&nbsp;Units</b><br>5% D/W&nbsp;1002&nbsp;mL,0
43,<b>Oxytocin&nbsp;20&nbsp;Units</b><br>5% D/W&nbsp;800&nbsp;mL,0
43,<b>Oxytocin&nbsp;20&nbsp;Units</b><br>5% D/W&nbsp;802&nbsp;mL,0
43,<b>Oxytocin&nbsp;20&nbsp;Units</b><br>5% D/W&nbsp;900&nbsp;mL,0
43,<b>Oxytocin&nbsp;20&nbsp;Units</b><br>Acetar&nbsp;100&nbsp;mL,0
43,<b>Oxytocin&nbsp;20&nbsp;Units</b><br>Acetar&nbsp;1000&nbsp;mL,0
43,<b>Oxytocin&nbsp;20&nbsp;Units</b><br>Acetar&nbsp;10000&nbsp;mL,0
43,<b>Oxytocin&nbsp;20&nbsp;Units</b><br>Acetar&nbsp;10002&nbsp;mL,0
43,<b>Oxytocin&nbsp;20&nbsp;Units</b><br>Acetar&nbsp;1001&nbsp;mL,0
43,<b>Oxytocin&nbsp;20&nbsp;Units</b><br>Acetar&nbsp;1002&nbsp;mL,0
43,<b>Oxytocin&nbsp;20&nbsp;Units</b><br>Acetar&nbsp;1004&nbsp;mL,0
43,<b>Oxytocin&nbsp;20&nbsp;Units</b><br>Acetar&nbsp;102&nbsp;mL,0
43,<b>Oxytocin&nbsp;20&nbsp;Units</b><br>Acetar&nbsp;1020&nbsp;mL,0
43,<b>Oxytocin&nbsp;20&nbsp;Units</b><br>Acetar&nbsp;1022&nbsp;mL,0
43,<b>Oxytocin&nbsp;20&nbsp;Units</b><br>Acetar&nbsp;120&nbsp;mL,0
43,<b>Oxytocin&nbsp;20&nbsp;Units</b><br>Acetar&nbsp;1200&nbsp;mL,0
43,<b>Oxytocin&nbsp;20&nbsp;Units</b><br>Acetar&nbsp;1402&nbsp;mL,0
43,<b>Oxytocin&nbsp;20&nbsp;Units</b><br>Acetar&nbsp;1500&nbsp;mL,0
43,<b>Oxytocin&nbsp;20&nbsp;Units</b><br>Acetar&nbsp;1600&nbsp;mL,0
43,<b>Oxytocin&nbsp;20&nbsp;Units</b><br>Acetar&nbsp;1800&nbsp;mL,0
43,<b>Oxytocin&nbsp;20&nbsp;Units</b><br>Acetar&nbsp;200&nbsp;mL,0
43,<b>Oxytocin&nbsp;20&nbsp;Units</b><br>Acetar&nbsp;2000&nbsp;mL,0
43,<b>Oxytocin&nbsp;20&nbsp;Units</b><br>Acetar&nbsp;202&nbsp;mL,0
43,<b>Oxytocin&nbsp;20&nbsp;Units</b><br>Acetar&nbsp;22&nbsp;mL,0
43,<b>Oxytocin&nbsp;20&nbsp;Units</b><br>Acetar&nbsp;250&nbsp;mL,0
43,<b>Oxytocin&nbsp;20&nbsp;Units</b><br>Acetar&nbsp;300&nbsp;mL,0
43,<b>Oxytocin&nbsp;20&nbsp;Units</b><br>Acetar&nbsp;302&nbsp;mL,0
43,<b>Oxytocin&nbsp;20&nbsp;Units</b><br>Acetar&nbsp;400&nbsp;mL,0
43,<b>Oxytocin&nbsp;20&nbsp;Units</b><br>Acetar&nbsp;402&nbsp;mL,0
43,<b>Oxytocin&nbsp;20&nbsp;Units</b><br>Acetar&nbsp;404&nbsp;mL,0
43,<b>Oxytocin&nbsp;20&nbsp;Units</b><br>Acetar&nbsp;450&nbsp;mL,0
43,<b>Oxytocin&nbsp;20&nbsp;Units</b><br>Acetar&nbsp;500&nbsp;mL,0
43,<b>Oxytocin&nbsp;20&nbsp;Units</b><br>Acetar&nbsp;502&nbsp;mL,0
43,<b>Oxytocin&nbsp;20&nbsp;Units</b><br>Acetar&nbsp;504&nbsp;mL,0
43,<b>Oxytocin&nbsp;20&nbsp;Units</b><br>Acetar&nbsp;550&nbsp;mL,0
43,<b>Oxytocin&nbsp;20&nbsp;Units</b><br>Acetar&nbsp;560&nbsp;mL,0
43,<b>Oxytocin&nbsp;20&nbsp;Units</b><br>Acetar&nbsp;570&nbsp;mL,0
43,<b>Oxytocin&nbsp;20&nbsp;Units</b><br>Acetar&nbsp;600&nbsp;mL,0
43,<b>Oxytocin&nbsp;20&nbsp;Units</b><br>Acetar&nbsp;601&nbsp;mL,0
43,<b>Oxytocin&nbsp;20&nbsp;Units</b><br>Acetar&nbsp;602&nbsp;mL,0
43,<b>Oxytocin&nbsp;20&nbsp;Units</b><br>Acetar&nbsp;650&nbsp;mL,0
43,<b>Oxytocin&nbsp;20&nbsp;Units</b><br>Acetar&nbsp;652&nbsp;mL,0
43,<b>Oxytocin&nbsp;20&nbsp;Units</b><br>Acetar&nbsp;70&nbsp;mL,0
43,<b>Oxytocin&nbsp;20&nbsp;Units</b><br>Acetar&nbsp;700&nbsp;mL,0
43,<b>Oxytocin&nbsp;20&nbsp;Units</b><br>Acetar&nbsp;702&nbsp;mL,0
43,<b>Oxytocin&nbsp;20&nbsp;Units</b><br>Acetar&nbsp;704&nbsp;mL,0
43,<b>Oxytocin&nbsp;20&nbsp;Units</b><br>Acetar&nbsp;750&nbsp;mL,0
43,<b>Oxytocin&nbsp;20&nbsp;Units</b><br>Acetar&nbsp;752&nbsp;mL,0
43,<b>Oxytocin&nbsp;20&nbsp;Units</b><br>Acetar&nbsp;80&nbsp;mL,0
43,<b>Oxytocin&nbsp;20&nbsp;Units</b><br>Acetar&nbsp;800&nbsp;mL,0
43,<b>Oxytocin&nbsp;20&nbsp;Units</b><br>Acetar&nbsp;802&nbsp;mL,0
43,<b>Oxytocin&nbsp;20&nbsp;Units</b><br>Acetar&nbsp;820&nbsp;mL,0
43,<b>Oxytocin&nbsp;20&nbsp;Units</b><br>Acetar&nbsp;850&nbsp;mL,0
43,<b>Oxytocin&nbsp;20&nbsp;Units</b><br>Acetar&nbsp;852&nbsp;mL,0
43,<b>Oxytocin&nbsp;20&nbsp;Units</b><br>Acetar&nbsp;90&nbsp;mL,0
43,<b>Oxytocin&nbsp;20&nbsp;Units</b><br>Acetar&nbsp;900&nbsp;mL,0
43,<b>Oxytocin&nbsp;20&nbsp;Units</b><br>Acetar&nbsp;901&nbsp;mL,0
43,<b>Oxytocin&nbsp;20&nbsp;Units</b><br>Acetar&nbsp;902&nbsp;mL,0
43,<b>Oxytocin&nbsp;20&nbsp;Units</b><br>Acetar&nbsp;904&nbsp;mL,0
43,<b>Oxytocin&nbsp;20&nbsp;Units</b><br>Acetar&nbsp;950&nbsp;mL,0
43,<b>Oxytocin&nbsp;20&nbsp;Units</b><br>Acetar&nbsp;952&nbsp;mL,0
43,<b>Oxytocin&nbsp;20&nbsp;Units</b><br>Acetar&nbsp;954&nbsp;mL,0
43,<b>Oxytocin&nbsp;20&nbsp;Units</b><br>Acetar&nbsp;998&nbsp;mL,0
43,<b>Oxytocin&nbsp;20&nbsp;Units</b><br>Ringer A&nbsp;1000&nbsp;mL,0
43,<b>Oxytocin&nbsp;20&nbsp;Units</b><br>Ringer A&nbsp;1001&nbsp;mL,0
43,<b>Oxytocin&nbsp;20&nbsp;Units</b><br>Ringer A&nbsp;1002&nbsp;mL,0
43,<b>Oxytocin&nbsp;20&nbsp;Units</b><br>Ringer A&nbsp;350&nbsp;mL,0
43,<b>Oxytocin&nbsp;20&nbsp;Units</b><br>Ringer A&nbsp;500&nbsp;mL,0
43,<b>Oxytocin&nbsp;20&nbsp;Units</b><br>Ringer A&nbsp;600&nbsp;mL,0
43,<b>Oxytocin&nbsp;20&nbsp;Units</b><br>Ringer A&nbsp;650&nbsp;mL,0
43,<b>Oxytocin&nbsp;20&nbsp;Units</b><br>Ringer A&nbsp;700&nbsp;mL,0
43,<b>Oxytocin&nbsp;20&nbsp;Units</b><br>Ringer A&nbsp;702&nbsp;mL,0
43,<b>Oxytocin&nbsp;20&nbsp;Units</b><br>Ringer A&nbsp;80&nbsp;mL,0
43,<b>Oxytocin&nbsp;20&nbsp;Units</b><br>Ringer A&nbsp;800&nbsp;mL,0
43,<b>Oxytocin&nbsp;20&nbsp;Units</b><br>Ringer A&nbsp;802&nbsp;mL,0
43,<b>Oxytocin&nbsp;20&nbsp;Units</b><br>Ringer A&nbsp;850&nbsp;mL,0
43,<b>Oxytocin&nbsp;20&nbsp;Units</b><br>Ringer A&nbsp;900&nbsp;mL,0
43,<b>Oxytocin&nbsp;20&nbsp;Units</b><br>Ringer A&nbsp;902&nbsp;mL,0
43,<b>Oxytocin&nbsp;20&nbsp;Units</b><br>Ringer A&nbsp;952&nbsp;mL,0
43,<b>Oxytocin&nbsp;20&nbsp;Units</b><br>Undilute&nbsp;1000&nbsp;mL,0
43,<b>Oxytocin&nbsp;20&nbsp;Units</b><br>Undilute&nbsp;1002&nbsp;mL,0
43,<b>Oxytocin&nbsp;20&nbsp;Units</b><br>Undilute&nbsp;700&nbsp;mL,0
43,<b>Oxytocin&nbsp;20&nbsp;Units</b><br>Undilute&nbsp;800&nbsp;mL,0
43,<b>Oxytocin&nbsp;200&nbsp;Units</b><br>Acetar&nbsp;1000&nbsp;mL,0
43,<b>Oxytocin&nbsp;25&nbsp;Units</b><br>Acetar&nbsp;1002.5&nbsp;mL,0
43,<b>Oxytocin&nbsp;30&nbsp;Units</b><br>Acetar&nbsp;1400&nbsp;mL,0
43,<b>Oxytocin&nbsp;30&nbsp;Units</b><br>Acetar&nbsp;500&nbsp;mL,0
43,<b>Oxytocin&nbsp;30&nbsp;Units</b><br>Acetar&nbsp;700&nbsp;mL,0
43,<b>Oxytocin&nbsp;34&nbsp;Units</b><br>Acetar&nbsp;700&nbsp;mL,0
43,<b>Oxytocin&nbsp;4&nbsp;Units</b><br>Acetar&nbsp;200&nbsp;mL,0
43,<b>Oxytocin&nbsp;40&nbsp;Units</b><br>0.9% NaC&nbsp;1000&nbsp;mL,0
43,<b>Oxytocin&nbsp;40&nbsp;Units</b><br>5% D/N/2&nbsp;1000&nbsp;mL,0
43,<b>Oxytocin&nbsp;40&nbsp;Units</b><br>5% D/N/2&nbsp;1004&nbsp;mL,0
43,<b>Oxytocin&nbsp;40&nbsp;Units</b><br>5% D/W&nbsp;1000&nbsp;mL,0
43,<b>Oxytocin&nbsp;40&nbsp;Units</b><br>Acetar&nbsp;1000&nbsp;mL,0
43,<b>Oxytocin&nbsp;40&nbsp;Units</b><br>Acetar&nbsp;1002&nbsp;mL,0
43,<b>Oxytocin&nbsp;40&nbsp;Units</b><br>Acetar&nbsp;1004&nbsp;mL,0
43,<b>Oxytocin&nbsp;40&nbsp;Units</b><br>Acetar&nbsp;500&nbsp;mL,0
43,<b>Oxytocin&nbsp;40&nbsp;Units</b><br>Acetar&nbsp;600&nbsp;mL,0
43,<b>Oxytocin&nbsp;40&nbsp;Units</b><br>Acetar&nbsp;700&nbsp;mL,0
43,<b>Oxytocin&nbsp;40&nbsp;Units</b><br>Acetar&nbsp;750&nbsp;mL,0
43,<b>Oxytocin&nbsp;40&nbsp;Units</b><br>Acetar&nbsp;800&nbsp;mL,0
43,<b>Oxytocin&nbsp;40&nbsp;Units</b><br>Acetar&nbsp;850&nbsp;mL,0
43,<b>Oxytocin&nbsp;40&nbsp;Units</b><br>Acetar&nbsp;900&nbsp;mL,0
43,<b>Oxytocin&nbsp;40&nbsp;Units</b><br>Acetar&nbsp;904&nbsp;mL,0
43,<b>Oxytocin&nbsp;40&nbsp;Units</b><br>Ringer A&nbsp;1000&nbsp;mL,0
43,<b>Oxytocin&nbsp;5&nbsp;Units</b><br>0.9% NaC&nbsp;300.5&nbsp;mL,0
43,<b>Oxytocin&nbsp;5&nbsp;Units</b><br>0.9% NaC&nbsp;400&nbsp;mL,0
43,<b>Oxytocin&nbsp;5&nbsp;Units</b><br>Acetar&nbsp;100&nbsp;mL,0
43,<b>Oxytocin&nbsp;5&nbsp;Units</b><br>Acetar&nbsp;1000&nbsp;mL,0
43,<b>Oxytocin&nbsp;5&nbsp;Units</b><br>Acetar&nbsp;200&nbsp;mL,0
43,<b>Oxytocin&nbsp;5&nbsp;Units</b><br>Acetar&nbsp;200.5&nbsp;mL,0
43,<b>Oxytocin&nbsp;5&nbsp;Units</b><br>Acetar&nbsp;250&nbsp;mL,0
43,<b>Oxytocin&nbsp;5&nbsp;Units</b><br>Acetar&nbsp;250.5&nbsp;mL,0
43,<b>Oxytocin&nbsp;5&nbsp;Units</b><br>Acetar&nbsp;300&nbsp;mL,0
43,<b>Oxytocin&nbsp;5&nbsp;Units</b><br>Acetar&nbsp;300.5&nbsp;mL,0
43,<b>Oxytocin&nbsp;5&nbsp;Units</b><br>Acetar&nbsp;301&nbsp;mL,0
43,<b>Oxytocin&nbsp;5&nbsp;Units</b><br>Acetar&nbsp;350&nbsp;mL,0
43,<b>Oxytocin&nbsp;5&nbsp;Units</b><br>Acetar&nbsp;400&nbsp;mL,0
43,<b>Oxytocin&nbsp;5&nbsp;Units</b><br>Acetar&nbsp;400.5&nbsp;mL,0
43,<b>Oxytocin&nbsp;5&nbsp;Units</b><br>Acetar&nbsp;500&nbsp;mL,0
43,<b>Oxytocin&nbsp;5&nbsp;Units</b><br>Ringer A&nbsp;500&nbsp;mL,0
43,<b>Oxytocin&nbsp;5&nbsp;Units</b><br>Undilute&nbsp;0.5&nbsp;mL,0
43,<b>Oxytocin&nbsp;60&nbsp;Units</b><br>Acetar&nbsp;1000&nbsp;mL,0
43,<b>Oxytocin&nbsp;60&nbsp;Units</b><br>Acetar&nbsp;800&nbsp;mL,0
43,<b>Oxytocin&nbsp;7&nbsp;Units</b><br>Acetar&nbsp;200&nbsp;mL,0
43,<b>Oxytocin&nbsp;7.5&nbsp;Units</b><br>0.9% NaC&nbsp;500&nbsp;mL,0
28,<b>Oxytocin</b><br>,0
28,<b>Oxytocin</b><br>Caudal,0
28,<b>Oxytocin</b><br>IM,0
28,<b>Oxytocin</b><br>IV,0
28,<b>Oxytocin</b><br>Local infiltration,0
28,<b>Oxytocin</b><br>Spinal,0
56,<b>Packed red cell</b>,0
16,<b>Pancuronium</b><br>IV,0
43,<b>Pantoprazole&nbsp;20&nbsp;Units</b><br>Acetar&nbsp;100&nbsp;mL,0
43,<b>Pantoprazole&nbsp;20&nbsp;Units</b><br>Acetar&nbsp;1000&nbsp;mL,0
43,<b>Pantoprazole&nbsp;20&nbsp;Units</b><br>Acetar&nbsp;900&nbsp;mL,0
43,<b>Pantoprazole&nbsp;36&nbsp;mg</b><br>0.9% NaC&nbsp;25&nbsp;mL,0
43,<b>Pantoprazole&nbsp;40&nbsp;mg</b><br>0.9% NaC&nbsp;1&nbsp;mL,0
43,<b>Pantoprazole&nbsp;40&nbsp;mg</b><br>0.9% NaC&nbsp;100&nbsp;mL,0
43,<b>Pantoprazole&nbsp;40&nbsp;mg</b><br>5% D/W&nbsp;50&nbsp;mL,0
43,<b>Pantoprazole&nbsp;50&nbsp;mg</b><br>5% D/W&nbsp;50&nbsp;mL,0
43,<b>Pantoprazole&nbsp;500&nbsp;mcg</b><br>5% D/W&nbsp;500&nbsp;mL,0
43,<b>Pantoprazole&nbsp;80&nbsp;mg</b><br>0.9% NaC&nbsp;100&nbsp;mL,0
43,<b>Pantoprazole&nbsp;80&nbsp;mg</b><br>0.9% NaC&nbsp;101&nbsp;mL,0
43,<b>Pantoprazole&nbsp;80&nbsp;mg</b><br>0.9% NaC&nbsp;108&nbsp;mL,0
43,<b>Pantoprazole&nbsp;80&nbsp;mg</b><br>5% D/NSS&nbsp;100&nbsp;mL,0
43,<b>Pantoprazole&nbsp;80&nbsp;mg</b><br>5% D/W&nbsp;100&nbsp;mL,0
43,<b>Pantoprazole&nbsp;80&nbsp;Units</b><br>5% D/W&nbsp;100&nbsp;mL,0
52,<b>Pantoprazole</b><br>&nbsp;,0
54,<b>Paraceta&nbsp;1&nbsp;g</b><br>&nbsp;10&nbsp;mL,0
54,<b>Paraceta&nbsp;1&nbsp;g</b><br>&nbsp;100&nbsp;mL,0
54,<b>Paraceta&nbsp;1&nbsp;g</b><br>Undilute&nbsp;100&nbsp;mL,0
54,<b>Paraceta&nbsp;1&nbsp;g</b><br>Undilute&nbsp;200&nbsp;mL,0
54,<b>Paraceta&nbsp;10&nbsp;mg</b><br>Undilute&nbsp;1&nbsp;mL,0
54,<b>Paraceta&nbsp;1000&nbsp;mg</b><br>&nbsp;100&nbsp;mL,0
54,<b>Paraceta&nbsp;1000&nbsp;mg</b><br>&nbsp;200&nbsp;mL,0
54,<b>Paraceta&nbsp;1000&nbsp;mg</b><br>0.9% NaC&nbsp;200&nbsp;mL,0
54,<b>Paraceta&nbsp;1000&nbsp;mg</b><br>Acetar&nbsp;100&nbsp;mL,0
54,<b>Paraceta&nbsp;1000&nbsp;mg</b><br>Undilute&nbsp;100&nbsp;mL,0
54,<b>Paraceta&nbsp;1000&nbsp;mg</b><br>Undilute&nbsp;200&nbsp;mL,0
54,<b>Paraceta&nbsp;1000&nbsp;mg</b><br>Undilute&nbsp;250&nbsp;mL,0
54,<b>Paraceta&nbsp;1000&nbsp;mg</b><br>Undilute&nbsp;500&nbsp;mL,0
54,<b>Paraceta&nbsp;180&nbsp;mg</b><br>Undilute&nbsp;18&nbsp;mL,0
54,<b>Paraceta&nbsp;200&nbsp;mg</b><br>Undilute&nbsp;20&nbsp;mL,0
54,<b>Paraceta&nbsp;300&nbsp;mg</b><br>Undilute&nbsp;30&nbsp;mL,0
54,<b>Paraceta&nbsp;440&nbsp;mg</b><br>Undilute&nbsp;44&nbsp;mL,0
54,<b>Paraceta&nbsp;500&nbsp;mg</b><br>&nbsp;50&nbsp;mL,0
54,<b>Paraceta&nbsp;500&nbsp;mg</b><br>0.9% NaC&nbsp;80&nbsp;mL,0
54,<b>Paraceta&nbsp;500&nbsp;mg</b><br>Undilute&nbsp;50&nbsp;mL,0
54,<b>Paraceta&nbsp;800&nbsp;mg</b><br>Undilute&nbsp;160&nbsp;mL,0
53,<b>Paraceta</b><br>IV,0
31,<b>Paracetamol supp.</b>,0
30,<b>Paracetamol</b>,0
28,<b>Paracetamol</b><br>,0
28,<b>Paracetamol</b><br>Caudal,0
28,<b>Paracetamol</b><br>IM,0
28,<b>Paracetamol</b><br>IV,0
53,<b>Paracetamol</b><br>IV,0
28,<b>Paracetamol</b><br>Spinal,0
54,<b>Parecoxi&nbsp;60&nbsp;mg</b><br>0.9% NaC&nbsp;506&nbsp;mL,0
53,<b>Parecoxi</b><br>IV,0
53,<b>Parecoxib</b><br>IV,0
25,<b>Parecoxib</b><br>IV,0
9,<b>Penicillin G Na</b><br>IV,0
55,<b>Penicillin&nbsp;3&nbsp;mUnits</b><br>0.9% NaC&nbsp;100&nbsp;mL,0
55,<b>Penicillin&nbsp;3&nbsp;mUnits</b><br>0.9% NaC&nbsp;1000&nbsp;mL,0
12,<b>Penrose</b><br>1,0
12,<b>Penrose</b><br>2,0
35,<b>Pethidine&nbsp;2000&nbsp;mcg</b><br>&nbsp;50&nbsp;mL<br>,0
35,<b>Pethidine&nbsp;500&nbsp;mcg</b><br>0.9% NaC&nbsp;10&nbsp;mL<br>,0
17,<b>Pethidine</b><br>,0
17,<b>Pethidine</b><br>IV,0
17,<b>Pethidine</b><br>Spinal,0
21,<b>Phenylephrine</b><br>Eye Drop,0
21,<b>Phenylephrine</b><br>Intranasal,0
21,<b>Phenylephrine</b><br>IV,0
39,<b>Phenylnephrine&nbsp;1&nbsp;mg</b><br>Undilute&nbsp;20&nbsp;mL,0
39,<b>Phenylnephrine&nbsp;100&nbsp;mcg</b><br>0.9% NaC&nbsp;10&nbsp;mL,0
39,<b>Phenylnephrine&nbsp;100&nbsp;mcg</b><br>Acetar&nbsp;1&nbsp;mL,0
39,<b>Phenylnephrine&nbsp;12&nbsp;mg</b><br>5% D/W&nbsp;300&nbsp;mL,0
39,<b>Phenylnephrine&nbsp;200&nbsp;mcg</b><br>0.9% NaC&nbsp;20&nbsp;mL,0
39,<b>Phenylnephrine&nbsp;25&nbsp;mcg</b><br>Undilute&nbsp;5&nbsp;mL,0
39,<b>Phenylnephrine&nbsp;250&nbsp;mcg</b><br>0.9% NaC&nbsp;10&nbsp;mL,0
39,<b>Phenylnephrine&nbsp;250&nbsp;mcg</b><br>0.9% NaC&nbsp;25&nbsp;mL,0
39,<b>Phenylnephrine&nbsp;320&nbsp;mcg</b><br>0.9% NaC&nbsp;20&nbsp;mL,0
39,<b>Phenylnephrine&nbsp;4&nbsp;mg</b><br>5% D/W&nbsp;104&nbsp;mL,0
39,<b>Phenylnephrine&nbsp;400&nbsp;mcg</b><br>0.9% NaC&nbsp;20&nbsp;mL,0
39,<b>Phenylnephrine&nbsp;50&nbsp;mcg</b><br>Undilute&nbsp;1&nbsp;mL,0
39,<b>Phenylnephrine&nbsp;50&nbsp;mcg</b><br>Undilute&nbsp;10&nbsp;mL,0
39,<b>Phenylnephrine&nbsp;500&nbsp;mcg</b><br>&nbsp;10&nbsp;mL,0
39,<b>Phenylnephrine&nbsp;500&nbsp;mcg</b><br>&nbsp;50&nbsp;mL,0
39,<b>Phenylnephrine&nbsp;500&nbsp;mcg</b><br>0.9% NaC&nbsp;10&nbsp;mL,0
39,<b>Phenylnephrine&nbsp;500&nbsp;mcg</b><br>0.9% NaC&nbsp;20&nbsp;mL,0
39,<b>Phenylnephrine&nbsp;500&nbsp;mcg</b><br>5% D/W&nbsp;10&nbsp;mL,0
39,<b>Phenylnephrine&nbsp;500&nbsp;mcg</b><br>Acetar&nbsp;10&nbsp;mL,0
39,<b>Phenylnephrine&nbsp;500&nbsp;mcg</b><br>Undilute&nbsp;0&nbsp;mL,0
39,<b>Phenylnephrine&nbsp;500&nbsp;mcg</b><br>Undilute&nbsp;10&nbsp;mL,0
39,<b>Phenylnephrine&nbsp;500&nbsp;mcg</b><br>Undilute&nbsp;20&nbsp;mL,0
41,<b>Phenytoin&nbsp;100&nbsp;mg</b><br>0.9% NaC&nbsp;100&nbsp;mL,0
41,<b>Phenytoin&nbsp;1000&nbsp;mg</b><br>0.9% NaC&nbsp;100&nbsp;mL,0
41,<b>Phenytoin&nbsp;1000&nbsp;mg</b><br>0.9% NaC&nbsp;120&nbsp;mL,0
41,<b>Phenytoin&nbsp;120&nbsp;mg</b><br>0.9% NaC&nbsp;20&nbsp;mL,0
41,<b>Phenytoin&nbsp;140&nbsp;mg</b><br>0.9% NaC&nbsp;50&nbsp;mL,0
41,<b>Phenytoin&nbsp;20&nbsp;mg</b><br>0.9% NaC&nbsp;10&nbsp;mL,0
41,<b>Phenytoin&nbsp;240&nbsp;mg</b><br>0.9% NaC&nbsp;44.8&nbsp;mL,0
41,<b>Phenytoin&nbsp;250&nbsp;mg</b><br>0.9% NaC&nbsp;20&nbsp;mL,0
41,<b>Phenytoin&nbsp;250&nbsp;mg</b><br>0.9% NaC&nbsp;50&nbsp;mL,0
41,<b>Phenytoin&nbsp;35&nbsp;mg</b><br>0.9% NaC&nbsp;10&nbsp;mL,0
41,<b>Phenytoin&nbsp;400&nbsp;mg</b><br>0.9% NaC&nbsp;50&nbsp;mL,0
41,<b>Phenytoin&nbsp;500&nbsp;mg</b><br>0.9% NaC&nbsp;100&nbsp;mL,0
41,<b>Phenytoin&nbsp;500&nbsp;mg</b><br>0.9% NaC&nbsp;104&nbsp;mL,0
41,<b>Phenytoin&nbsp;500&nbsp;mg</b><br>0.9% NaC&nbsp;110&nbsp;mL,0
41,<b>Phenytoin&nbsp;500&nbsp;mg</b><br>0.9% NaC&nbsp;50&nbsp;mL,0
41,<b>Phenytoin&nbsp;60&nbsp;mg</b><br>0.9% NaC&nbsp;20&nbsp;mL,0
41,<b>Phenytoin&nbsp;600&nbsp;mg</b><br>0.9% NaC&nbsp;100&nbsp;mL,0
41,<b>Phenytoin&nbsp;75&nbsp;mg</b><br>0.9% NaC&nbsp;50&nbsp;mL,0
41,<b>Phenytoin&nbsp;750&nbsp;mg</b><br>0.9% NaC&nbsp;100&nbsp;mL,0
41,<b>Phenytoin&nbsp;750&nbsp;mg</b><br>0.9% NaC&nbsp;115&nbsp;mL,0
41,<b>Phenytoin&nbsp;750&nbsp;mg</b><br>0.9% NaC&nbsp;50&nbsp;mL,0
41,<b>Phenytoin&nbsp;750&nbsp;mg</b><br>0.9% NaC&nbsp;75&nbsp;mL,0
41,<b>Phenytoin&nbsp;85&nbsp;mg</b><br>0.9% NaC&nbsp;20&nbsp;mL,0
28,<b>Phenytoin</b><br>,0
28,<b>Phenytoin</b><br>IV,0
55,<b>Piperacillin/&nbsp;1.13&nbsp;g</b><br>0.9% NaC&nbsp;25&nbsp;mL,0
55,<b>Piperacillin/&nbsp;2.25&nbsp;g</b><br>0.9% NaC&nbsp;100&nbsp;mL,0
55,<b>Piperacillin/&nbsp;2.25&nbsp;g</b><br>0.9% NaC&nbsp;50&nbsp;mL,0
55,<b>Piperacillin/&nbsp;4.5&nbsp;g</b><br>0.9% NaC&nbsp;100&nbsp;mL,0
55,<b>Piperacillin/&nbsp;4.5&nbsp;g</b><br>0.9% NaC&nbsp;50&nbsp;mL,0
55,<b>Piperacillin/&nbsp;4.5&nbsp;g</b><br>0.9% NaC&nbsp;60&nbsp;mL,0
55,<b>Piperacillin/&nbsp;45&nbsp;g</b><br>0.9% NaC&nbsp;100&nbsp;mL,0
9,<b>Piperacillin/Tazobactam</b><br>IV,0
56,<b>Platelets (Conc</b>,0
56,<b>Platelets (SD)</b>,0
56,<b>Plt conc.</b>,0
3,<b>Plt conc.</b>,0
3,<b>Plt conc.</b><br>IV,0
56,<b>PRC</b>,0
3,<b>PRC</b>,0
33,<b>Propofol&nbsp;0&nbsp;mg</b><br>Undilute&nbsp;50&nbsp;mL,0
33,<b>Propofol&nbsp;1&nbsp;g</b><br>0.9% NaC&nbsp;50&nbsp;mL,0
33,<b>Propofol&nbsp;1&nbsp;g</b><br>Undilute&nbsp;50&nbsp;mL,0
33,<b>Propofol&nbsp;10&nbsp;g</b><br>Undilute&nbsp;10&nbsp;mL,0
33,<b>Propofol&nbsp;10&nbsp;mcg</b><br>Undilute&nbsp;1&nbsp;mL,0
33,<b>Propofol&nbsp;10&nbsp;mg</b><br>&nbsp;1&nbsp;mL,0
33,<b>Propofol&nbsp;10&nbsp;mg</b><br>&nbsp;20&nbsp;mL,0
33,<b>Propofol&nbsp;10&nbsp;mg</b><br>&nbsp;200&nbsp;mL,0
33,<b>Propofol&nbsp;10&nbsp;mg</b><br>&nbsp;40&nbsp;mL,0
33,<b>Propofol&nbsp;10&nbsp;mg</b><br>0.9% NaC&nbsp;1&nbsp;mL,0
33,<b>Propofol&nbsp;10&nbsp;mg</b><br>0.9% NaC&nbsp;20&nbsp;mL,0
33,<b>Propofol&nbsp;10&nbsp;mg</b><br>0.9% NaC&nbsp;50&nbsp;mL,0
33,<b>Propofol&nbsp;10&nbsp;mg</b><br>5% D/W&nbsp;1&nbsp;mL,0
33,<b>Propofol&nbsp;10&nbsp;mg</b><br>Acetar&nbsp;1&nbsp;mL,0
33,<b>Propofol&nbsp;10&nbsp;mg</b><br>Acetar&nbsp;500&nbsp;mL,0
33,<b>Propofol&nbsp;10&nbsp;mg</b><br>Acetar&nbsp;520&nbsp;mL,0
33,<b>Propofol&nbsp;10&nbsp;mg</b><br>Ringer A&nbsp;1&nbsp;mL,0
33,<b>Propofol&nbsp;10&nbsp;mg</b><br>Undilute&nbsp;0&nbsp;mL,0
33,<b>Propofol&nbsp;10&nbsp;mg</b><br>Undilute&nbsp;1&nbsp;mL,0
33,<b>Propofol&nbsp;10&nbsp;mg</b><br>Undilute&nbsp;10&nbsp;mL,0
33,<b>Propofol&nbsp;10&nbsp;mg</b><br>Undilute&nbsp;100&nbsp;mL,0
33,<b>Propofol&nbsp;10&nbsp;mg</b><br>Undilute&nbsp;11&nbsp;mL,0
33,<b>Propofol&nbsp;10&nbsp;mg</b><br>Undilute&nbsp;15&nbsp;mL,0
33,<b>Propofol&nbsp;10&nbsp;mg</b><br>Undilute&nbsp;19&nbsp;mL,0
33,<b>Propofol&nbsp;10&nbsp;mg</b><br>Undilute&nbsp;2&nbsp;mL,0
33,<b>Propofol&nbsp;10&nbsp;mg</b><br>Undilute&nbsp;20&nbsp;mL,0
33,<b>Propofol&nbsp;10&nbsp;mg</b><br>Undilute&nbsp;220&nbsp;mL,0
33,<b>Propofol&nbsp;10&nbsp;mg</b><br>Undilute&nbsp;251&nbsp;mL,0
33,<b>Propofol&nbsp;10&nbsp;mg</b><br>Undilute&nbsp;26&nbsp;mL,0
33,<b>Propofol&nbsp;10&nbsp;mg</b><br>Undilute&nbsp;27&nbsp;mL,0
33,<b>Propofol&nbsp;10&nbsp;mg</b><br>Undilute&nbsp;40&nbsp;mL,0
33,<b>Propofol&nbsp;10&nbsp;mg</b><br>Undilute&nbsp;80&nbsp;mL,0
33,<b>Propofol&nbsp;100&nbsp;g</b><br>Undilute&nbsp;10&nbsp;mL,0
33,<b>Propofol&nbsp;100&nbsp;mcg</b><br>0.9% NaC&nbsp;25&nbsp;mL,0
33,<b>Propofol&nbsp;100&nbsp;mg</b><br>&nbsp;10&nbsp;mL,0
33,<b>Propofol&nbsp;100&nbsp;mg</b><br>&nbsp;50&nbsp;mL,0
33,<b>Propofol&nbsp;100&nbsp;mg</b><br>0.9% NaC&nbsp;1&nbsp;mL,0
33,<b>Propofol&nbsp;100&nbsp;mg</b><br>0.9% NaC&nbsp;10&nbsp;mL,0
33,<b>Propofol&nbsp;100&nbsp;mg</b><br>0.9% NaC&nbsp;110&nbsp;mL,0
33,<b>Propofol&nbsp;100&nbsp;mg</b><br>0.9% NaC&nbsp;20&nbsp;mL,0
33,<b>Propofol&nbsp;100&nbsp;mg</b><br>Undilute&nbsp;0&nbsp;mL,0
33,<b>Propofol&nbsp;100&nbsp;mg</b><br>Undilute&nbsp;10&nbsp;mL,0
33,<b>Propofol&nbsp;100&nbsp;mg</b><br>Undilute&nbsp;100&nbsp;mL,0
33,<b>Propofol&nbsp;100&nbsp;mg</b><br>Undilute&nbsp;20&nbsp;mL,0
33,<b>Propofol&nbsp;100&nbsp;mg</b><br>Undilute&nbsp;30&nbsp;mL,0
33,<b>Propofol&nbsp;100&nbsp;mg</b><br>Undilute&nbsp;50&nbsp;mL,0
33,<b>Propofol&nbsp;1000&nbsp;mcg</b><br>Acetar&nbsp;50&nbsp;mL,0
33,<b>Propofol&nbsp;1000&nbsp;mcg</b><br>Undilute&nbsp;50&nbsp;mL,0
33,<b>Propofol&nbsp;1000&nbsp;mg</b><br>&nbsp;50&nbsp;mL,0
33,<b>Propofol&nbsp;1000&nbsp;mg</b><br>0.9% NaC&nbsp;5&nbsp;mL,0
33,<b>Propofol&nbsp;1000&nbsp;mg</b><br>0.9% NaC&nbsp;50&nbsp;mL,0
33,<b>Propofol&nbsp;1000&nbsp;mg</b><br>Acetar&nbsp;50&nbsp;mL,0
33,<b>Propofol&nbsp;1000&nbsp;mg</b><br>Undilute&nbsp;0&nbsp;mL,0
33,<b>Propofol&nbsp;1000&nbsp;mg</b><br>Undilute&nbsp;100&nbsp;mL,0
33,<b>Propofol&nbsp;1000&nbsp;mg</b><br>Undilute&nbsp;20&nbsp;mL,0
33,<b>Propofol&nbsp;1000&nbsp;mg</b><br>Undilute&nbsp;200&nbsp;mL,0
33,<b>Propofol&nbsp;1000&nbsp;mg</b><br>Undilute&nbsp;50&nbsp;mL,0
33,<b>Propofol&nbsp;1000&nbsp;mg</b><br>Undilute&nbsp;500&nbsp;mL,0
33,<b>Propofol&nbsp;1000&nbsp;mg</b><br>Undilute&nbsp;70&nbsp;mL,0
33,<b>Propofol&nbsp;10000&nbsp;mg</b><br>Undilute&nbsp;50&nbsp;mL,0
33,<b>Propofol&nbsp;110&nbsp;mg</b><br>Undilute&nbsp;11&nbsp;mL,0
33,<b>Propofol&nbsp;120&nbsp;mg</b><br>&nbsp;12&nbsp;mL,0
33,<b>Propofol&nbsp;120&nbsp;mg</b><br>Undilute&nbsp;12&nbsp;mL,0
33,<b>Propofol&nbsp;120&nbsp;mg</b><br>Undilute&nbsp;24&nbsp;mL,0
33,<b>Propofol&nbsp;1200&nbsp;mg</b><br>Undilute&nbsp;60&nbsp;mL,0
33,<b>Propofol&nbsp;1200&nbsp;mg</b><br>Undilute&nbsp;70&nbsp;mL,0
33,<b>Propofol&nbsp;125&nbsp;mg</b><br>0.9% NaC&nbsp;25&nbsp;mL,0
33,<b>Propofol&nbsp;13&nbsp;mg</b><br>Undilute&nbsp;13&nbsp;mL,0
33,<b>Propofol&nbsp;130&nbsp;mg</b><br>Undilute&nbsp;13&nbsp;mL,0
33,<b>Propofol&nbsp;130&nbsp;mg</b><br>Undilute&nbsp;26&nbsp;mL,0
33,<b>Propofol&nbsp;140&nbsp;mg</b><br>Undilute&nbsp;14&nbsp;mL,0
33,<b>Propofol&nbsp;140&nbsp;mg</b><br>Undilute&nbsp;28&nbsp;mL,0
33,<b>Propofol&nbsp;15&nbsp;mg</b><br>Undilute&nbsp;30&nbsp;mL,0
33,<b>Propofol&nbsp;150&nbsp;mg</b><br>&nbsp;15&nbsp;mL,0
33,<b>Propofol&nbsp;150&nbsp;mg</b><br>0.9% NaC&nbsp;15&nbsp;mL,0
33,<b>Propofol&nbsp;150&nbsp;mg</b><br>Acetar&nbsp;30&nbsp;mL,0
33,<b>Propofol&nbsp;150&nbsp;mg</b><br>Sterile&nbsp;30&nbsp;mL,0
33,<b>Propofol&nbsp;150&nbsp;mg</b><br>Undilute&nbsp;0&nbsp;mL,0
33,<b>Propofol&nbsp;150&nbsp;mg</b><br>Undilute&nbsp;15&nbsp;mL,0
33,<b>Propofol&nbsp;150&nbsp;mg</b><br>Undilute&nbsp;30&nbsp;mL,0
33,<b>Propofol&nbsp;160&nbsp;mg</b><br>&nbsp;16&nbsp;mL,0
33,<b>Propofol&nbsp;160&nbsp;mg</b><br>Undilute&nbsp;16&nbsp;mL,0
33,<b>Propofol&nbsp;160&nbsp;mg</b><br>Undilute&nbsp;32&nbsp;mL,0
33,<b>Propofol&nbsp;160&nbsp;mg</b><br>Undilute&nbsp;8&nbsp;mL,0
33,<b>Propofol&nbsp;170&nbsp;mg</b><br>Undilute&nbsp;17&nbsp;mL,0
33,<b>Propofol&nbsp;170&nbsp;mg</b><br>Undilute&nbsp;20&nbsp;mL,0
33,<b>Propofol&nbsp;180&nbsp;mg</b><br>Undilute&nbsp;36&nbsp;mL,0
33,<b>Propofol&nbsp;2&nbsp;mg</b><br>&nbsp;1&nbsp;mL,0
33,<b>Propofol&nbsp;2&nbsp;mg</b><br>Undilute&nbsp;1&nbsp;mL,0
33,<b>Propofol&nbsp;20&nbsp;mcg</b><br>Undilute&nbsp;1&nbsp;mL,0
33,<b>Propofol&nbsp;20&nbsp;mg</b><br>&nbsp;1&nbsp;mL,0
33,<b>Propofol&nbsp;20&nbsp;mg</b><br>&nbsp;20&nbsp;mL,0
33,<b>Propofol&nbsp;20&nbsp;mg</b><br>0.9% NaC&nbsp;1&nbsp;mL,0
33,<b>Propofol&nbsp;20&nbsp;mg</b><br>0.9% NaC&nbsp;10&nbsp;mL,0
33,<b>Propofol&nbsp;20&nbsp;mg</b><br>0.9% NaC&nbsp;40&nbsp;mL,0
33,<b>Propofol&nbsp;20&nbsp;mg</b><br>Acetar&nbsp;1&nbsp;mL,0
33,<b>Propofol&nbsp;20&nbsp;mg</b><br>Acetar&nbsp;1020&nbsp;mL,0
33,<b>Propofol&nbsp;20&nbsp;mg</b><br>Undilute&nbsp;0&nbsp;mL,0
33,<b>Propofol&nbsp;20&nbsp;mg</b><br>Undilute&nbsp;1&nbsp;mL,0
33,<b>Propofol&nbsp;20&nbsp;mg</b><br>Undilute&nbsp;10&nbsp;mL,0
33,<b>Propofol&nbsp;20&nbsp;mg</b><br>Undilute&nbsp;17&nbsp;mL,0
33,<b>Propofol&nbsp;20&nbsp;mg</b><br>Undilute&nbsp;2&nbsp;mL,0
33,<b>Propofol&nbsp;20&nbsp;mg</b><br>Undilute&nbsp;20&nbsp;mL,0
33,<b>Propofol&nbsp;20&nbsp;mg</b><br>Undilute&nbsp;200&nbsp;mL,0
33,<b>Propofol&nbsp;20&nbsp;mg</b><br>Undilute&nbsp;21&nbsp;mL,0
33,<b>Propofol&nbsp;20&nbsp;mg</b><br>Undilute&nbsp;40&nbsp;mL,0
33,<b>Propofol&nbsp;20&nbsp;mg</b><br>Undilute&nbsp;50&nbsp;mL,0
33,<b>Propofol&nbsp;20&nbsp;mg</b><br>Undilute&nbsp;70&nbsp;mL,0
33,<b>Propofol&nbsp;200&nbsp;g</b><br>Undilute&nbsp;20&nbsp;mL,0
33,<b>Propofol&nbsp;200&nbsp;mcg</b><br>Undilute&nbsp;20&nbsp;mL,0
33,<b>Propofol&nbsp;200&nbsp;mg</b><br>&nbsp;10&nbsp;mL,0
33,<b>Propofol&nbsp;200&nbsp;mg</b><br>&nbsp;20&nbsp;mL,0
33,<b>Propofol&nbsp;200&nbsp;mg</b><br>&nbsp;200&nbsp;mL,0
33,<b>Propofol&nbsp;200&nbsp;mg</b><br>&nbsp;22.5&nbsp;mL,0
33,<b>Propofol&nbsp;200&nbsp;mg</b><br>&nbsp;25&nbsp;mL,0
33,<b>Propofol&nbsp;200&nbsp;mg</b><br>&nbsp;40&nbsp;mL,0
33,<b>Propofol&nbsp;200&nbsp;mg</b><br>0.9% NaC&nbsp;10&nbsp;mL,0
33,<b>Propofol&nbsp;200&nbsp;mg</b><br>0.9% NaC&nbsp;100&nbsp;mL,0
33,<b>Propofol&nbsp;200&nbsp;mg</b><br>0.9% NaC&nbsp;1000&nbsp;mL,0
33,<b>Propofol&nbsp;200&nbsp;mg</b><br>0.9% NaC&nbsp;20&nbsp;mL,0
33,<b>Propofol&nbsp;200&nbsp;mg</b><br>5% D/NSS&nbsp;40&nbsp;mL,0
33,<b>Propofol&nbsp;200&nbsp;mg</b><br>5% D/W&nbsp;20&nbsp;mL,0
33,<b>Propofol&nbsp;200&nbsp;mg</b><br>5% D/W&nbsp;40&nbsp;mL,0
33,<b>Propofol&nbsp;200&nbsp;mg</b><br>Acetar&nbsp;10&nbsp;mL,0
33,<b>Propofol&nbsp;200&nbsp;mg</b><br>Acetar&nbsp;1000&nbsp;mL,0
33,<b>Propofol&nbsp;200&nbsp;mg</b><br>Acetar&nbsp;1020&nbsp;mL,0
33,<b>Propofol&nbsp;200&nbsp;mg</b><br>Acetar&nbsp;120&nbsp;mL,0
33,<b>Propofol&nbsp;200&nbsp;mg</b><br>Acetar&nbsp;1200&nbsp;mL,0
33,<b>Propofol&nbsp;200&nbsp;mg</b><br>Acetar&nbsp;20&nbsp;mL,0
33,<b>Propofol&nbsp;200&nbsp;mg</b><br>Acetar&nbsp;200&nbsp;mL,0
33,<b>Propofol&nbsp;200&nbsp;mg</b><br>Acetar&nbsp;30&nbsp;mL,0
33,<b>Propofol&nbsp;200&nbsp;mg</b><br>Acetar&nbsp;40&nbsp;mL,0
33,<b>Propofol&nbsp;200&nbsp;mg</b><br>Acetar&nbsp;500&nbsp;mL,0
33,<b>Propofol&nbsp;200&nbsp;mg</b><br>Ringer A&nbsp;20&nbsp;mL,0
33,<b>Propofol&nbsp;200&nbsp;mg</b><br>Ringer A&nbsp;220&nbsp;mL,0
33,<b>Propofol&nbsp;200&nbsp;mg</b><br>Undilute&nbsp;0&nbsp;mL,0
33,<b>Propofol&nbsp;200&nbsp;mg</b><br>Undilute&nbsp;10&nbsp;mL,0
33,<b>Propofol&nbsp;200&nbsp;mg</b><br>Undilute&nbsp;100&nbsp;mL,0
33,<b>Propofol&nbsp;200&nbsp;mg</b><br>Undilute&nbsp;120&nbsp;mL,0
33,<b>Propofol&nbsp;200&nbsp;mg</b><br>Undilute&nbsp;2&nbsp;mL,0
33,<b>Propofol&nbsp;200&nbsp;mg</b><br>Undilute&nbsp;20&nbsp;mL,0
33,<b>Propofol&nbsp;200&nbsp;mg</b><br>Undilute&nbsp;200&nbsp;mL,0
33,<b>Propofol&nbsp;200&nbsp;mg</b><br>Undilute&nbsp;21&nbsp;mL,0
33,<b>Propofol&nbsp;200&nbsp;mg</b><br>Undilute&nbsp;22&nbsp;mL,0
33,<b>Propofol&nbsp;200&nbsp;mg</b><br>Undilute&nbsp;220&nbsp;mL,0
33,<b>Propofol&nbsp;200&nbsp;mg</b><br>Undilute&nbsp;25&nbsp;mL,0
33,<b>Propofol&nbsp;200&nbsp;mg</b><br>Undilute&nbsp;26&nbsp;mL,0
33,<b>Propofol&nbsp;200&nbsp;mg</b><br>Undilute&nbsp;30&nbsp;mL,0
33,<b>Propofol&nbsp;200&nbsp;mg</b><br>Undilute&nbsp;40&nbsp;mL,0
33,<b>Propofol&nbsp;200&nbsp;mg</b><br>Undilute&nbsp;400&nbsp;mL,0
33,<b>Propofol&nbsp;200&nbsp;mg</b><br>Undilute&nbsp;50&nbsp;mL,0
33,<b>Propofol&nbsp;2000&nbsp;mg</b><br>&nbsp;100&nbsp;mL,0
33,<b>Propofol&nbsp;2000&nbsp;mg</b><br>Undilute&nbsp;100&nbsp;mL,0
33,<b>Propofol&nbsp;2000&nbsp;mg</b><br>Undilute&nbsp;20&nbsp;mL,0
33,<b>Propofol&nbsp;2000&nbsp;mg</b><br>Undilute&nbsp;200&nbsp;mL,0
33,<b>Propofol&nbsp;2000&nbsp;mg</b><br>Undilute&nbsp;40&nbsp;mL,0
33,<b>Propofol&nbsp;2000&nbsp;mg</b><br>Undilute&nbsp;50&nbsp;mL,0
33,<b>Propofol&nbsp;200000&nbsp;mcg</b><br>Undilute&nbsp;20&nbsp;mL,0
33,<b>Propofol&nbsp;220&nbsp;mg</b><br>Undilute&nbsp;22&nbsp;mL,0
33,<b>Propofol&nbsp;240&nbsp;mg</b><br>&nbsp;12&nbsp;mL,0
33,<b>Propofol&nbsp;240&nbsp;mg</b><br>Undilute&nbsp;24&nbsp;mL,0
33,<b>Propofol&nbsp;240&nbsp;mg</b><br>Undilute&nbsp;48&nbsp;mL,0
33,<b>Propofol&nbsp;25&nbsp;mg</b><br>Undilute&nbsp;140&nbsp;mL,0
33,<b>Propofol&nbsp;250&nbsp;mg</b><br>&nbsp;25&nbsp;mL,0
33,<b>Propofol&nbsp;250&nbsp;mg</b><br>0.9% NaC&nbsp;50&nbsp;mL,0
33,<b>Propofol&nbsp;250&nbsp;mg</b><br>Undilute&nbsp;0&nbsp;mL,0
33,<b>Propofol&nbsp;250&nbsp;mg</b><br>Undilute&nbsp;25&nbsp;mL,0
33,<b>Propofol&nbsp;250&nbsp;mg</b><br>Undilute&nbsp;50&nbsp;mL,0
33,<b>Propofol&nbsp;30&nbsp;mg</b><br>Undilute&nbsp;3&nbsp;mL,0
33,<b>Propofol&nbsp;30&nbsp;mg</b><br>Undilute&nbsp;6&nbsp;mL,0
33,<b>Propofol&nbsp;300&nbsp;mg</b><br>&nbsp;30&nbsp;mL,0
33,<b>Propofol&nbsp;300&nbsp;mg</b><br>Undilute&nbsp;15&nbsp;mL,0
33,<b>Propofol&nbsp;300&nbsp;mg</b><br>Undilute&nbsp;150&nbsp;mL,0
33,<b>Propofol&nbsp;300&nbsp;mg</b><br>Undilute&nbsp;30&nbsp;mL,0
33,<b>Propofol&nbsp;300&nbsp;mg</b><br>Undilute&nbsp;60&nbsp;mL,0
33,<b>Propofol&nbsp;340&nbsp;mg</b><br>Undilute&nbsp;17&nbsp;mL,0
33,<b>Propofol&nbsp;350&nbsp;mg</b><br>Undilute&nbsp;35&nbsp;mL,0
33,<b>Propofol&nbsp;360&nbsp;mg</b><br>Undilute&nbsp;0&nbsp;mL,0
33,<b>Propofol&nbsp;360&nbsp;mg</b><br>Undilute&nbsp;18&nbsp;mL,0
33,<b>Propofol&nbsp;40&nbsp;mg</b><br>0.9% NaC&nbsp;20&nbsp;mL,0
33,<b>Propofol&nbsp;40&nbsp;mg</b><br>Undilute&nbsp;1&nbsp;mL,0
33,<b>Propofol&nbsp;40&nbsp;mg</b><br>Undilute&nbsp;20&nbsp;mL,0
33,<b>Propofol&nbsp;40&nbsp;mg</b><br>Undilute&nbsp;400&nbsp;mL,0
33,<b>Propofol&nbsp;40&nbsp;mg</b><br>Undilute&nbsp;60&nbsp;mL,0
33,<b>Propofol&nbsp;400&nbsp;mcg</b><br>0.9% NaC&nbsp;20&nbsp;mL,0
33,<b>Propofol&nbsp;400&nbsp;mcg</b><br>Undilute&nbsp;20&nbsp;mL,0
33,<b>Propofol&nbsp;400&nbsp;mcg</b><br>Undilute&nbsp;40&nbsp;mL,0
33,<b>Propofol&nbsp;400&nbsp;mg</b><br>&nbsp;20&nbsp;mL,0
33,<b>Propofol&nbsp;400&nbsp;mg</b><br>&nbsp;40&nbsp;mL,0
33,<b>Propofol&nbsp;400&nbsp;mg</b><br>0.9% NaC&nbsp;20&nbsp;mL,0
33,<b>Propofol&nbsp;400&nbsp;mg</b><br>0.9% NaC&nbsp;40&nbsp;mL,0
33,<b>Propofol&nbsp;400&nbsp;mg</b><br>Acetar&nbsp;20&nbsp;mL,0
33,<b>Propofol&nbsp;400&nbsp;mg</b><br>Undilute&nbsp;0&nbsp;mL,0
33,<b>Propofol&nbsp;400&nbsp;mg</b><br>Undilute&nbsp;15&nbsp;mL,0
33,<b>Propofol&nbsp;400&nbsp;mg</b><br>Undilute&nbsp;2&nbsp;mL,0
33,<b>Propofol&nbsp;400&nbsp;mg</b><br>Undilute&nbsp;20&nbsp;mL,0
33,<b>Propofol&nbsp;400&nbsp;mg</b><br>Undilute&nbsp;25&nbsp;mL,0
33,<b>Propofol&nbsp;400&nbsp;mg</b><br>Undilute&nbsp;30&nbsp;mL,0
33,<b>Propofol&nbsp;400&nbsp;mg</b><br>Undilute&nbsp;40&nbsp;mL,0
33,<b>Propofol&nbsp;400&nbsp;mg</b><br>Undilute&nbsp;400&nbsp;mL,0
33,<b>Propofol&nbsp;400&nbsp;mg</b><br>Undilute&nbsp;50&nbsp;mL,0
33,<b>Propofol&nbsp;400&nbsp;mg</b><br>Undilute&nbsp;60&nbsp;mL,0
33,<b>Propofol&nbsp;400&nbsp;mg</b><br>Undilute&nbsp;80&nbsp;mL,0
33,<b>Propofol&nbsp;4000&nbsp;mg</b><br>Undilute&nbsp;20&nbsp;mL,0
33,<b>Propofol&nbsp;4000&nbsp;mg</b><br>Undilute&nbsp;40&nbsp;mL,0
33,<b>Propofol&nbsp;440&nbsp;mg</b><br>Undilute&nbsp;22&nbsp;mL,0
33,<b>Propofol&nbsp;50&nbsp;mg</b><br>Undilute&nbsp;10&nbsp;mL,0
33,<b>Propofol&nbsp;50&nbsp;mg</b><br>Undilute&nbsp;25&nbsp;mL,0
33,<b>Propofol&nbsp;50&nbsp;mg</b><br>Undilute&nbsp;5&nbsp;mL,0
33,<b>Propofol&nbsp;50&nbsp;mg</b><br>Undilute&nbsp;500&nbsp;mL,0
33,<b>Propofol&nbsp;500&nbsp;mcg</b><br>Undilute&nbsp;25&nbsp;mL,0
33,<b>Propofol&nbsp;500&nbsp;mg</b><br>&nbsp;25&nbsp;mL,0
33,<b>Propofol&nbsp;500&nbsp;mg</b><br>&nbsp;50&nbsp;mL,0
33,<b>Propofol&nbsp;500&nbsp;mg</b><br>0.9% NaC&nbsp;25&nbsp;mL,0
33,<b>Propofol&nbsp;500&nbsp;mg</b><br>0.9% NaC&nbsp;50&nbsp;mL,0
33,<b>Propofol&nbsp;500&nbsp;mg</b><br>Undilute&nbsp;0&nbsp;mL,0
33,<b>Propofol&nbsp;500&nbsp;mg</b><br>Undilute&nbsp;10&nbsp;mL,0
33,<b>Propofol&nbsp;500&nbsp;mg</b><br>Undilute&nbsp;100&nbsp;mL,0
33,<b>Propofol&nbsp;500&nbsp;mg</b><br>Undilute&nbsp;25&nbsp;mL,0
33,<b>Propofol&nbsp;500&nbsp;mg</b><br>Undilute&nbsp;50&nbsp;mL,0
33,<b>Propofol&nbsp;5000&nbsp;mg</b><br>Undilute&nbsp;25&nbsp;mL,0
33,<b>Propofol&nbsp;60&nbsp;mg</b><br>0.9% NaC&nbsp;6&nbsp;mL,0
33,<b>Propofol&nbsp;60&nbsp;mg</b><br>Acetar&nbsp;1050&nbsp;mL,0
33,<b>Propofol&nbsp;600&nbsp;mg</b><br>&nbsp;60&nbsp;mL,0
33,<b>Propofol&nbsp;600&nbsp;mg</b><br>0.9% NaC&nbsp;60&nbsp;mL,0
33,<b>Propofol&nbsp;600&nbsp;mg</b><br>Undilute&nbsp;120&nbsp;mL,0
33,<b>Propofol&nbsp;600&nbsp;mg</b><br>Undilute&nbsp;30&nbsp;mL,0
33,<b>Propofol&nbsp;600&nbsp;mg</b><br>Undilute&nbsp;60&nbsp;mL,0
33,<b>Propofol&nbsp;70&nbsp;mg</b><br>Undilute&nbsp;40&nbsp;mL,0
33,<b>Propofol&nbsp;700&nbsp;mg</b><br>Undilute&nbsp;35&nbsp;mL,0
33,<b>Propofol&nbsp;80&nbsp;mg</b><br>Undilute&nbsp;16&nbsp;mL,0
33,<b>Propofol&nbsp;80&nbsp;mg</b><br>Undilute&nbsp;8&nbsp;mL,0
33,<b>Propofol&nbsp;800&nbsp;mg</b><br>&nbsp;40&nbsp;mL,0
33,<b>Propofol&nbsp;800&nbsp;mg</b><br>Undilute&nbsp;40&nbsp;mL,0
33,<b>Propofol&nbsp;800&nbsp;mg</b><br>Undilute&nbsp;80&nbsp;mL,0
33,<b>Propofol&nbsp;8000&nbsp;mg</b><br>Undilute&nbsp;80&nbsp;mL,0
33,<b>Propofol&nbsp;90&nbsp;mg</b><br>Undilute&nbsp;9&nbsp;mL,0
33,<b>Propofol&nbsp;900&nbsp;mg</b><br>Undilute&nbsp;45&nbsp;mL,0
15,<b>Propofol</b>,0
15,<b>Propofol</b><br>IV,0
43,<b>Protamine&nbsp;20&nbsp;mg</b><br>0.9% NaC&nbsp;100&nbsp;mL,0
43,<b>Protamine&nbsp;50&nbsp;mg</b><br>0.9% NaC&nbsp;100&nbsp;mL,0
43,<b>Protamine&nbsp;50&nbsp;mg</b><br>0.9% NaC&nbsp;105&nbsp;mL,0
43,<b>Protamine&nbsp;500&nbsp;mg</b><br>Undilute&nbsp;10&nbsp;mL,0
28,<b>Protamine</b><br>IV,0
28,<b>Ranitidine</b><br>IV,0
35,<b>Remifentanil&nbsp;0.8&nbsp;mg</b><br>0.9% NaC&nbsp;20&nbsp;mL<br>,0
35,<b>Remifentanil&nbsp;1&nbsp;mg</b><br>&nbsp;20&nbsp;mL<br>IV,0
35,<b>Remifentanil&nbsp;1&nbsp;mg</b><br>0.9% NaC&nbsp;20&nbsp;mL<br>,0
35,<b>Remifentanil&nbsp;1&nbsp;mg</b><br>0.9% NaC&nbsp;20&nbsp;mL<br>IV,0
35,<b>Remifentanil&nbsp;1&nbsp;mg</b><br>0.9% NaC&nbsp;21&nbsp;mL<br>,0
35,<b>Remifentanil&nbsp;1&nbsp;mg</b><br>0.9% NaC&nbsp;25&nbsp;mL<br>,0
35,<b>Remifentanil&nbsp;1&nbsp;mg</b><br>0.9% NaC&nbsp;25&nbsp;mL<br>IV,0
35,<b>Remifentanil&nbsp;1&nbsp;mg</b><br>0.9% NaC&nbsp;50&nbsp;mL<br>IV,0
35,<b>Remifentanil&nbsp;100&nbsp;mcg</b><br>0.9% NaC&nbsp;20&nbsp;mL<br>,0
35,<b>Remifentanil&nbsp;100&nbsp;mcg</b><br>0.9% NaC&nbsp;20&nbsp;mL<br>IV,0
35,<b>Remifentanil&nbsp;1000&nbsp;mcg</b><br>0.9% NaC&nbsp;100&nbsp;mL<br>IV,0
35,<b>Remifentanil&nbsp;1000&nbsp;mcg</b><br>0.9% NaC&nbsp;20&nbsp;mL<br>,0
35,<b>Remifentanil&nbsp;1000&nbsp;mcg</b><br>0.9% NaC&nbsp;20&nbsp;mL<br>IV,0
35,<b>Remifentanil&nbsp;1000&nbsp;mcg</b><br>0.9% NaC&nbsp;25&nbsp;mL<br>,0
35,<b>Remifentanil&nbsp;1000&nbsp;mcg</b><br>0.9% NaC&nbsp;25&nbsp;mL<br>IV,0
35,<b>Remifentanil&nbsp;1000&nbsp;mcg</b><br>0.9% NaC&nbsp;40&nbsp;mL<br>IV,0
35,<b>Remifentanil&nbsp;1000&nbsp;mcg</b><br>0.9% NaC&nbsp;50&nbsp;mL<br>,0
35,<b>Remifentanil&nbsp;1000&nbsp;mcg</b><br>0.9% NaC&nbsp;50&nbsp;mL<br>IV,0
35,<b>Remifentanil&nbsp;1000&nbsp;mcg</b><br>0.9% NaC&nbsp;920&nbsp;mL<br>IV,0
35,<b>Remifentanil&nbsp;1000&nbsp;mcg</b><br>Undilute&nbsp;20&nbsp;mL<br>IV,0
35,<b>Remifentanil&nbsp;1000&nbsp;mg</b><br>0.9% NaC&nbsp;20&nbsp;mL<br>,0
35,<b>Remifentanil&nbsp;1000&nbsp;mg</b><br>0.9% NaC&nbsp;20&nbsp;mL<br>IV,0
35,<b>Remifentanil&nbsp;1250&nbsp;mcg</b><br>0.9% NaC&nbsp;25&nbsp;mL<br>,0
35,<b>Remifentanil&nbsp;1250&nbsp;mcg</b><br>0.9% NaC&nbsp;25&nbsp;mL<br>IV,0
35,<b>Remifentanil&nbsp;2&nbsp;mg</b><br>&nbsp;40&nbsp;mL<br>IV,0
35,<b>Remifentanil&nbsp;2&nbsp;mg</b><br>0.9% NaC&nbsp;20&nbsp;mL<br>,0
35,<b>Remifentanil&nbsp;2&nbsp;mg</b><br>0.9% NaC&nbsp;20&nbsp;mL<br>IV,0
35,<b>Remifentanil&nbsp;2&nbsp;mg</b><br>0.9% NaC&nbsp;40&nbsp;mL<br>,0
35,<b>Remifentanil&nbsp;2&nbsp;mg</b><br>0.9% NaC&nbsp;40&nbsp;mL<br>IV,0
35,<b>Remifentanil&nbsp;2&nbsp;mg</b><br>0.9% NaC&nbsp;50&nbsp;mL<br>IV,0
35,<b>Remifentanil&nbsp;2000&nbsp;mcg</b><br>0.9% NaC&nbsp;100&nbsp;mL<br>IV,0
35,<b>Remifentanil&nbsp;2000&nbsp;mcg</b><br>0.9% NaC&nbsp;20&nbsp;mL<br>,0
35,<b>Remifentanil&nbsp;2000&nbsp;mcg</b><br>0.9% NaC&nbsp;20&nbsp;mL<br>IV,0
35,<b>Remifentanil&nbsp;2000&nbsp;mcg</b><br>0.9% NaC&nbsp;40&nbsp;mL<br>,0
35,<b>Remifentanil&nbsp;2000&nbsp;mcg</b><br>0.9% NaC&nbsp;40&nbsp;mL<br>IV,0
35,<b>Remifentanil&nbsp;2000&nbsp;mcg</b><br>0.9% NaC&nbsp;50&nbsp;mL<br>,0
35,<b>Remifentanil&nbsp;2000&nbsp;mcg</b><br>0.9% NaC&nbsp;50&nbsp;mL<br>IV,0
35,<b>Remifentanil&nbsp;2000&nbsp;mcg</b><br>Undilute&nbsp;60&nbsp;mL<br>IV,0
35,<b>Remifentanil&nbsp;2000&nbsp;mg</b><br>0.9% NaC&nbsp;40&nbsp;mL<br>IV,0
35,<b>Remifentanil&nbsp;300&nbsp;mcg</b><br>0.9% NaC&nbsp;20&nbsp;mL<br>,0
35,<b>Remifentanil&nbsp;4&nbsp;mg</b><br>0.9% NaC&nbsp;20&nbsp;mL<br>,0
35,<b>Remifentanil&nbsp;40&nbsp;mcg</b><br>0.9% NaC&nbsp;1&nbsp;mL<br>,0
35,<b>Remifentanil&nbsp;40&nbsp;mcg</b><br>Undilute&nbsp;1&nbsp;mL<br>IV,0
35,<b>Remifentanil&nbsp;400&nbsp;mcg</b><br>0.9% NaC&nbsp;10&nbsp;mL<br>IV,0
35,<b>Remifentanil&nbsp;400&nbsp;mcg</b><br>0.9% NaC&nbsp;20&nbsp;mL<br>IV,0
35,<b>Remifentanil&nbsp;5&nbsp;mcg</b><br>0.9% NaC&nbsp;1&nbsp;mL<br>IV,0
35,<b>Remifentanil&nbsp;50&nbsp;mcg</b><br>0.9% NaC&nbsp;1&nbsp;mL<br>,0
35,<b>Remifentanil&nbsp;50&nbsp;mcg</b><br>0.9% NaC&nbsp;1&nbsp;mL<br>IV,0
35,<b>Remifentanil&nbsp;50&nbsp;mcg</b><br>Undilute&nbsp;1&nbsp;mL<br>,0
35,<b>Remifentanil&nbsp;50&nbsp;mcg</b><br>Undilute&nbsp;1&nbsp;mL<br>IV,0
35,<b>Remifentanil&nbsp;50&nbsp;mcg</b><br>Undilute&nbsp;2&nbsp;mL<br>IV,0
35,<b>Remifentanil&nbsp;500&nbsp;mcg</b><br>&nbsp;20&nbsp;mL<br>IV,0
35,<b>Remifentanil&nbsp;500&nbsp;mcg</b><br>0.9% NaC&nbsp;10&nbsp;mL<br>,0
35,<b>Remifentanil&nbsp;500&nbsp;mcg</b><br>0.9% NaC&nbsp;10&nbsp;mL<br>IV,0
35,<b>Remifentanil&nbsp;500&nbsp;mcg</b><br>0.9% NaC&nbsp;20&nbsp;mL<br>,0
35,<b>Remifentanil&nbsp;500&nbsp;mcg</b><br>0.9% NaC&nbsp;20&nbsp;mL<br>IV,0
35,<b>Remifentanil&nbsp;500&nbsp;mcg</b><br>0.9% NaC&nbsp;25&nbsp;mL<br>IV,0
35,<b>Remifentanil&nbsp;500&nbsp;mcg</b><br>Undilute&nbsp;10&nbsp;mL<br>IV,0
35,<b>Remifentanil&nbsp;500&nbsp;mg</b><br>0.9% NaC&nbsp;10&nbsp;mL<br>IV,0
35,<b>Remifentanil&nbsp;600&nbsp;mcg</b><br>0.9% NaC&nbsp;12&nbsp;mL<br>IV,0
35,<b>Remifentanil&nbsp;70&nbsp;mcg</b><br>0.9% NaC&nbsp;14&nbsp;mL<br>,0
35,<b>Remifentanil&nbsp;800&nbsp;mcg</b><br>0.9% NaC&nbsp;20&nbsp;mL<br>IV,0
17,<b>Remifentanil</b><br>IV,0
34,<b>Rocuronium&nbsp;10&nbsp;mg</b><br>0.9% NaC&nbsp;10&nbsp;mL,0
34,<b>Rocuronium&nbsp;10&nbsp;mg</b><br>Undilute&nbsp;1&nbsp;mL,0
34,<b>Rocuronium&nbsp;100&nbsp;mg</b><br>&nbsp;50&nbsp;mL,0
34,<b>Rocuronium&nbsp;100&nbsp;mg</b><br>0.9% NaC&nbsp;10&nbsp;mL,0
34,<b>Rocuronium&nbsp;100&nbsp;mg</b><br>0.9% NaC&nbsp;20&nbsp;mL,0
34,<b>Rocuronium&nbsp;100&nbsp;mg</b><br>0.9% NaC&nbsp;50&nbsp;mL,0
34,<b>Rocuronium&nbsp;100&nbsp;mg</b><br>Sterile&nbsp;20&nbsp;mL,0
34,<b>Rocuronium&nbsp;100&nbsp;mg</b><br>Undilute&nbsp;10&nbsp;mL,0
34,<b>Rocuronium&nbsp;120&nbsp;mg</b><br>0.9% NaC&nbsp;25&nbsp;mL,0
34,<b>Rocuronium&nbsp;20&nbsp;mg</b><br>0.9% NaC&nbsp;20&nbsp;mL,0
34,<b>Rocuronium&nbsp;20&nbsp;mg</b><br>0.9% NaC&nbsp;40&nbsp;mL,0
34,<b>Rocuronium&nbsp;200&nbsp;mg</b><br>&nbsp;20&nbsp;mL,0
34,<b>Rocuronium&nbsp;200&nbsp;mg</b><br>Undilute&nbsp;20&nbsp;mL,0
34,<b>Rocuronium&nbsp;220&nbsp;mg</b><br>5% D/W&nbsp;25&nbsp;mL,0
34,<b>Rocuronium&nbsp;225&nbsp;mg</b><br>0.9% NaC&nbsp;25&nbsp;mL,0
34,<b>Rocuronium&nbsp;40&nbsp;mg</b><br>0.9% NaC&nbsp;20&nbsp;mL,0
34,<b>Rocuronium&nbsp;5&nbsp;mg</b><br>Undilute&nbsp;1&nbsp;mL,0
34,<b>Rocuronium&nbsp;50&nbsp;mg</b><br>&nbsp;25&nbsp;mL,0
34,<b>Rocuronium&nbsp;50&nbsp;mg</b><br>&nbsp;5&nbsp;mL,0
34,<b>Rocuronium&nbsp;50&nbsp;mg</b><br>&nbsp;50&nbsp;mL,0
34,<b>Rocuronium&nbsp;50&nbsp;mg</b><br>0.9% NaC&nbsp;10&nbsp;mL,0
34,<b>Rocuronium&nbsp;50&nbsp;mg</b><br>0.9% NaC&nbsp;25&nbsp;mL,0
34,<b>Rocuronium&nbsp;50&nbsp;mg</b><br>0.9% NaC&nbsp;50&nbsp;mL,0
34,<b>Rocuronium&nbsp;50&nbsp;mg</b><br>Undilute&nbsp;5&nbsp;mL,0
34,<b>Rocuronium&nbsp;60&nbsp;mg</b><br>Sterile&nbsp;12&nbsp;mL,0
34,<b>Rocuronium&nbsp;60&nbsp;mg</b><br>Undilute&nbsp;6&nbsp;mL,0
34,<b>Rocuronium&nbsp;90&nbsp;mg</b><br>Undilute&nbsp;9&nbsp;mL,0
16,<b>Rocuronium</b><br>IV,0
46,<b>Ropivacaine&nbsp;0.1&nbsp;%</b><br>Fentanyl&nbsp;1&nbsp;mcg/ml<br>Epidural,0
47,<b>Ropivacaine&nbsp;0.12&nbsp;%</b><br>Epidural,0
47,<b>Ropivacaine&nbsp;0.15&nbsp;%</b><br>Epidural,0
47,<b>Ropivacaine&nbsp;0.2&nbsp;%</b><br>Epidural,0
47,<b>Ropivacaine&nbsp;0.2&nbsp;%</b><br>PNB Catheter,0
47,<b>Ropivacaine&nbsp;0.3&nbsp;%</b><br>Epidural,0
46,<b>Ropivacaine&nbsp;0.3&nbsp;%</b><br>Fentanyl&nbsp;3&nbsp;mcg/ml<br>Epidural,0
47,<b>Ropivacaine&nbsp;0.375&nbsp;%</b><br>Epidural,0
46,<b>Ropivacaine&nbsp;0.5&nbsp;%</b><br>Fentanyl&nbsp;2&nbsp;mcg/ml<br>Epidural,0
47,<b>Ropivacaine&nbsp;0.75&nbsp;%</b><br>Epidural,0
18,<b>Ropivacaine</b><br>&nbsp;%<br>,0
18,<b>Ropivacaine</b><br>&nbsp;%<br>Local infiltration,0
18,<b>Ropivacaine</b><br>&nbsp;%<br>Spinal,0
18,<b>Ropivacaine</b><br>0.15&nbsp;%<br>Epidural,0
18,<b>Ropivacaine</b><br>0.15&nbsp;%<br>PNB,0
18,<b>Ropivacaine</b><br>0.2&nbsp;%<br>Epidural,0
18,<b>Ropivacaine</b><br>0.2&nbsp;%<br>Local infiltration,0
18,<b>Ropivacaine</b><br>0.2&nbsp;%<br>PNB,0
18,<b>Ropivacaine</b><br>0.23&nbsp;%<br>PNB,0
18,<b>Ropivacaine</b><br>0.25&nbsp;%<br>,0
18,<b>Ropivacaine</b><br>0.25&nbsp;%<br>PNB,0
18,<b>Ropivacaine</b><br>0.25&nbsp;%<br>PNB Catheter,0
18,<b>Ropivacaine</b><br>0.26&nbsp;%<br>PNB,0
18,<b>Ropivacaine</b><br>0.28&nbsp;%<br>PNB,0
18,<b>Ropivacaine</b><br>0.3&nbsp;%<br>PNB,0
18,<b>Ropivacaine</b><br>0.3&nbsp;%<br>PNB Catheter,0
18,<b>Ropivacaine</b><br>0.32&nbsp;%<br>PNB,0
18,<b>Ropivacaine</b><br>0.33&nbsp;%<br>PNB,0
18,<b>Ropivacaine</b><br>0.37&nbsp;%<br>PNB,0
18,<b>Ropivacaine</b><br>0.38&nbsp;%<br>Epidural,0
18,<b>Ropivacaine</b><br>0.38&nbsp;%<br>Local infiltration,0
18,<b>Ropivacaine</b><br>0.38&nbsp;%<br>PNB,0
18,<b>Ropivacaine</b><br>0.4&nbsp;%<br>PNB,0
18,<b>Ropivacaine</b><br>0.45&nbsp;%<br>PNB,0
18,<b>Ropivacaine</b><br>0.5&nbsp;%<br>Epidural,0
18,<b>Ropivacaine</b><br>0.5&nbsp;%<br>Local infiltration,0
18,<b>Ropivacaine</b><br>0.5&nbsp;%<br>PNB,0
18,<b>Ropivacaine</b><br>0.5&nbsp;%<br>PNB Catheter,0
18,<b>Ropivacaine</b><br>0.5&nbsp;%<br>Spinal,0
18,<b>Ropivacaine</b><br>0.52&nbsp;%<br>PNB,0
18,<b>Ropivacaine</b><br>0.56&nbsp;%<br>PNB,0
18,<b>Ropivacaine</b><br>0.6&nbsp;%<br>PNB,0
18,<b>Ropivacaine</b><br>0.7&nbsp;%<br>PNB,0
18,<b>Ropivacaine</b><br>0.75&nbsp;%<br>,0
18,<b>Ropivacaine</b><br>0.75&nbsp;%<br>Epidural,0
18,<b>Ropivacaine</b><br>0.75&nbsp;%<br>Local infiltration,0
18,<b>Ropivacaine</b><br>0.75&nbsp;%<br>PNB,0
18,<b>Ropivacaine</b><br>0.75&nbsp;%<br>Spinal,0
18,<b>Ropivacaine</b><br>2&nbsp;%<br>Local infiltration,0
18,<b>Ropivacaine</b><br>20&nbsp;%<br>Local infiltration,0
18,<b>Ropivacaine</b><br>7.5&nbsp;%<br>Epidural,0
18,<b>Ropivacaine</b><br>7.5&nbsp;%<br>PNB,0
34,<b>S. Choline&nbsp;100&nbsp;mg</b><br>0.9% NaC&nbsp;20&nbsp;mL,0
34,<b>S. Choline&nbsp;20&nbsp;mg</b><br>0.9% NaC&nbsp;20&nbsp;mL,0
34,<b>S. Choline&nbsp;200&nbsp;mg</b><br>0.9% NaC&nbsp;20&nbsp;mL,0
34,<b>S. Choline&nbsp;5&nbsp;mg</b><br>0.9% NaC&nbsp;1&nbsp;mL,0
16,<b>S. Choline</b><br>IV,0
56,<b>SDP</b>,0
3,<b>SDP</b>,0
27,<b>Simulect (R)</b><br>IV,0
1,<b>Sterofundin</b><br>IV,0
1,<b>Sterofundin</b><br>IV<br>,0
19,<b>Sugammadex</b><br>IV,0
9,<b>Sulbactam:Ampicilin</b><br>IV,0
9,<b>Tazocin</b><br>IV,0
9,<b>Teicoplanin</b><br>IV,0
1,<b>Tetraspan</b><br>IV,0
33,<b>Thiopental&nbsp;100&nbsp;mg</b><br>Undilute&nbsp;10&nbsp;mL,0
33,<b>Thiopental&nbsp;20&nbsp;mg</b><br>Undilute&nbsp;1&nbsp;mL,0
33,<b>Thiopental&nbsp;200&nbsp;mg</b><br>Undilute&nbsp;20&nbsp;mL,0
33,<b>Thiopental&nbsp;200&nbsp;mg</b><br>Undilute&nbsp;40&nbsp;mL,0
33,<b>Thiopental&nbsp;250&nbsp;mg</b><br>0.9% NaC&nbsp;10&nbsp;mL,0
15,<b>Thiopental</b><br>IV,0
1,<b>Tower: 1, Location: 1</b><br><b><b>0.9% NaCl</b><br>IV,0
1,<b>Tower: 1, Location: 1</b><br><b><b>5% Albumin</b><br>IV,0
1,<b>Tower: 1, Location: 1</b><br><b><b>Acetar</b><br>IV,0
46,<b>Tower: 1, Location: 1</b><br><b><b>Bupivacaine&nbsp;0.125&nbsp;%</b><br>Fentanyl&nbsp;2&nbsp;mcg/ml<br>Epidural,0
1,<b>Tower: 1, Location: 1</b><br><b>0.9% NSS</b><br>IV,0
1,<b>Tower: 1, Location: 1</b><br><b>20% Mannitol</b><br>IV,0
34,<b>Tower: 1, Location: 1</b><br><b>Cisatracurium 2 mg/mL</b> <br>Undilute&nbsp;20&nbsp;mL,0
1,<b>Tower: 1, Location: 1</b><br><b>Dexmedeto</b><br>IV,0
33,<b>Tower: 1, Location: 1<br> 4 µg/mL,0
43,<b>Tower: 1, Location: 1<br>0.1%Bupi+Fentanyl 2mcg/ml 0.1 mg/mL,0
35,<b>Tower: 1, Location: 1<br>0.1%Bupi+Fentanyl 2mcg/ml 1 mg/mL,0
35,<b>Tower: 1, Location: 1<br>0.1%Bupivacain+Fentanyl 1 mg/mL,0
35,<b>Tower: 1, Location: 1<br>0.125%Bupi+Fentanyl 2mcg/ml 1 mg/mL,0
43,<b>Tower: 1, Location: 1<br>0.125%Bupi+Fentanyl 2mcg/ml 1.2 mg/mL,0
43,<b>Tower: 1, Location: 1<br>0.125%Bupi+Fentanyl 2mcg/ml 1.25 mg/mL,0
43,<b>Tower: 1, Location: 1<br>0.125%Bupivacain 1.25 mg/mL,0
43,<b>Tower: 1, Location: 1<br>0.125%Bupivacain+Fentanyl 0.13 mg/mL,0
43,<b>Tower: 1, Location: 1<br>0.125%Bupivacain+Fentanyl 1.2 mg/mL,0
35,<b>Tower: 1, Location: 1<br>0.125%Bupivacain+Fentanyl 1.25 mg/mL,0
43,<b>Tower: 1, Location: 1<br>0.125%Bupivacain+Fentanyl 1.25 mg/mL,0
43,<b>Tower: 1, Location: 1<br>0.125%Bupivacain+Fentanyl 2.5 mg/mL,0
43,<b>Tower: 1, Location: 1<br>0.125%Bupivacaine 1.67 mg/mL,0
43,<b>Tower: 1, Location: 1<br>0.2%Bupi+Fentanyl 1mcg/ml 2 mg/mL,0
34,<b>Tower: 1, Location: 1<br>0.2%Bupi+Fentanyl 2mcg/ml 2 mg/mL,0
35,<b>Tower: 1, Location: 1<br>0.2%Bupi+Fentanyl 2mcg/ml 2 mg/mL,0
33,<b>Tower: 1, Location: 1<br>0.2%Bupi+Fentanyl 2mcg/ml 2 mg/mL,0
43,<b>Tower: 1, Location: 1<br>0.2%Bupi+Fentanyl 2mcg/ml 2 mg/mL,0
39,<b>Tower: 1, Location: 1<br>0.2%Bupi+Fentanyl 2mcg/ml 2 mg/mL,0
35,<b>Tower: 1, Location: 1<br>0.2%Bupi+Fentanyl 2mcg/ml 2 mg/mL<br>Epidural,0
43,<b>Tower: 1, Location: 1<br>0.2%Bupivacain 2 mg/mL,0
43,<b>Tower: 1, Location: 1<br>0.2%Bupivacain+Fentanyl 0.2 mg/mL,0
33,<b>Tower: 1, Location: 1<br>0.2%Bupivacain+Fentanyl 2 mg/mL,0
43,<b>Tower: 1, Location: 1<br>0.2%Bupivacain+Fentanyl 2 mg/mL,0
35,<b>Tower: 1, Location: 1<br>0.2%Bupivacain+Fentanyl 2 mg/mL,0
54,<b>Tower: 1, Location: 1<br>0.2%Bupivacain+Fentanyl 2 mg/mL,0
43,<b>Tower: 1, Location: 1<br>0.2%Bupivacain+Fentanyl 2 mg/mL</b><br>0.9% NaC&nbsp;25&nbsp;mL,0
43,<b>Tower: 1, Location: 1<br>0.2%Bupivacain+Fentanyl 2.5 mg/mL,0
43,<b>Tower: 1, Location: 1<br>0.2%Bupivacaine 2 mg/mL,0
43,<b>Tower: 1, Location: 1<br>0.25%Bupi+Fentanyl 2mcg/ml 0.25 mg/mL,0
43,<b>Tower: 1, Location: 1<br>0.25%Bupi+Fentanyl 2mcg/ml 2.4 mg/mL,0
43,<b>Tower: 1, Location: 1<br>0.25%Bupi+Fentanyl 2mcg/ml 2.5 mg/mL,0
35,<b>Tower: 1, Location: 1<br>0.25%Bupi+Fentanyl 2mcg/ml 2.5 mg/mL,0
43,<b>Tower: 1, Location: 1<br>0.25%Bupivacain 0.55 mg/mL,0
43,<b>Tower: 1, Location: 1<br>0.25%Bupivacain 2.5 mg/mL,0
33,<b>Tower: 1, Location: 1<br>0.25%Bupivacain 2.5 mg/mL,0
43,<b>Tower: 1, Location: 1<br>0.25%Bupivacain 2.5 mg/mL</b><br>0.9% NaC&nbsp;40&nbsp;mL,0
43,<b>Tower: 1, Location: 1<br>0.25%Bupivacain 5 mg/mL,0
35,<b>Tower: 1, Location: 1<br>0.25%Bupivacain 5 mg/mL,0
43,<b>Tower: 1, Location: 1<br>0.25%Bupivacain+Fentanyl 0.25 mg/mL,0
43,<b>Tower: 1, Location: 1<br>0.25%Bupivacain+Fentanyl 2 mg/mL,0
43,<b>Tower: 1, Location: 1<br>0.25%Bupivacain+Fentanyl 2.4 mg/mL,0
43,<b>Tower: 1, Location: 1<br>0.25%Bupivacain+Fentanyl 2.5 mg/mL,0
39,<b>Tower: 1, Location: 1<br>0.25%Bupivacain+Fentanyl 2.5 mg/mL,0
35,<b>Tower: 1, Location: 1<br>0.25%Bupivacain+Fentanyl 2.5 mg/mL,0
43,<b>Tower: 1, Location: 1<br>0.25%Bupivacaine 0.5 mg/mL,0
43,<b>Tower: 1, Location: 1<br>0.25%Bupivacaine 2.5 mg/mL,0
1,<b>Tower: 1, Location: 1<br>0.9% NaCl</b><br>IV,0
1,<b>Tower: 1, Location: 1<br>0.9% NSS </b><br>IV,0
43,<b>Tower: 1, Location: 1<br>10%Calcium gluconate 100 mg/mL,0
49,<b>Tower: 1, Location: 1<br>20% Mannitol </b>,0
1,<b>Tower: 1, Location: 1<br>20% Mannitol </b><br>IV,0
49,<b>Tower: 1, Location: 1<br>20% Mannitol</b>,0
1,<b>Tower: 1, Location: 1<br>40% Dextran </b><br>IV,0
1,<b>Tower: 1, Location: 1<br>5% Albumin </b><br>IV,0
1,<b>Tower: 1, Location: 1<br>5% Albumin</b><br>IV,0
1,<b>Tower: 1, Location: 1<br>5% D/N/2 </b><br>IV,0
1,<b>Tower: 1, Location: 1<br>5% D/N/2</b><br>IV,0
1,<b>Tower: 1, Location: 1<br>5% D/NSS </b><br>IV,0
1,<b>Tower: 1, Location: 1<br>5% D/NSS</b><br>IV,0
1,<b>Tower: 1, Location: 1<br>5% D/W</b><br>IV,0
1,<b>Tower: 1, Location: 1<br>Acetar </b><br>IV,0
1,<b>Tower: 1, Location: 1<br>Acetar</b><br>IV,0
34,<b>Tower: 1, Location: 1<br>Atracurium 10 mg/mL,0
34,<b>Tower: 1, Location: 1<br>Atracurium 5 mg/mL,0
33,<b>Tower: 1, Location: 1<br>Bupivacaine 1.5 mg/mL,0
43,<b>Tower: 1, Location: 1<br>Bupivacaine 2.5 mg/mL,0
46,<b>Tower: 1, Location: 1<br>Bupivacaine&nbsp;0.125&nbsp;%</b><br>Fentanyl&nbsp;1&nbsp;mcg/ml<br>Epidural,0
46,<b>Tower: 1, Location: 1<br>Bupivacaine&nbsp;0.2&nbsp;%</b><br>Fentanyl&nbsp;&nbsp;<br>Epidural,0
46,<b>Tower: 1, Location: 1<br>Bupivacaine&nbsp;0.2&nbsp;%</b><br>Fentanyl&nbsp;2&nbsp;mcg/ml<br>Epidural,0
46,<b>Tower: 1, Location: 1<br>Bupivacaine&nbsp;0.2&nbsp;%</b><br>Fentanyl&nbsp;3&nbsp;mcg/ml<br>Epidural,0
47,<b>Tower: 1, Location: 1<br>Bupivacaine&nbsp;0.25&nbsp;%</b><br>Epidural,0
46,<b>Tower: 1, Location: 1<br>Bupivacaine&nbsp;0.25&nbsp;%</b><br>Fentanyl&nbsp;2&nbsp;mcg/ml<br>Epidural,0
46,<b>Tower: 1, Location: 1<br>Bupivacaine&nbsp;0.25&nbsp;%</b><br>Fentanyl&nbsp;2.5&nbsp;mcg/ml<br>Epidural,0
47,<b>Tower: 1, Location: 1<br>Bupivacaine&nbsp;0.25&nbsp;%</b><br>PNB Catheter,0
34,<b>Tower: 1, Location: 1<br>Cisatracurium 0.3 mg/mL,0
34,<b>Tower: 1, Location: 1<br>Cisatracurium 0.5 mg/mL,0
34,<b>Tower: 1, Location: 1<br>Cisatracurium 1 mg/mL,0
33,<b>Tower: 1, Location: 1<br>Cisatracurium 1 mg/mL,0
39,<b>Tower: 1, Location: 1<br>Cisatracurium 1 mg/mL,0
35,<b>Tower: 1, Location: 1<br>Cisatracurium 1 mg/mL,0
34,<b>Tower: 1, Location: 1<br>Cisatracurium 2 mg/mL,0
33,<b>Tower: 1, Location: 1<br>Cisatracurium 2 mg/mL,0
47,<b>Tower: 1, Location: 1<br>Dexmedeto &nbsp;&nbsp;%</b>,0
1,<b>Tower: 1, Location: 1<br>Dexmedeto </b><br>IV,0
34,<b>Tower: 1, Location: 1<br>Dexmedeto 0 mg/mL,0
33,<b>Tower: 1, Location: 1<br>Dexmedeto 0 mg/mL,0
33,<b>Tower: 1, Location: 1<br>Dexmedeto 0.01 mg/mL,0
43,<b>Tower: 1, Location: 1<br>Dexmedeto 4 mg/mL,0
34,<b>Tower: 1, Location: 1<br>Dexmedetomidine 4 µg/mL,0
33,<b>Tower: 1, Location: 1<br>Dexmedetomidine 4 µg/mL,0
33,<b>Tower: 1, Location: 1<br>Dexmedetomidine 5 µg/mL,0
33,<b>Tower: 1, Location: 1<br>Dopamine 1 mg/mL,0
39,<b>Tower: 1, Location: 1<br>Dopamine 1 mg/mL,0
38,<b>Tower: 1, Location: 1<br>Dopamine 1 mg/mL,0
33,<b>Tower: 1, Location: 1<br>Dopamine 2 mg/mL,0
39,<b>Tower: 1, Location: 1<br>Dopamine 2 mg/mL,0
39,<b>Tower: 1, Location: 1<br>Dopamine 3 mg/mL,0
39,<b>Tower: 1, Location: 1<br>Epinephine 0.1 mg/mL,0
38,<b>Tower: 1, Location: 1<br>Esmolol 10 mg/mL,0
38,<b>Tower: 1, Location: 1<br>Esmolol 5 mg/mL,0
39,<b>Tower: 1, Location: 1<br>Fentanyl 0.04 mg/mL,0
35,<b>Tower: 1, Location: 1<br>Fentanyl 1 µg/mL,0
34,<b>Tower: 1, Location: 1<br>Fentanyl 10 µg/mL,0
33,<b>Tower: 1, Location: 1<br>Fentanyl 10 µg/mL,0
35,<b>Tower: 1, Location: 1<br>Fentanyl 10 µg/mL,0
39,<b>Tower: 1, Location: 1<br>Fentanyl 10 µg/mL,0
35,<b>Tower: 1, Location: 1<br>Fentanyl 2 µg/mL,0
37,<b>Tower: 1, Location: 1<br>Furosemide 12.5 mg/mL,0
43,<b>Tower: 1, Location: 1<br>Heparin Sodium 1 mg/mL,0
42,<b>Tower: 1, Location: 1<br>Hydrocortisone 1 mg/mL,0
43,<b>Tower: 1, Location: 1<br>Insulin null null,0
33,<b>Tower: 1, Location: 1<br>Ketamine 1 mg/mL,0
54,<b>Tower: 1, Location: 1<br>Ketamine 1 mg/mL</b><br>0.9% NaC&nbsp;25&nbsp;mL,0
33,<b>Tower: 1, Location: 1<br>Ketamine 10 mg/mL,0
43,<b>Tower: 1, Location: 1<br>Lidocaine 1 mg/mL,0
43,<b>Tower: 1, Location: 1<br>Lidocaine 10 mg/mL,0
43,<b>Tower: 1, Location: 1<br>Lidocaine 10 mg/mL</b><br>0.9% NaC&nbsp;10&nbsp;mL,0
35,<b>Tower: 1, Location: 1<br>Morphine sulfate 1 mg/mL,0
40,<b>Tower: 1, Location: 1<br>Nicardipine 0.2 mg/mL,0
38,<b>Tower: 1, Location: 1<br>Nicardipine 0.2 mg/mL,0
1,<b>Tower: 1, Location: 1<br>Nitroglycerin </b><br>IV,0
38,<b>Tower: 1, Location: 1<br>Nitroglycerin 0.1 mg/mL,0
39,<b>Tower: 1, Location: 1<br>Nitroglycerin 0.2 mg/mL,0
43,<b>Tower: 1, Location: 1<br>Nitroglycerin 0.2 mg/mL,0
38,<b>Tower: 1, Location: 1<br>Nitroglycerin 0.2 mg/mL,0
43,<b>Tower: 1, Location: 1<br>Nitroglycerin 0.2 mg/mL</b><br>0.9% NaC&nbsp;25&nbsp;mL,0
38,<b>Tower: 1, Location: 1<br>Nitroglycerin 0.25 mg/mL,0
38,<b>Tower: 1, Location: 1<br>Nitroglycerin 0.4 mg/mL,0
43,<b>Tower: 1, Location: 1<br>Nitroglycerin 0.4 mg/mL,0
43,<b>Tower: 1, Location: 1<br>Nitroglycerin 0.5 mg/mL,0
38,<b>Tower: 1, Location: 1<br>Nitroglycerin 0.5 mg/mL,0
35,<b>Tower: 1, Location: 1<br>Nitroglycerin 1 mg/mL,0
38,<b>Tower: 1, Location: 1<br>Nitroglycerin 1 mg/mL,0
47,<b>Tower: 1, Location: 1<br>Norepinephrine &nbsp;&nbsp;%</b>,0
1,<b>Tower: 1, Location: 1<br>Norepinephrine </b><br>IV,0
39,<b>Tower: 1, Location: 1<br>Norepinephrine 0 mg/mL,0
39,<b>Tower: 1, Location: 1<br>Norepinephrine 0.01 mg/mL,0
39,<b>Tower: 1, Location: 1<br>Norepinephrine 0.01 mg/mL</b><br>0.9% NaC&nbsp;50&nbsp;mL,0
33,<b>Tower: 1, Location: 1<br>Norepinephrine 0.02 mg/mL,0
39,<b>Tower: 1, Location: 1<br>Norepinephrine 0.02 mg/mL,0
39,<b>Tower: 1, Location: 1<br>Norepinephrine 0.04 mg/mL,0
34,<b>Tower: 1, Location: 1<br>Norepinephrine 0.04 mg/mL,0
33,<b>Tower: 1, Location: 1<br>Norepinephrine 0.04 mg/mL,0
43,<b>Tower: 1, Location: 1<br>Norepinephrine 0.04 mg/mL,0
39,<b>Tower: 1, Location: 1<br>Norepinephrine 0.04 mg/mL</b><br>5% D/W&nbsp;25&nbsp;mL,0
33,<b>Tower: 1, Location: 1<br>Norepinephrine 0.08 mg/mL,0
39,<b>Tower: 1, Location: 1<br>Norepinephrine 0.08 mg/mL,0
39,<b>Tower: 1, Location: 1<br>Norepinephrine 0.1 mg/mL,0
39,<b>Tower: 1, Location: 1<br>Norepinephrine 2 mg/mL,0
39,<b>Tower: 1, Location: 1<br>Norepinephrine 40 mg/mL,0
1,<b>Tower: 1, Location: 1<br>Phenylephrine </b><br>IV,0
33,<b>Tower: 1, Location: 1<br>Propofol 10 mg/mL,0
33,<b>Tower: 1, Location: 1<br>Propofol 10 mg/mL</b><br>Undilute&nbsp;10&nbsp;mL,0
33,<b>Tower: 1, Location: 1<br>Propofol 20 mg/mL,0
1,<b>Tower: 1, Location: 1<br>Propofol(mcg) </b><br>IV,0
33,<b>Tower: 1, Location: 1<br>Propofol(mcg) 10 mg/mL,0
35,<b>Tower: 1, Location: 1<br>Propofol(mcg) 10 mg/mL,0
33,<b>Tower: 1, Location: 1<br>Propofol(mcg) 20 mg/mL,0
34,<b>Tower: 1, Location: 1<br>Rocuronium 10 mg/mL,0
34,<b>Tower: 1, Location: 1<br>Rocuronium 5 mg/mL,0
34,<b>Tower: 1, Location: 1<br>TCI Propofol 10 mg/mL,0
33,<b>Tower: 1, Location: 1<br>TCI Propofol 10 mg/mL,0
33,<b>Tower: 1, Location: 1<br>TCI Propofol 20 mg/mL,0
38,<b>Tower: 1, Location: 1<br>TCI Propofol 20 mg/mL,0
39,<b>Tower: 1, Location: 1<br>TCI Propofol 20 mg/mL,0
43,<b>Tower: 1, Location: 1<br>Tranexamic acid 10 mg/mL,0
43,<b>Tower: 1, Location: 1<br>Tranexamic acid 100 mg/mL,0
43,<b>Tower: 1, Location: 1<br>Tranexamic acid 20 mg/mL,0
43,<b>Tower: 1, Location: 1<br>Tranexamic acid 25 mg/mL,0
34,<b>Tower: 1, Location: 1<br>Tranexamic acid 25 mg/mL,0
43,<b>Tower: 1, Location: 1<br>Tranexamic acid 50 mg/mL,0
55,<b>Tower: 1, Location: 1<br>Vancomycin 10 mg/mL,0
1,<b>Tower: 1, Location: 1<br>Volulyte </b><br>IV,0
1,<b>Tower: 1, Location: 2</b><br><b><b>Acetar</b><br>IV,0
46,<b>Tower: 1, Location: 2</b><br><b><b>Bupivacaine&nbsp;0.125&nbsp;%</b><br>Fentanyl&nbsp;2&nbsp;mcg/ml<br>Epidural,0
1,<b>Tower: 1, Location: 2</b><br><b>7.5% NaHCO3</b><br>IV,0
35,<b>Tower: 1, Location: 2</b><br><b>Fentanyl 10 µg/mL</b> <br>&nbsp;1&nbsp;mL<br>IV,0
33,<b>Tower: 1, Location: 2<br> 4 µg/mL,0
33,<b>Tower: 1, Location: 2<br>0.1%Bupi+Fentanyl 2mcg/ml 1 mg/mL,0
43,<b>Tower: 1, Location: 2<br>0.1%Bupivacain 1 mg/mL,0
39,<b>Tower: 1, Location: 2<br>0.1%Bupivacain 1 mg/mL,0
43,<b>Tower: 1, Location: 2<br>0.1%Bupivacain+Fentanyl 1 mg/mL,0
35,<b>Tower: 1, Location: 2<br>0.1%Bupivacain+Fentanyl 1 mg/mL,0
35,<b>Tower: 1, Location: 2<br>0.1%Bupivacaine 1 mg/mL,0
43,<b>Tower: 1, Location: 2<br>0.1%Bupivacaine 1 mg/mL,0
43,<b>Tower: 1, Location: 2<br>0.125%Bupi+Fentanyl 2mcg/ml 1.25 mg/mL,0
33,<b>Tower: 1, Location: 2<br>0.125%Bupivacain 1.25 mg/mL,0
43,<b>Tower: 1, Location: 2<br>0.125%Bupivacain 1.25 mg/mL,0
33,<b>Tower: 1, Location: 2<br>0.125%Bupivacain+Fentanyl 1 mg/mL,0
43,<b>Tower: 1, Location: 2<br>0.125%Bupivacain+Fentanyl 1.25 mg/mL,0
38,<b>Tower: 1, Location: 2<br>0.125%Bupivacain+Fentanyl 1.25 mg/mL,0
39,<b>Tower: 1, Location: 2<br>0.125%Bupivacain+Fentanyl 1.25 mg/mL,0
40,<b>Tower: 1, Location: 2<br>0.2%Bupi+Fentanyl 2mcg/ml 2 mg/mL,0
35,<b>Tower: 1, Location: 2<br>0.2%Bupi+Fentanyl 2mcg/ml 2 mg/mL,0
54,<b>Tower: 1, Location: 2<br>0.2%Bupi+Fentanyl 2mcg/ml 2 mg/mL,0
33,<b>Tower: 1, Location: 2<br>0.2%Bupi+Fentanyl 2mcg/ml 2 mg/mL,0
43,<b>Tower: 1, Location: 2<br>0.2%Bupi+Fentanyl 2mcg/ml 2 mg/mL,0
38,<b>Tower: 1, Location: 2<br>0.2%Bupivacain 2 mg/mL,0
43,<b>Tower: 1, Location: 2<br>0.2%Bupivacain 2 mg/mL,0
43,<b>Tower: 1, Location: 2<br>0.2%Bupivacain+Fentanyl 0.2 mg/mL,0
35,<b>Tower: 1, Location: 2<br>0.2%Bupivacain+Fentanyl 1.88 mg/mL,0
34,<b>Tower: 1, Location: 2<br>0.2%Bupivacain+Fentanyl 2 mg/mL,0
35,<b>Tower: 1, Location: 2<br>0.2%Bupivacain+Fentanyl 2 mg/mL,0
54,<b>Tower: 1, Location: 2<br>0.2%Bupivacain+Fentanyl 2 mg/mL,0
55,<b>Tower: 1, Location: 2<br>0.2%Bupivacain+Fentanyl 2 mg/mL,0
33,<b>Tower: 1, Location: 2<br>0.2%Bupivacain+Fentanyl 2 mg/mL,0
43,<b>Tower: 1, Location: 2<br>0.2%Bupivacain+Fentanyl 2 mg/mL,0
35,<b>Tower: 1, Location: 2<br>0.2%Bupivacain+Fentanyl 2 mg/mL</b><br>0.9% NaC&nbsp;25&nbsp;mL<br>Epidural,0
35,<b>Tower: 1, Location: 2<br>0.2%Bupivacain+Fentanyl 2 mg/mL</b><br>Undilute&nbsp;50&nbsp;mL<br>Epidural,0
43,<b>Tower: 1, Location: 2<br>0.2%Bupivacain+Fentanyl 2.5 mg/mL,0
43,<b>Tower: 1, Location: 2<br>0.2%Bupivacaine 2 mg/mL,0
35,<b>Tower: 1, Location: 2<br>0.25%Bupi+Fentanyl 2mcg/ml 2.5 mg/mL,0
43,<b>Tower: 1, Location: 2<br>0.25%Bupi+Fentanyl 2mcg/ml 2.5 mg/mL,0
43,<b>Tower: 1, Location: 2<br>0.25%Bupivacain 0.5 mg/mL,0
41,<b>Tower: 1, Location: 2<br>0.25%Bupivacain 2.5 mg/mL,0
43,<b>Tower: 1, Location: 2<br>0.25%Bupivacain 2.5 mg/mL,0
55,<b>Tower: 1, Location: 2<br>0.25%Bupivacain 2.5 mg/mL,0
43,<b>Tower: 1, Location: 2<br>0.25%Bupivacain+Fentanyl 1.25 mg/mL</b><br>0.9% NaC&nbsp;20&nbsp;mL,0
43,<b>Tower: 1, Location: 2<br>0.25%Bupivacain+Fentanyl 2.5 mg/mL,0
33,<b>Tower: 1, Location: 2<br>0.25%Bupivacain+Fentanyl 2.5 mg/mL,0
54,<b>Tower: 1, Location: 2<br>0.25%Bupivacain+Fentanyl 2.5 mg/mL,0
35,<b>Tower: 1, Location: 2<br>0.25%Bupivacain+Fentanyl 2.5 mg/mL,0
43,<b>Tower: 1, Location: 2<br>0.25%Bupivacaine 1.25 mg/mL,0
43,<b>Tower: 1, Location: 2<br>0.25%Bupivacaine 2.5 mg/mL,0
43,<b>Tower: 1, Location: 2<br>0.25%Levobupivacaine 1.25 mg/mL,0
35,<b>Tower: 1, Location: 2<br>0.375%Bupi+Fentanyl 2mcg/ml 3.75 mg/mL,0
1,<b>Tower: 1, Location: 2<br>0.9% NaCl</b><br>IV,0
1,<b>Tower: 1, Location: 2<br>0.9% NaCl</b><br>IV<br>KCl 20 mEq,0
1,<b>Tower: 1, Location: 2<br>0.9% NSS </b><br>IV,0
1,<b>Tower: 1, Location: 2<br>10% D/N/2</b><br>IV,0
1,<b>Tower: 1, Location: 2<br>20% Albumin </b><br>IV,0
49,<b>Tower: 1, Location: 2<br>20% Mannitol </b>,0
1,<b>Tower: 1, Location: 2<br>20% Mannitol </b><br>IV,0
1,<b>Tower: 1, Location: 2<br>5% Albumin </b><br>IV,0
1,<b>Tower: 1, Location: 2<br>5% Albumin</b><br>IV,0
1,<b>Tower: 1, Location: 2<br>5% D/N/2 </b><br>IV,0
1,<b>Tower: 1, Location: 2<br>5% D/N/2</b><br>IV,0
1,<b>Tower: 1, Location: 2<br>7.5% NaHCO3 </b><br>IV,0
1,<b>Tower: 1, Location: 2<br>Acetar </b><br>IV,0
1,<b>Tower: 1, Location: 2<br>Acetar</b><br>IV,0
34,<b>Tower: 1, Location: 2<br>Atracurium 10 mg/mL,0
34,<b>Tower: 1, Location: 2<br>Atracurium 2 mg/mL,0
46,<b>Tower: 1, Location: 2<br>Bupivacaine&nbsp;0.1&nbsp;%</b><br>Fentanyl&nbsp;2&nbsp;mcg/ml<br>Epidural,0
46,<b>Tower: 1, Location: 2<br>Bupivacaine&nbsp;0.14&nbsp;%</b><br>Fentanyl&nbsp;2&nbsp;mcg/ml<br>Epidural,0
46,<b>Tower: 1, Location: 2<br>Bupivacaine&nbsp;0.15&nbsp;%</b><br>Fentanyl&nbsp;3&nbsp;mcg/ml<br>Epidural,0
47,<b>Tower: 1, Location: 2<br>Bupivacaine&nbsp;0.2&nbsp;%</b><br>Epidural,0
46,<b>Tower: 1, Location: 2<br>Bupivacaine&nbsp;0.2&nbsp;%</b><br>Fentanyl&nbsp;2&nbsp;mcg/ml<br>Epidural,0
46,<b>Tower: 1, Location: 2<br>Bupivacaine&nbsp;0.2&nbsp;%</b><br>Morphine&nbsp;40&nbsp;mcg/ml<br>Epidural,0
47,<b>Tower: 1, Location: 2<br>Bupivacaine&nbsp;0.25&nbsp;%</b><br>Epidural,0
43,<b>Tower: 1, Location: 2<br>Calcium gluconate 100 mg/mL,0
1,<b>Tower: 1, Location: 2<br>Cisatracurium </b><br>IV,0
34,<b>Tower: 1, Location: 2<br>Cisatracurium 0.15 mg/mL,0
34,<b>Tower: 1, Location: 2<br>Cisatracurium 0.25 mg/mL,0
34,<b>Tower: 1, Location: 2<br>Cisatracurium 0.4 mg/mL,0
34,<b>Tower: 1, Location: 2<br>Cisatracurium 0.5 mg/mL,0
33,<b>Tower: 1, Location: 2<br>Cisatracurium 0.5 mg/mL,0
55,<b>Tower: 1, Location: 2<br>Cisatracurium 0.5 mg/mL,0
35,<b>Tower: 1, Location: 2<br>Cisatracurium 1 mg/mL,0
38,<b>Tower: 1, Location: 2<br>Cisatracurium 1 mg/mL,0
39,<b>Tower: 1, Location: 2<br>Cisatracurium 1 mg/mL,0
42,<b>Tower: 1, Location: 2<br>Cisatracurium 1 mg/mL,0
55,<b>Tower: 1, Location: 2<br>Cisatracurium 1 mg/mL,0
33,<b>Tower: 1, Location: 2<br>Cisatracurium 1 mg/mL,0
34,<b>Tower: 1, Location: 2<br>Cisatracurium 1 mg/mL,0
34,<b>Tower: 1, Location: 2<br>Cisatracurium 1 mg/mL</b><br>0.9% NaC&nbsp;10&nbsp;mL,0
34,<b>Tower: 1, Location: 2<br>Cisatracurium 1 mg/mL</b><br>0.9% NaC&nbsp;20&nbsp;mL,0
34,<b>Tower: 1, Location: 2<br>Cisatracurium 2 mg/mL,0
1,<b>Tower: 1, Location: 2<br>Dexmedeto </b><br>IV,0
54,<b>Tower: 1, Location: 2<br>Dexmedeto 0 mg/mL,0
33,<b>Tower: 1, Location: 2<br>Dexmedeto 0 mg/mL,0
39,<b>Tower: 1, Location: 2<br>Dexmedeto 0 mg/mL,0
33,<b>Tower: 1, Location: 2<br>Dexmedeto 0 mg/mL</b><br>0.9% NaC&nbsp;20&nbsp;mL,0
33,<b>Tower: 1, Location: 2<br>Dexmedeto 0 mg/mL</b><br>0.9% NaC&nbsp;24&nbsp;mL,0
33,<b>Tower: 1, Location: 2<br>Dexmedeto 0.01 mg/mL,0
33,<b>Tower: 1, Location: 2<br>Dexmedeto 0.04 mg/mL,0
43,<b>Tower: 1, Location: 2<br>Dexmedeto 4 µg/mL,0
33,<b>Tower: 1, Location: 2<br>Dexmedeto 4 mg/mL,0
33,<b>Tower: 1, Location: 2<br>Dexmedetomidine 2 µg/mL,0
33,<b>Tower: 1, Location: 2<br>Dexmedetomidine 4 µg/mL,0
35,<b>Tower: 1, Location: 2<br>Dexmedetomidine 4 µg/mL,0
39,<b>Tower: 1, Location: 2<br>Dobutamine 2 mg/mL,0
39,<b>Tower: 1, Location: 2<br>Dopamine 1 mg/mL,0
39,<b>Tower: 1, Location: 2<br>Dopamine 2 mg/mL,0
35,<b>Tower: 1, Location: 2<br>Dopamine 2 mg/mL,0
38,<b>Tower: 1, Location: 2<br>Dopamine 2 mg/mL,0
39,<b>Tower: 1, Location: 2<br>Epinephine 0.04 mg/mL,0
39,<b>Tower: 1, Location: 2<br>Epinephine 0.1 mg/mL,0
38,<b>Tower: 1, Location: 2<br>Esmolol 1 mg/mL,0
38,<b>Tower: 1, Location: 2<br>Esmolol 5 mg/mL,0
35,<b>Tower: 1, Location: 2<br>Fentanyl 10 µg/mL,0
38,<b>Tower: 1, Location: 2<br>Fentanyl 10 µg/mL,0
39,<b>Tower: 1, Location: 2<br>Fentanyl 10 µg/mL,0
42,<b>Tower: 1, Location: 2<br>Fentanyl 10 µg/mL,0
55,<b>Tower: 1, Location: 2<br>Fentanyl 10 µg/mL,0
34,<b>Tower: 1, Location: 2<br>Fentanyl 10 µg/mL,0
33,<b>Tower: 1, Location: 2<br>Fentanyl 10 µg/mL,0
40,<b>Tower: 1, Location: 2<br>Fentanyl 10 µg/mL,0
43,<b>Tower: 1, Location: 2<br>Fentanyl 10 µg/mL,0
35,<b>Tower: 1, Location: 2<br>Fentanyl 10 µg/mL</b><br>0.9% NaC&nbsp;20&nbsp;mL<br>IV,0
33,<b>Tower: 1, Location: 2<br>Fentanyl 20 µg/mL,0
35,<b>Tower: 1, Location: 2<br>Fentanyl 5 µg/mL,0
35,<b>Tower: 1, Location: 2<br>Fentanyl 6 µg/mL,0
43,<b>Tower: 1, Location: 2<br>Heparin Sodium 1 mg/mL,0
43,<b>Tower: 1, Location: 2<br>Insulin null null,0
1,<b>Tower: 1, Location: 2<br>KCl </b><br>IV,0
33,<b>Tower: 1, Location: 2<br>Ketamine 1 mg/mL,0
33,<b>Tower: 1, Location: 2<br>Ketamine 2 mg/mL,0
33,<b>Tower: 1, Location: 2<br>Ketamine 5 mg/mL,0
34,<b>Tower: 1, Location: 2<br>Labetalol 1 mg/mL,0
43,<b>Tower: 1, Location: 2<br>Lidocaine 10 mg/mL,0
43,<b>Tower: 1, Location: 2<br>Lidocaine 20 mg/mL,0
47,<b>Tower: 1, Location: 2<br>Lidocaine&nbsp;1&nbsp;%</b><br>Epidural,0
47,<b>Tower: 1, Location: 2<br>Lidocaine&nbsp;2&nbsp;%</b><br>Epidural,0
35,<b>Tower: 1, Location: 2<br>Morphine sulfate 0.4 mg/mL,0
35,<b>Tower: 1, Location: 2<br>Morphine sulfate 1 mg/mL,0
38,<b>Tower: 1, Location: 2<br>Nicardipine 0.1 mg/mL,0
33,<b>Tower: 1, Location: 2<br>Nicardipine 0.2 mg/mL,0
43,<b>Tower: 1, Location: 2<br>Nicardipine 0.2 mg/mL,0
38,<b>Tower: 1, Location: 2<br>Nicardipine 0.2 mg/mL,0
38,<b>Tower: 1, Location: 2<br>Nitroglycerin 0.1 mg/mL,0
39,<b>Tower: 1, Location: 2<br>Nitroglycerin 0.1 mg/mL,0
43,<b>Tower: 1, Location: 2<br>Nitroglycerin 0.2 mg/mL,0
33,<b>Tower: 1, Location: 2<br>Nitroglycerin 0.2 mg/mL,0
39,<b>Tower: 1, Location: 2<br>Nitroglycerin 0.2 mg/mL,0
38,<b>Tower: 1, Location: 2<br>Nitroglycerin 0.2 mg/mL,0
38,<b>Tower: 1, Location: 2<br>Nitroglycerin 0.4 mg/mL,0
38,<b>Tower: 1, Location: 2<br>Nitroglycerin 0.5 mg/mL,0
43,<b>Tower: 1, Location: 2<br>Nitroglycerin 1 mg/mL,0
49,<b>Tower: 1, Location: 2<br>Norepinephrine </b>,0
1,<b>Tower: 1, Location: 2<br>Norepinephrine </b><br>IV,0
33,<b>Tower: 1, Location: 2<br>Norepinephrine 0 mg/mL,0
39,<b>Tower: 1, Location: 2<br>Norepinephrine 0 mg/mL,0
34,<b>Tower: 1, Location: 2<br>Norepinephrine 0.01 mg/mL,0
33,<b>Tower: 1, Location: 2<br>Norepinephrine 0.01 mg/mL,0
39,<b>Tower: 1, Location: 2<br>Norepinephrine 0.01 mg/mL,0
35,<b>Tower: 1, Location: 2<br>Norepinephrine 0.02 mg/mL,0
39,<b>Tower: 1, Location: 2<br>Norepinephrine 0.02 mg/mL,0
39,<b>Tower: 1, Location: 2<br>Norepinephrine 0.04 mg/mL,0
42,<b>Tower: 1, Location: 2<br>Norepinephrine 0.04 mg/mL,0
35,<b>Tower: 1, Location: 2<br>Norepinephrine 0.04 mg/mL,0
33,<b>Tower: 1, Location: 2<br>Norepinephrine 0.04 mg/mL,0
43,<b>Tower: 1, Location: 2<br>Norepinephrine 0.04 mg/mL,0
34,<b>Tower: 1, Location: 2<br>Norepinephrine 0.04 mg/mL,0
40,<b>Tower: 1, Location: 2<br>Norepinephrine 0.04 mg/mL,0
39,<b>Tower: 1, Location: 2<br>Norepinephrine 0.04 mg/mL</b><br>0.9% NaC&nbsp;25&nbsp;mL,0
39,<b>Tower: 1, Location: 2<br>Norepinephrine 0.08 mg/mL,0
55,<b>Tower: 1, Location: 2<br>Norepinephrine 0.08 mg/mL,0
33,<b>Tower: 1, Location: 2<br>Norepinephrine 0.1 mg/mL,0
39,<b>Tower: 1, Location: 2<br>Norepinephrine 0.1 mg/mL,0
39,<b>Tower: 1, Location: 2<br>Norepinephrine 0.16 mg/mL,0
39,<b>Tower: 1, Location: 2<br>Norepinephrine 0.4 mg/mL,0
39,<b>Tower: 1, Location: 2<br>Norepinephrine 20 mg/mL,0
43,<b>Tower: 1, Location: 2<br>Paracetamol 10 mg/mL,0
1,<b>Tower: 1, Location: 2<br>PRC </b><br>IV,0
47,<b>Tower: 1, Location: 2<br>Propofol &nbsp;&nbsp;%</b>,0
33,<b>Tower: 1, Location: 2<br>Propofol 10 mg/mL,0
34,<b>Tower: 1, Location: 2<br>Propofol 10 mg/mL,0
39,<b>Tower: 1, Location: 2<br>Propofol 10 mg/mL,0
55,<b>Tower: 1, Location: 2<br>Propofol 10 mg/mL,0
35,<b>Tower: 1, Location: 2<br>Propofol 10 mg/mL,0
38,<b>Tower: 1, Location: 2<br>Propofol 10 mg/mL,0
33,<b>Tower: 1, Location: 2<br>Propofol 20 mg/mL,0
34,<b>Tower: 1, Location: 2<br>Propofol 20 mg/mL,0
37,<b>Tower: 1, Location: 2<br>Propofol 20 mg/mL,0
42,<b>Tower: 1, Location: 2<br>Propofol 20 mg/mL,0
38,<b>Tower: 1, Location: 2<br>Propofol 20 mg/mL,0
33,<b>Tower: 1, Location: 2<br>Propofol(mcg) 10 mg/mL,0
43,<b>Tower: 1, Location: 2<br>Propofol(mcg) 10 mg/mL,0
33,<b>Tower: 1, Location: 2<br>Propofol(mcg) 20 mg/mL,0
1,<b>Tower: 1, Location: 2<br>TCI Propofol </b><br>IV,0
33,<b>Tower: 1, Location: 2<br>TCI Propofol 10 mg/mL,0
33,<b>Tower: 1, Location: 2<br>TCI Propofol 10 mg/mL</b><br>Undilute&nbsp;45&nbsp;mL,0
35,<b>Tower: 1, Location: 2<br>TCI Propofol 20 mg/mL,0
38,<b>Tower: 1, Location: 2<br>TCI Propofol 20 mg/mL,0
33,<b>Tower: 1, Location: 2<br>TCI Propofol 20 mg/mL,0
43,<b>Tower: 1, Location: 2<br>Tranexamic acid 10 mg/mL,0
43,<b>Tower: 1, Location: 2<br>Tranexamic acid 20 mg/mL,0
43,<b>Tower: 1, Location: 2<br>Tranexamic acid 25 mg/mL,0
34,<b>Tower: 1, Location: 2<br>Tranexamic acid 25 mg/mL,0
38,<b>Tower: 1, Location: 2<br>Tranexamic acid 50 mg/mL,0
43,<b>Tower: 1, Location: 2<br>Tranexamic acid 50 mg/mL,0
1,<b>Tower: 1, Location: 3</b><br><b><b>0.9% NaCl</b><br>IV,0
49,<b>Tower: 1, Location: 3</b><br><b><b>20% Mannitol</b>,0
1,<b>Tower: 1, Location: 3</b><br><b><b>5% D/N/3</b><br>IV,0
1,<b>Tower: 1, Location: 3</b><br><b><b>Acetar</b><br>IV,0
34,<b>Tower: 1, Location: 3</b><br><b>Cisatracurium 1 mg/mL</b> <br>&nbsp;1&nbsp;mL,0
1,<b>Tower: 1, Location: 3</b><br><b>Dexmedeto</b><br>IV,0
1,<b>Tower: 1, Location: 3</b><br><b>KCl</b><br>IV,0
1,<b>Tower: 1, Location: 3</b><br><b>Norepinephrine</b><br>IV,0
39,<b>Tower: 1, Location: 3<br> 0.5 mg/mL,0
33,<b>Tower: 1, Location: 3<br> 10 mg/mL,0
33,<b>Tower: 1, Location: 3<br> 20 mg/mL,0
43,<b>Tower: 1, Location: 3<br> 4 µg/mL,0
43,<b>Tower: 1, Location: 3<br>0.0625%Bupivacain 0.75 mg/mL</b><br>0.9% NaC&nbsp;20&nbsp;mL,0
43,<b>Tower: 1, Location: 3<br>0.0625%Bupivacain+Fentanyl 0.06 mg/mL,0
35,<b>Tower: 1, Location: 3<br>0.1%Bupi+Fentanyl 2mcg/ml 1 mg/mL,0
33,<b>Tower: 1, Location: 3<br>0.1%Bupivacain+Fentanyl 1 mg/mL,0
35,<b>Tower: 1, Location: 3<br>0.1%Bupivacain+Fentanyl 1 mg/mL,0
43,<b>Tower: 1, Location: 3<br>0.1%Bupivacain+Fentanyl 2 mg/mL,0
35,<b>Tower: 1, Location: 3<br>0.1%Bupivacaine 1 mg/mL<br>Epidural,0
42,<b>Tower: 1, Location: 3<br>0.125%Bupi+Fentanyl 2mcg/ml 1.25 mg/mL,0
34,<b>Tower: 1, Location: 3<br>0.125%Bupi+Fentanyl 2mcg/ml 1.25 mg/mL,0
43,<b>Tower: 1, Location: 3<br>0.125%Bupi+Fentanyl 2mcg/ml 1.25 mg/mL,0
43,<b>Tower: 1, Location: 3<br>0.125%Bupivacain 2.5 mg/mL,0
47,<b>Tower: 1, Location: 3<br>0.125%Bupivacain+Fentanyl &nbsp;0.125&nbsp;%</b><br>Epidural,0
33,<b>Tower: 1, Location: 3<br>0.125%Bupivacain+Fentanyl 1.25 mg/mL,0
43,<b>Tower: 1, Location: 3<br>0.125%Bupivacain+Fentanyl 1.25 mg/mL,0
54,<b>Tower: 1, Location: 3<br>0.125%Bupivacain+Fentanyl 1.25 mg/mL,0
33,<b>Tower: 1, Location: 3<br>0.2%Bupi+Fentanyl 2mcg/ml 2 mg/mL,0
43,<b>Tower: 1, Location: 3<br>0.2%Bupi+Fentanyl 2mcg/ml 2 mg/mL,0
35,<b>Tower: 1, Location: 3<br>0.2%Bupi+Fentanyl 2mcg/ml 2 mg/mL,0
39,<b>Tower: 1, Location: 3<br>0.2%Bupi+Fentanyl 2mcg/ml 2 mg/mL,0
35,<b>Tower: 1, Location: 3<br>0.2%Bupi+Fentanyl 2mcg/ml 2.5 mg/mL,0
43,<b>Tower: 1, Location: 3<br>0.2%Bupivacain 2 mg/mL,0
35,<b>Tower: 1, Location: 3<br>0.2%Bupivacain+Fentanyl 0.2 mg/mL,0
33,<b>Tower: 1, Location: 3<br>0.2%Bupivacain+Fentanyl 2 mg/mL,0
39,<b>Tower: 1, Location: 3<br>0.2%Bupivacain+Fentanyl 2 mg/mL,0
34,<b>Tower: 1, Location: 3<br>0.2%Bupivacain+Fentanyl 2 mg/mL,0
43,<b>Tower: 1, Location: 3<br>0.2%Bupivacain+Fentanyl 2 mg/mL,0
35,<b>Tower: 1, Location: 3<br>0.2%Bupivacain+Fentanyl 2 mg/mL,0
43,<b>Tower: 1, Location: 3<br>0.2%Bupivacain+Fentanyl 2 mg/mL</b><br>0.9% NaC&nbsp;50&nbsp;mL,0
43,<b>Tower: 1, Location: 3<br>0.2%Bupivacaine 2 mg/mL,0
43,<b>Tower: 1, Location: 3<br>0.25%Bupi+Fentanyl 2mcg/ml 2.4 mg/mL,0
35,<b>Tower: 1, Location: 3<br>0.25%Bupi+Fentanyl 2mcg/ml 2.4 mg/mL,0
34,<b>Tower: 1, Location: 3<br>0.25%Bupi+Fentanyl 2mcg/ml 2.5 mg/mL,0
40,<b>Tower: 1, Location: 3<br>0.25%Bupi+Fentanyl 2mcg/ml 2.5 mg/mL,0
33,<b>Tower: 1, Location: 3<br>0.25%Bupi+Fentanyl 2mcg/ml 2.5 mg/mL,0
43,<b>Tower: 1, Location: 3<br>0.25%Bupivacain 2.5 mg/mL,0
43,<b>Tower: 1, Location: 3<br>0.25%Bupivacain+Fentanyl 1.25 mg/mL,0
35,<b>Tower: 1, Location: 3<br>0.25%Bupivacain+Fentanyl 2 mg/mL,0
43,<b>Tower: 1, Location: 3<br>0.25%Bupivacain+Fentanyl 2.4 mg/mL,0
34,<b>Tower: 1, Location: 3<br>0.25%Bupivacain+Fentanyl 2.5 mg/mL,0
35,<b>Tower: 1, Location: 3<br>0.25%Bupivacain+Fentanyl 2.5 mg/mL,0
43,<b>Tower: 1, Location: 3<br>0.25%Bupivacain+Fentanyl 2.5 mg/mL,0
33,<b>Tower: 1, Location: 3<br>0.25%Bupivacain+Fentanyl 2.5 mg/mL,0
42,<b>Tower: 1, Location: 3<br>0.25%Bupivacain+Fentanyl 2.5 mg/mL,0
1,<b>Tower: 1, Location: 3<br>0.9% NaCl</b><br>IV,0
1,<b>Tower: 1, Location: 3<br>10% D/N/2</b><br>IV,0
1,<b>Tower: 1, Location: 3<br>10% D/W</b><br>IV,0
49,<b>Tower: 1, Location: 3<br>20% Mannitol </b>,0
1,<b>Tower: 1, Location: 3<br>20% Mannitol </b><br>IV,0
49,<b>Tower: 1, Location: 3<br>20% Mannitol</b>,0
1,<b>Tower: 1, Location: 3<br>5% D/N/2 </b><br>IV,0
1,<b>Tower: 1, Location: 3<br>5% D/N/2</b><br>IV,0
1,<b>Tower: 1, Location: 3<br>7.5% NaHCO3 </b><br>IV,0
1,<b>Tower: 1, Location: 3<br>Acetar </b><br>IV,0
1,<b>Tower: 1, Location: 3<br>Acetar</b><br>IV,0
34,<b>Tower: 1, Location: 3<br>Atracurium 1 mg/mL,0
34,<b>Tower: 1, Location: 3<br>Atracurium 2 mg/mL,0
33,<b>Tower: 1, Location: 3<br>Atracurium 2 mg/mL,0
34,<b>Tower: 1, Location: 3<br>Atracurium 5 mg/mL</b><br>0.9% NaC&nbsp;20&nbsp;mL,0
43,<b>Tower: 1, Location: 3<br>Bupivacaine 1.5 mg/mL,0
47,<b>Tower: 1, Location: 3<br>Bupivacaine&nbsp;0.2&nbsp;%</b><br>Epidural,0
46,<b>Tower: 1, Location: 3<br>Bupivacaine&nbsp;0.2&nbsp;%</b><br>Fentanyl&nbsp;2&nbsp;mcg/ml<br>Epidural,0
46,<b>Tower: 1, Location: 3<br>Bupivacaine&nbsp;0.2&nbsp;%</b><br>Morphine&nbsp;.06&nbsp;mg/ml<br>Epidural,0
46,<b>Tower: 1, Location: 3<br>Cisatracurium &nbsp;&nbsp;%</b><br>&nbsp;&nbsp;,0
1,<b>Tower: 1, Location: 3<br>Cisatracurium </b><br>IV,0
34,<b>Tower: 1, Location: 3<br>Cisatracurium 0.5 mg/mL,0
55,<b>Tower: 1, Location: 3<br>Cisatracurium 0.5 mg/mL,0
34,<b>Tower: 1, Location: 3<br>Cisatracurium 0.57 mg/mL,0
33,<b>Tower: 1, Location: 3<br>Cisatracurium 1 mg/mL,0
43,<b>Tower: 1, Location: 3<br>Cisatracurium 1 mg/mL,0
34,<b>Tower: 1, Location: 3<br>Cisatracurium 1 mg/mL,0
40,<b>Tower: 1, Location: 3<br>Cisatracurium 1 mg/mL,0
35,<b>Tower: 1, Location: 3<br>Cisatracurium 1 mg/mL,0
38,<b>Tower: 1, Location: 3<br>Cisatracurium 1 mg/mL,0
39,<b>Tower: 1, Location: 3<br>Cisatracurium 1 mg/mL,0
55,<b>Tower: 1, Location: 3<br>Cisatracurium 1 mg/mL,0
34,<b>Tower: 1, Location: 3<br>Cisatracurium 1 mg/mL</b><br>0.9% NaC&nbsp;20&nbsp;mL,0
34,<b>Tower: 1, Location: 3<br>Cisatracurium 1 mg/mL</b><br>0.9% NaC&nbsp;24&nbsp;mL,0
34,<b>Tower: 1, Location: 3<br>Cisatracurium 10 mg/mL,0
33,<b>Tower: 1, Location: 3<br>Cisatracurium 2 mg/mL,0
34,<b>Tower: 1, Location: 3<br>Cisatracurium 2 mg/mL,0
47,<b>Tower: 1, Location: 3<br>Dexmedeto &nbsp;&nbsp;%</b>,0
1,<b>Tower: 1, Location: 3<br>Dexmedeto </b><br>IV,0
38,<b>Tower: 1, Location: 3<br>Dexmedeto 0 mg/mL,0
33,<b>Tower: 1, Location: 3<br>Dexmedeto 0 mg/mL,0
43,<b>Tower: 1, Location: 3<br>Dexmedeto 0 mg/mL,0
33,<b>Tower: 1, Location: 3<br>Dexmedeto 0.01 mg/mL,0
43,<b>Tower: 1, Location: 3<br>Dexmedeto 0.01 mg/mL,0
43,<b>Tower: 1, Location: 3<br>Dexmedeto 0.04 mg/mL,0
33,<b>Tower: 1, Location: 3<br>Dexmedeto 2 mg/mL,0
43,<b>Tower: 1, Location: 3<br>Dexmedeto 2.5 mg/mL</b><br>0.9% NaC&nbsp;20&nbsp;mL,0
33,<b>Tower: 1, Location: 3<br>Dexmedeto 4 mg/mL,0
33,<b>Tower: 1, Location: 3<br>Dexmedetomidine 0.5 µg/mL,0
33,<b>Tower: 1, Location: 3<br>Dexmedetomidine 1.2 µg/mL,0
33,<b>Tower: 1, Location: 3<br>Dexmedetomidine 2 µg/mL,0
33,<b>Tower: 1, Location: 3<br>Dexmedetomidine 4 µg/mL,0
43,<b>Tower: 1, Location: 3<br>Dexmedetomidine 4 µg/mL,0
35,<b>Tower: 1, Location: 3<br>Dexmedetomidine 4 µg/mL,0
33,<b>Tower: 1, Location: 3<br>Dexmedetomidine 5 µg/mL,0
39,<b>Tower: 1, Location: 3<br>Dobutamine 2 mg/mL,0
38,<b>Tower: 1, Location: 3<br>Dopamine 1 mg/mL,0
39,<b>Tower: 1, Location: 3<br>Dopamine 1 mg/mL,0
33,<b>Tower: 1, Location: 3<br>Dopamine 2 mg/mL,0
39,<b>Tower: 1, Location: 3<br>Dopamine 2 mg/mL,0
39,<b>Tower: 1, Location: 3<br>Dopamine 500 µg/mL,0
39,<b>Tower: 1, Location: 3<br>Epinephine 0.08 mg/mL,0
39,<b>Tower: 1, Location: 3<br>Epinephine 0.1 mg/mL,0
38,<b>Tower: 1, Location: 3<br>Esmolol 10 mg/mL,0
38,<b>Tower: 1, Location: 3<br>Esmolol 5 mg/mL,0
35,<b>Tower: 1, Location: 3<br>Fentanyl 10 µg/mL,0
34,<b>Tower: 1, Location: 3<br>Fentanyl 10 µg/mL,0
33,<b>Tower: 1, Location: 3<br>Fentanyl 10 µg/mL,0
39,<b>Tower: 1, Location: 3<br>Fentanyl 10 µg/mL,0
42,<b>Tower: 1, Location: 3<br>Fentanyl 10 µg/mL,0
35,<b>Tower: 1, Location: 3<br>Fentanyl 10 µg/mL</b><br>0.9% NaC&nbsp;32&nbsp;mL<br>IV,0
-2,<b>Tower: 1, Location: 3<br>Insulin</b>,0
47,<b>Tower: 1, Location: 3<br>KCl &nbsp;&nbsp;%</b>,0
1,<b>Tower: 1, Location: 3<br>KCl </b><br>IV,0
33,<b>Tower: 1, Location: 3<br>Ketamine 1 mg/mL,0
54,<b>Tower: 1, Location: 3<br>Ketamine 1 mg/mL,0
33,<b>Tower: 1, Location: 3<br>Ketamine 10 mg/mL,0
33,<b>Tower: 1, Location: 3<br>Ketamine 2 mg/mL,0
54,<b>Tower: 1, Location: 3<br>Ketamine 5 mg/mL,0
43,<b>Tower: 1, Location: 3<br>Lidocaine 10 mg/mL,0
1,<b>Tower: 1, Location: 3<br>LPRC </b><br>IV,0
43,<b>Tower: 1, Location: 3<br>Magnesium sulfate 40 mg/mL,0
33,<b>Tower: 1, Location: 3<br>Morphine sulfate 1 mg/mL,0
35,<b>Tower: 1, Location: 3<br>Morphine sulfate 1 mg/mL,0
38,<b>Tower: 1, Location: 3<br>Nicardipine 0.1 mg/mL,0
38,<b>Tower: 1, Location: 3<br>Nicardipine 0.2 mg/mL,0
38,<b>Tower: 1, Location: 3<br>Nicardipine 0.4 mg/mL,0
33,<b>Tower: 1, Location: 3<br>Nitroglycerin 0.1 mg/mL,0
38,<b>Tower: 1, Location: 3<br>Nitroglycerin 0.1 mg/mL,0
38,<b>Tower: 1, Location: 3<br>Nitroglycerin 0.16 mg/mL,0
33,<b>Tower: 1, Location: 3<br>Nitroglycerin 0.2 mg/mL,0
43,<b>Tower: 1, Location: 3<br>Nitroglycerin 0.2 mg/mL,0
34,<b>Tower: 1, Location: 3<br>Nitroglycerin 0.2 mg/mL,0
37,<b>Tower: 1, Location: 3<br>Nitroglycerin 0.2 mg/mL,0
38,<b>Tower: 1, Location: 3<br>Nitroglycerin 0.2 mg/mL,0
39,<b>Tower: 1, Location: 3<br>Nitroglycerin 0.2 mg/mL,0
55,<b>Tower: 1, Location: 3<br>Nitroglycerin 0.2 mg/mL,0
38,<b>Tower: 1, Location: 3<br>Nitroglycerin 0.25 mg/mL,0
38,<b>Tower: 1, Location: 3<br>Nitroglycerin 0.4 mg/mL,0
39,<b>Tower: 1, Location: 3<br>Nitroglycerin 0.4 mg/mL,0
33,<b>Tower: 1, Location: 3<br>Nitroglycerin 1 mg/mL,0
43,<b>Tower: 1, Location: 3<br>Nitroglycerin 1 mg/mL,0
38,<b>Tower: 1, Location: 3<br>Nitroglycerin 1 mg/mL,0
51,<b>Tower: 1, Location: 3<br>Norepinephrine </b>,0
1,<b>Tower: 1, Location: 3<br>Norepinephrine </b><br>IV,0
34,<b>Tower: 1, Location: 3<br>Norepinephrine 0 mg/mL,0
39,<b>Tower: 1, Location: 3<br>Norepinephrine 0 mg/mL,0
39,<b>Tower: 1, Location: 3<br>Norepinephrine 0.01 mg/mL,0
33,<b>Tower: 1, Location: 3<br>Norepinephrine 0.02 mg/mL,0
39,<b>Tower: 1, Location: 3<br>Norepinephrine 0.02 mg/mL,0
38,<b>Tower: 1, Location: 3<br>Norepinephrine 0.02 mg/mL,0
43,<b>Tower: 1, Location: 3<br>Norepinephrine 0.02 mg/mL,0
33,<b>Tower: 1, Location: 3<br>Norepinephrine 0.04 mg/mL,0
35,<b>Tower: 1, Location: 3<br>Norepinephrine 0.04 mg/mL,0
38,<b>Tower: 1, Location: 3<br>Norepinephrine 0.04 mg/mL,0
39,<b>Tower: 1, Location: 3<br>Norepinephrine 0.04 mg/mL,0
54,<b>Tower: 1, Location: 3<br>Norepinephrine 0.04 mg/mL</b><br>0.9% NaC&nbsp;25&nbsp;mL,0
39,<b>Tower: 1, Location: 3<br>Norepinephrine 0.04 mg/mL</b><br>5% D/N/2&nbsp;25&nbsp;mL,0
39,<b>Tower: 1, Location: 3<br>Norepinephrine 0.04 mg/mL</b><br>5% D/W&nbsp;25&nbsp;mL,0
39,<b>Tower: 1, Location: 3<br>Norepinephrine 0.05 mg/mL,0
39,<b>Tower: 1, Location: 3<br>Norepinephrine 0.08 mg/mL,0
40,<b>Tower: 1, Location: 3<br>Norepinephrine 0.1 mg/mL,0
39,<b>Tower: 1, Location: 3<br>Norepinephrine 0.1 mg/mL,0
39,<b>Tower: 1, Location: 3<br>Norepinephrine 0.4 mg/mL,0
39,<b>Tower: 1, Location: 3<br>Norepinephrine 5 µg/mL,0
1,<b>Tower: 1, Location: 3<br>Phenylephrine </b><br>IV,0
33,<b>Tower: 1, Location: 3<br>Phenylephrine 0.01 mg/mL,0
33,<b>Tower: 1, Location: 3<br>Propofol 10 mg/mL,0
39,<b>Tower: 1, Location: 3<br>Propofol 10 mg/mL,0
38,<b>Tower: 1, Location: 3<br>Propofol 10 mg/mL,0
33,<b>Tower: 1, Location: 3<br>Propofol 10 mg/mL</b><br>Undilute&nbsp;20&nbsp;mL,0
33,<b>Tower: 1, Location: 3<br>Propofol 20 mg/mL,0
35,<b>Tower: 1, Location: 3<br>Propofol 20 mg/mL,0
33,<b>Tower: 1, Location: 3<br>Propofol(mcg) 10 mg/mL,0
33,<b>Tower: 1, Location: 3<br>Propofol(mcg) 20 mg/mL,0
34,<b>Tower: 1, Location: 3<br>Rocuronium 10 mg/mL,0
34,<b>Tower: 1, Location: 3<br>Rocuronium 5 mg/mL,0
38,<b>Tower: 1, Location: 3<br>Sodium Nitoprusside 0.2 mg/mL,0
33,<b>Tower: 1, Location: 3<br>TCI Propofol 10 mg/mL,0
55,<b>Tower: 1, Location: 3<br>TCI Propofol 10 mg/mL,0
34,<b>Tower: 1, Location: 3<br>TCI Propofol 20 mg/mL,0
39,<b>Tower: 1, Location: 3<br>TCI Propofol 20 mg/mL,0
33,<b>Tower: 1, Location: 3<br>TCI Propofol 20 mg/mL,0
4,<b>Tower: 1, Location: 3<br>TPN</b>,0
43,<b>Tower: 1, Location: 3<br>Tranexamic acid 10 mg/mL,0
43,<b>Tower: 1, Location: 3<br>Tranexamic acid 20 mg/mL,0
43,<b>Tower: 1, Location: 3<br>Tranexamic acid 20 mg/mL</b><br>Undilute&nbsp;20&nbsp;mL,0
43,<b>Tower: 1, Location: 3<br>Tranexamic acid 25 mg/mL,0
35,<b>Tower: 1, Location: 3<br>Tranexamic acid 50 mg/mL,0
43,<b>Tower: 1, Location: 3<br>Tranexamic acid 50 mg/mL,0
34,<b>Tower: 1, Location: 3<br>Tranexamic acid 50 mg/mL,0
1,<b>Tower: 1, Location: 4</b><br><b><b>0.9% NaCl</b><br>IV,0
1,<b>Tower: 1, Location: 4</b><br><b><b>5% Albumin</b><br>IV,0
1,<b>Tower: 1, Location: 4</b><br><b><b>5% D/N/2</b><br>IV,0
1,<b>Tower: 1, Location: 4</b><br><b><b>Acetar</b><br>IV,0
1,<b>Tower: 1, Location: 4</b><br><b><b>Voluven</b><br>IV,0
1,<b>Tower: 1, Location: 4</b><br><b>0.9% NSS</b><br>IV,0
1,<b>Tower: 1, Location: 4</b><br><b>20% Mannitol</b><br>IV,0
1,<b>Tower: 1, Location: 4</b><br><b>3% NaCl</b><br>IV,0
1,<b>Tower: 1, Location: 4</b><br><b>5% Albumin</b><br>IV,0
1,<b>Tower: 1, Location: 4</b><br><b>5% D/N/2</b><br>IV,0
1,<b>Tower: 1, Location: 4</b><br><b>Acetar</b><br>IV,0
1,<b>Tower: 1, Location: 4</b><br><b>Insulin</b><br>IV,0
1,<b>Tower: 1, Location: 4</b><br><b>KCl</b><br>IV,0
1,<b>Tower: 1, Location: 4</b><br><b>Norepinephrine</b><br>IV,0
33,<b>Tower: 1, Location: 4<br> 10 mg/mL,0
43,<b>Tower: 1, Location: 4<br>0.1%Bupivacain+Fentanyl 1 mg/mL,0
33,<b>Tower: 1, Location: 4<br>0.1%Bupivacain+Fentanyl 1 mg/mL,0
54,<b>Tower: 1, Location: 4<br>0.1%Bupivacain+Fentanyl 1 mg/mL,0
43,<b>Tower: 1, Location: 4<br>0.125%Bupivacain+Fentanyl 0.13 mg/mL,0
43,<b>Tower: 1, Location: 4<br>0.125%Bupivacain+Fentanyl 0.6 mg/mL,0
33,<b>Tower: 1, Location: 4<br>0.125%Bupivacain+Fentanyl 1 mg/mL,0
33,<b>Tower: 1, Location: 4<br>0.125%Bupivacain+Fentanyl 1.25 mg/mL,0
43,<b>Tower: 1, Location: 4<br>0.125%Bupivacain+Fentanyl 1.25 mg/mL,0
34,<b>Tower: 1, Location: 4<br>0.125%Bupivacain+Fentanyl 1.25 mg/mL,0
35,<b>Tower: 1, Location: 4<br>0.125%Bupivacain+Fentanyl 1.25 mg/mL,0
54,<b>Tower: 1, Location: 4<br>0.125%Bupivacain+Fentanyl 1.25 mg/mL,0
35,<b>Tower: 1, Location: 4<br>0.125%Bupivacain+Fentanyl 1.25 mg/mL</b><br>0.9% NaC&nbsp;28&nbsp;mL<br>Epidural,0
43,<b>Tower: 1, Location: 4<br>0.2%Bupi+Fentanyl 2mcg/ml 2 mg/mL,0
35,<b>Tower: 1, Location: 4<br>0.2%Bupi+Fentanyl 2mcg/ml 2 mg/mL,0
33,<b>Tower: 1, Location: 4<br>0.2%Bupi+Fentanyl 2mcg/ml 2 mg/mL,0
43,<b>Tower: 1, Location: 4<br>0.2%Bupivacain 2 mg/mL,0
33,<b>Tower: 1, Location: 4<br>0.2%Bupivacain 2 mg/mL,0
33,<b>Tower: 1, Location: 4<br>0.2%Bupivacain+Fentanyl 0.05 mg/mL,0
43,<b>Tower: 1, Location: 4<br>0.2%Bupivacain+Fentanyl 1 mg/mL,0
34,<b>Tower: 1, Location: 4<br>0.2%Bupivacain+Fentanyl 2 mg/mL,0
33,<b>Tower: 1, Location: 4<br>0.2%Bupivacain+Fentanyl 2 mg/mL,0
43,<b>Tower: 1, Location: 4<br>0.2%Bupivacain+Fentanyl 2 mg/mL,0
39,<b>Tower: 1, Location: 4<br>0.2%Bupivacain+Fentanyl 2 mg/mL,0
42,<b>Tower: 1, Location: 4<br>0.2%Bupivacain+Fentanyl 2 mg/mL,0
35,<b>Tower: 1, Location: 4<br>0.2%Bupivacain+Fentanyl 2 mg/mL,0
54,<b>Tower: 1, Location: 4<br>0.2%Bupivacain+Fentanyl 2 mg/mL,0
43,<b>Tower: 1, Location: 4<br>0.2%Bupivacain+Fentanyl 2 mg/mL</b><br>0.9% NaC&nbsp;50&nbsp;mL,0
43,<b>Tower: 1, Location: 4<br>0.2%Bupivacain+Fentanyl 2.5 mg/mL,0
35,<b>Tower: 1, Location: 4<br>0.25%Bupi+Fentanyl 2mcg/ml 2.5 mg/mL,0
43,<b>Tower: 1, Location: 4<br>0.25%Bupivacain 2 mg/mL,0
33,<b>Tower: 1, Location: 4<br>0.25%Bupivacain 2.5 mg/mL,0
43,<b>Tower: 1, Location: 4<br>0.25%Bupivacain 2.5 mg/mL,0
43,<b>Tower: 1, Location: 4<br>0.25%Bupivacain+Fentanyl 0.02 mg/mL,0
43,<b>Tower: 1, Location: 4<br>0.25%Bupivacain+Fentanyl 1 mg/mL,0
43,<b>Tower: 1, Location: 4<br>0.25%Bupivacain+Fentanyl 2.5 mg/mL,0
35,<b>Tower: 1, Location: 4<br>0.25%Bupivacain+Fentanyl 2.5 mg/mL,0
35,<b>Tower: 1, Location: 4<br>0.25%Bupivacain+Fentanyl 2.5 mg/mL</b><br>0.9% NaC&nbsp;25&nbsp;mL<br>Epidural,0
35,<b>Tower: 1, Location: 4<br>0.25%Bupivacain+Fentanyl 2.5 mg/mL<br>Epidural,0
43,<b>Tower: 1, Location: 4<br>0.375%Bupivacain+Fentanyl 3.75 mg/mL,0
1,<b>Tower: 1, Location: 4<br>0.9% NaCl </b><br>IV,0
1,<b>Tower: 1, Location: 4<br>0.9% NaCl</b><br>IV,0
1,<b>Tower: 1, Location: 4<br>0.9% NSS </b><br>IV,0
1,<b>Tower: 1, Location: 4<br>10% D/N/2 </b><br>IV,0
1,<b>Tower: 1, Location: 4<br>10% D/N/2</b><br>IV,0
1,<b>Tower: 1, Location: 4<br>10% D/NSS</b><br>IV,0
1,<b>Tower: 1, Location: 4<br>10% D/W </b><br>IV,0
1,<b>Tower: 1, Location: 4<br>20% Albumin </b><br>IV,0
49,<b>Tower: 1, Location: 4<br>20% Mannitol </b>,0
1,<b>Tower: 1, Location: 4<br>20% Mannitol </b><br>IV,0
49,<b>Tower: 1, Location: 4<br>20% Mannitol</b>,0
47,<b>Tower: 1, Location: 4<br>3% NaCl &nbsp;&nbsp;%</b>,0
1,<b>Tower: 1, Location: 4<br>3% NaCl </b><br>IV,0
1,<b>Tower: 1, Location: 4<br>3% NaCl</b><br>IV,0
1,<b>Tower: 1, Location: 4<br>40% Dextran </b><br>IV,0
1,<b>Tower: 1, Location: 4<br>40% Dextran</b><br>IV,0
1,<b>Tower: 1, Location: 4<br>5% Albumin </b><br>IV,0
1,<b>Tower: 1, Location: 4<br>5% Albumin</b><br>IV,0
1,<b>Tower: 1, Location: 4<br>5% D/N/2 </b><br>IV,0
1,<b>Tower: 1, Location: 4<br>5% D/N/2</b><br>IV,0
47,<b>Tower: 1, Location: 4<br>5% D/NSS &nbsp;&nbsp;%</b>,0
1,<b>Tower: 1, Location: 4<br>5% D/NSS </b><br>IV,0
1,<b>Tower: 1, Location: 4<br>5% D/NSS</b><br>IV,0
1,<b>Tower: 1, Location: 4<br>5% D/W</b><br>IV,0
1,<b>Tower: 1, Location: 4<br>5% D/W</b><br>IV<br>KCl 20 mEq,0
1,<b>Tower: 1, Location: 4<br>Acetar </b><br>IV,0
1,<b>Tower: 1, Location: 4<br>Acetar</b><br>IV,0
43,<b>Tower: 1, Location: 4<br>Alfentanil 1 mg/mL,0
40,<b>Tower: 1, Location: 4<br>Amiodarone 1.5 mg/mL,0
43,<b>Tower: 1, Location: 4<br>Amiodarone 3 mg/mL,0
34,<b>Tower: 1, Location: 4<br>Atracurium 10 mg/mL,0
34,<b>Tower: 1, Location: 4<br>Atracurium 2 mg/mL,0
34,<b>Tower: 1, Location: 4<br>Atracurium 5 mg/mL,0
47,<b>Tower: 1, Location: 4<br>Bupivacaine&nbsp;.25&nbsp;%</b><br>Epidural,0
46,<b>Tower: 1, Location: 4<br>Bupivacaine&nbsp;0.125&nbsp;%</b><br>Fentanyl&nbsp;2&nbsp;mcg/ml<br>Epidural,0
47,<b>Tower: 1, Location: 4<br>Bupivacaine&nbsp;0.2&nbsp;%</b><br>Epidural,0
46,<b>Tower: 1, Location: 4<br>Bupivacaine&nbsp;0.2&nbsp;%</b><br>Fentanyl&nbsp;2&nbsp;mcg/ml<br>Epidural,0
46,<b>Tower: 1, Location: 4<br>Bupivacaine&nbsp;0.2&nbsp;%</b><br>Morphine&nbsp;40&nbsp;mcg/ml<br>Epidural,0
47,<b>Tower: 1, Location: 4<br>Bupivacaine&nbsp;0.25&nbsp;%</b><br>Epidural,0
46,<b>Tower: 1, Location: 4<br>Bupivacaine&nbsp;1.25&nbsp;%</b><br>Fentanyl&nbsp;2&nbsp;mcg/ml<br>Epidural,0
40,<b>Tower: 1, Location: 4<br>Calcium gluconate 100 mg/mL,0
33,<b>Tower: 1, Location: 4<br>Cisatracurium 0.5 mg/mL,0
34,<b>Tower: 1, Location: 4<br>Cisatracurium 0.5 mg/mL,0
42,<b>Tower: 1, Location: 4<br>Cisatracurium 1 mg/mL,0
35,<b>Tower: 1, Location: 4<br>Cisatracurium 1 mg/mL,0
38,<b>Tower: 1, Location: 4<br>Cisatracurium 1 mg/mL,0
34,<b>Tower: 1, Location: 4<br>Cisatracurium 1 mg/mL,0
33,<b>Tower: 1, Location: 4<br>Cisatracurium 1 mg/mL,0
43,<b>Tower: 1, Location: 4<br>Cisatracurium 1 mg/mL,0
34,<b>Tower: 1, Location: 4<br>Cisatracurium 1 mg/mL</b><br>0.9% NaC&nbsp;10&nbsp;mL,0
34,<b>Tower: 1, Location: 4<br>Cisatracurium 1 mg/mL</b><br>0.9% NaC&nbsp;25&nbsp;mL,0
33,<b>Tower: 1, Location: 4<br>Cisatracurium 2 mg/mL,0
55,<b>Tower: 1, Location: 4<br>Cisatracurium 2 mg/mL,0
34,<b>Tower: 1, Location: 4<br>Cisatracurium 2 mg/mL,0
1,<b>Tower: 1, Location: 4<br>Dexmedeto </b><br>IV,0
33,<b>Tower: 1, Location: 4<br>Dexmedeto 0 mg/mL,0
43,<b>Tower: 1, Location: 4<br>Dexmedeto 0 mg/mL,0
35,<b>Tower: 1, Location: 4<br>Dexmedeto 0 mg/mL,0
39,<b>Tower: 1, Location: 4<br>Dexmedeto 0 mg/mL,0
33,<b>Tower: 1, Location: 4<br>Dexmedetomidine 1 µg/mL,0
33,<b>Tower: 1, Location: 4<br>Dexmedetomidine 2 µg/mL,0
33,<b>Tower: 1, Location: 4<br>Dexmedetomidine 4 µg/mL,0
43,<b>Tower: 1, Location: 4<br>Dexmedetomidine 4 µg/mL,0
39,<b>Tower: 1, Location: 4<br>Dobutamine 2 mg/mL,0
39,<b>Tower: 1, Location: 4<br>Dopamine 0.5 mg/mL,0
39,<b>Tower: 1, Location: 4<br>Dopamine 1 mg/mL,0
38,<b>Tower: 1, Location: 4<br>Dopamine 2 mg/mL,0
39,<b>Tower: 1, Location: 4<br>Dopamine 2 mg/mL,0
33,<b>Tower: 1, Location: 4<br>Epinephine 0.1 mg/mL,0
39,<b>Tower: 1, Location: 4<br>Epinephine 0.1 mg/mL,0
39,<b>Tower: 1, Location: 4<br>Epinephine 0.1 mg/mL</b><br>0.9% NaC&nbsp;20&nbsp;mL,0
39,<b>Tower: 1, Location: 4<br>Epinephine 0.2 mg/mL,0
38,<b>Tower: 1, Location: 4<br>Esmolol 10 mg/mL,0
38,<b>Tower: 1, Location: 4<br>Esmolol 5 mg/mL,0
35,<b>Tower: 1, Location: 4<br>Fentanyl 10 µg/mL,0
38,<b>Tower: 1, Location: 4<br>Fentanyl 10 µg/mL,0
39,<b>Tower: 1, Location: 4<br>Fentanyl 10 µg/mL,0
55,<b>Tower: 1, Location: 4<br>Fentanyl 10 µg/mL,0
43,<b>Tower: 1, Location: 4<br>Heparin Sodium (mg) 1 mg/mL,0
43,<b>Tower: 1, Location: 4<br>Heparin Sodium (Unit) null null,0
43,<b>Tower: 1, Location: 4<br>Heparin Sodium 1 mg/mL,0
43,<b>Tower: 1, Location: 4<br>Hydrocortisone 1 mg/mL,0
1,<b>Tower: 1, Location: 4<br>KCl </b><br>IV,0
33,<b>Tower: 1, Location: 4<br>Ketamine 2 mg/mL,0
33,<b>Tower: 1, Location: 4<br>Ketamine 3 mg/mL,0
33,<b>Tower: 1, Location: 4<br>Ketamine 5 mg/mL,0
1,<b>Tower: 1, Location: 4<br>LPRC </b><br>IV,0
43,<b>Tower: 1, Location: 4<br>Magnesium sulfate 20 mg/mL,0
43,<b>Tower: 1, Location: 4<br>Methylprednisolone 9.09 mg/mL,0
35,<b>Tower: 1, Location: 4<br>Morphine sulfate 0.1 mg/mL,0
35,<b>Tower: 1, Location: 4<br>Morphine sulfate 1 mg/mL,0
1,<b>Tower: 1, Location: 4<br>Nalador </b><br>IV,0
43,<b>Tower: 1, Location: 4<br>Nefopam 0.2 mg/mL,0
43,<b>Tower: 1, Location: 4<br>Nefopam 0.8 mg/mL,0
38,<b>Tower: 1, Location: 4<br>Nicardipine 0.17 mg/mL,0
38,<b>Tower: 1, Location: 4<br>Nicardipine 0.2 mg/mL,0
38,<b>Tower: 1, Location: 4<br>Nitroglycerin 0.1 mg/mL,0
34,<b>Tower: 1, Location: 4<br>Nitroglycerin 0.1 mg/mL,0
33,<b>Tower: 1, Location: 4<br>Nitroglycerin 0.2 mg/mL,0
39,<b>Tower: 1, Location: 4<br>Nitroglycerin 0.2 mg/mL,0
43,<b>Tower: 1, Location: 4<br>Nitroglycerin 0.2 mg/mL,0
34,<b>Tower: 1, Location: 4<br>Nitroglycerin 0.2 mg/mL,0
35,<b>Tower: 1, Location: 4<br>Nitroglycerin 0.2 mg/mL,0
38,<b>Tower: 1, Location: 4<br>Nitroglycerin 0.2 mg/mL,0
43,<b>Tower: 1, Location: 4<br>Nitroglycerin 0.25 mg/mL,0
34,<b>Tower: 1, Location: 4<br>Nitroglycerin 0.4 mg/mL,0
38,<b>Tower: 1, Location: 4<br>Nitroglycerin 0.4 mg/mL,0
38,<b>Tower: 1, Location: 4<br>Nitroglycerin 0.5 mg/mL,0
38,<b>Tower: 1, Location: 4<br>Nitroglycerin 1 mg/mL,0
38,<b>Tower: 1, Location: 4<br>Nitroglycerin 2 mg/mL,0
1,<b>Tower: 1, Location: 4<br>Norepinephrine </b><br>IV,0
39,<b>Tower: 1, Location: 4<br>Norepinephrine 0 mg/mL,0
39,<b>Tower: 1, Location: 4<br>Norepinephrine 0.01 mg/mL,0
33,<b>Tower: 1, Location: 4<br>Norepinephrine 0.02 mg/mL,0
39,<b>Tower: 1, Location: 4<br>Norepinephrine 0.02 mg/mL,0
34,<b>Tower: 1, Location: 4<br>Norepinephrine 0.04 mg/mL,0
33,<b>Tower: 1, Location: 4<br>Norepinephrine 0.04 mg/mL,0
43,<b>Tower: 1, Location: 4<br>Norepinephrine 0.04 mg/mL,0
39,<b>Tower: 1, Location: 4<br>Norepinephrine 0.04 mg/mL,0
55,<b>Tower: 1, Location: 4<br>Norepinephrine 0.04 mg/mL,0
39,<b>Tower: 1, Location: 4<br>Norepinephrine 0.04 mg/mL</b><br>5% D/W&nbsp;25&nbsp;mL,0
39,<b>Tower: 1, Location: 4<br>Norepinephrine 0.08 mg/mL,0
55,<b>Tower: 1, Location: 4<br>Norepinephrine 0.08 mg/mL,0
43,<b>Tower: 1, Location: 4<br>Norepinephrine 0.08 mg/mL,0
39,<b>Tower: 1, Location: 4<br>Norepinephrine 0.08 mg/mL</b><br>0.9% NaC&nbsp;25&nbsp;mL,0
38,<b>Tower: 1, Location: 4<br>Norepinephrine 0.1 mg/mL,0
39,<b>Tower: 1, Location: 4<br>Norepinephrine 0.1 mg/mL,0
33,<b>Tower: 1, Location: 4<br>Norepinephrine 4 µg/mL,0
43,<b>Tower: 1, Location: 4<br>Paracetamol 10 mg/mL,0
39,<b>Tower: 1, Location: 4<br>Phenylephrine 0.05 mg/mL,0
33,<b>Tower: 1, Location: 4<br>Propofol 1 mg/mL,0
33,<b>Tower: 1, Location: 4<br>Propofol 10 mg/mL,0
40,<b>Tower: 1, Location: 4<br>Propofol 10 mg/mL,0
34,<b>Tower: 1, Location: 4<br>Propofol 10 mg/mL,0
33,<b>Tower: 1, Location: 4<br>Propofol 2 mg/mL,0
38,<b>Tower: 1, Location: 4<br>Propofol 20 mg/mL,0
33,<b>Tower: 1, Location: 4<br>Propofol 20 mg/mL,0
34,<b>Tower: 1, Location: 4<br>Propofol 20 mg/mL,0
33,<b>Tower: 1, Location: 4<br>Propofol(mcg) 20 mg/mL,0
1,<b>Tower: 1, Location: 4<br>Sterofundin </b><br>IV,0
33,<b>Tower: 1, Location: 4<br>TCI Propofol 10 mg/mL,0
33,<b>Tower: 1, Location: 4<br>TCI Propofol 20 mg/mL,0
43,<b>Tower: 1, Location: 4<br>Tranexamic acid 10 mg/mL,0
43,<b>Tower: 1, Location: 4<br>Tranexamic acid 20 mg/mL,0
43,<b>Tower: 1, Location: 4<br>Tranexamic acid 50 mg/mL,0
1,<b>Tower: 1, Location: 4<br>Volulyte</b><br>IV,0
1,<b>Tower: 1, Location: 4<br>Voluven</b><br>IV,0
33,<b>Tower: 1, Location: 5<br>Dexmedetomidine 10 µg/mL,0
39,<b>Tower: 1, Location: 6<br>Dopamine 1 mg/mL,0
39,<b>Tower: 1, Location: 6<br>Nitroglycerin 0.2 mg/mL,0
43,<b>Tower: 1, Location: 6<br>Tranexamic acid 20 mg/mL,0
1,<b>Tower: 1, Location: 8</b><br><b>20% Mannitol</b><br>IV,0
49,<b>Tower: 1, Location: 8<br>20% Mannitol </b>,0
4,<b>TPN</b>,0
17,<b>Tramadol</b><br>IV,0
43,<b>Tranexamic acid&nbsp;1&nbsp;g</b><br>0.9% NaC&nbsp;100&nbsp;mL,0
43,<b>Tranexamic acid&nbsp;1&nbsp;g</b><br>0.9% NaC&nbsp;120&nbsp;mL,0
43,<b>Tranexamic acid&nbsp;1&nbsp;g</b><br>0.9% NaC&nbsp;20&nbsp;mL,0
43,<b>Tranexamic acid&nbsp;1&nbsp;g</b><br>0.9% NaC&nbsp;40&nbsp;mL,0
43,<b>Tranexamic acid&nbsp;1&nbsp;g</b><br>0.9% NaC&nbsp;50&nbsp;mL,0
43,<b>Tranexamic acid&nbsp;1&nbsp;g</b><br>5% D/W&nbsp;120&nbsp;mL,0
43,<b>Tranexamic acid&nbsp;1&nbsp;g</b><br>Undilute&nbsp;20&nbsp;mL,0
43,<b>Tranexamic acid&nbsp;1&nbsp;mg</b><br>Undilute&nbsp;1&nbsp;mL,0
43,<b>Tranexamic acid&nbsp;10&nbsp;mg</b><br>0.9% NaC&nbsp;1&nbsp;mL,0
43,<b>Tranexamic acid&nbsp;100&nbsp;mg</b><br>0.9% NaC&nbsp;10&nbsp;mL,0
43,<b>Tranexamic acid&nbsp;100&nbsp;mg</b><br>0.9% NaC&nbsp;20&nbsp;mL,0
43,<b>Tranexamic acid&nbsp;100&nbsp;mg</b><br>0.9% NaC&nbsp;40&nbsp;mL,0
43,<b>Tranexamic acid&nbsp;100&nbsp;mg</b><br>Undilute&nbsp;10&nbsp;mL,0
43,<b>Tranexamic acid&nbsp;1000&nbsp;mg</b><br>&nbsp;20&nbsp;mL,0
43,<b>Tranexamic acid&nbsp;1000&nbsp;mg</b><br>0.9% NaC&nbsp;100&nbsp;mL,0
43,<b>Tranexamic acid&nbsp;1000&nbsp;mg</b><br>0.9% NaC&nbsp;120&nbsp;mL,0
43,<b>Tranexamic acid&nbsp;1000&nbsp;mg</b><br>0.9% NaC&nbsp;20&nbsp;mL,0
43,<b>Tranexamic acid&nbsp;1000&nbsp;mg</b><br>0.9% NaC&nbsp;25&nbsp;mL,0
43,<b>Tranexamic acid&nbsp;1000&nbsp;mg</b><br>0.9% NaC&nbsp;50&nbsp;mL,0
43,<b>Tranexamic acid&nbsp;1000&nbsp;mg</b><br>Undilute&nbsp;20&nbsp;mL,0
43,<b>Tranexamic acid&nbsp;1000&nbsp;mg</b><br>Undilute&nbsp;40&nbsp;mL,0
43,<b>Tranexamic acid&nbsp;120&nbsp;mg</b><br>0.9% NaC&nbsp;12&nbsp;mL,0
43,<b>Tranexamic acid&nbsp;125&nbsp;mg</b><br>0.9% NaC&nbsp;10&nbsp;mL,0
43,<b>Tranexamic acid&nbsp;1250&nbsp;mg</b><br>Undilute&nbsp;25&nbsp;mL,0
43,<b>Tranexamic acid&nbsp;150&nbsp;mg</b><br>0.9% NaC&nbsp;15&nbsp;mL,0
43,<b>Tranexamic acid&nbsp;150&nbsp;mg</b><br>0.9% NaC&nbsp;150&nbsp;mL,0
43,<b>Tranexamic acid&nbsp;150&nbsp;mg</b><br>0.9% NaC&nbsp;20&nbsp;mL,0
43,<b>Tranexamic acid&nbsp;1500&nbsp;mg</b><br>Undilute&nbsp;30&nbsp;mL,0
43,<b>Tranexamic acid&nbsp;20&nbsp;mg</b><br>0.9% NaC&nbsp;1&nbsp;mL,0
43,<b>Tranexamic acid&nbsp;200&nbsp;mg</b><br>0.9% NaC&nbsp;10&nbsp;mL,0
43,<b>Tranexamic acid&nbsp;200&nbsp;mg</b><br>0.9% NaC&nbsp;20&nbsp;mL,0
43,<b>Tranexamic acid&nbsp;200&nbsp;mg</b><br>Undilute&nbsp;20&nbsp;mL,0
43,<b>Tranexamic acid&nbsp;25&nbsp;mg</b><br>0.9% NaC&nbsp;1&nbsp;mL,0
43,<b>Tranexamic acid&nbsp;25&nbsp;mg</b><br>Undilute&nbsp;1&nbsp;mL,0
43,<b>Tranexamic acid&nbsp;250&nbsp;mg</b><br>&nbsp;25&nbsp;mL,0
43,<b>Tranexamic acid&nbsp;250&nbsp;mg</b><br>0.9% NaC&nbsp;10&nbsp;mL,0
43,<b>Tranexamic acid&nbsp;250&nbsp;mg</b><br>0.9% NaC&nbsp;12.5&nbsp;mL,0
43,<b>Tranexamic acid&nbsp;250&nbsp;mg</b><br>0.9% NaC&nbsp;20&nbsp;mL,0
43,<b>Tranexamic acid&nbsp;250&nbsp;mg</b><br>0.9% NaC&nbsp;25&nbsp;mL,0
43,<b>Tranexamic acid&nbsp;250&nbsp;mg</b><br>0.9% NaC&nbsp;5&nbsp;mL,0
43,<b>Tranexamic acid&nbsp;250&nbsp;mg</b><br>0.9% NaC&nbsp;50&nbsp;mL,0
43,<b>Tranexamic acid&nbsp;250&nbsp;mg</b><br>Acetar&nbsp;100&nbsp;mL,0
43,<b>Tranexamic acid&nbsp;250&nbsp;mg</b><br>Acetar&nbsp;25&nbsp;mL,0
43,<b>Tranexamic acid&nbsp;250&nbsp;mg</b><br>Undilute&nbsp;5&nbsp;mL,0
43,<b>Tranexamic acid&nbsp;450&nbsp;mg</b><br>0.9% NaC&nbsp;18&nbsp;mL,0
43,<b>Tranexamic acid&nbsp;5&nbsp;mg</b><br>0.9% NaC&nbsp;1&nbsp;mL,0
43,<b>Tranexamic acid&nbsp;50&nbsp;mg</b><br>&nbsp;1&nbsp;mL,0
43,<b>Tranexamic acid&nbsp;50&nbsp;mg</b><br>0.9% NaC&nbsp;1&nbsp;mL,0
43,<b>Tranexamic acid&nbsp;50&nbsp;mg</b><br>0.9% NaC&nbsp;10&nbsp;mL,0
43,<b>Tranexamic acid&nbsp;50&nbsp;mg</b><br>Undilute&nbsp;1&nbsp;mL,0
43,<b>Tranexamic acid&nbsp;500&nbsp;mg</b><br>&nbsp;10&nbsp;mL,0
43,<b>Tranexamic acid&nbsp;500&nbsp;mg</b><br>&nbsp;20&nbsp;mL,0
43,<b>Tranexamic acid&nbsp;500&nbsp;mg</b><br>0.9% NaC&nbsp;10&nbsp;mL,0
43,<b>Tranexamic acid&nbsp;500&nbsp;mg</b><br>0.9% NaC&nbsp;100&nbsp;mL,0
43,<b>Tranexamic acid&nbsp;500&nbsp;mg</b><br>0.9% NaC&nbsp;12.5&nbsp;mL,0
43,<b>Tranexamic acid&nbsp;500&nbsp;mg</b><br>0.9% NaC&nbsp;20&nbsp;mL,0
43,<b>Tranexamic acid&nbsp;500&nbsp;mg</b><br>0.9% NaC&nbsp;25&nbsp;mL,0
43,<b>Tranexamic acid&nbsp;500&nbsp;mg</b><br>0.9% NaC&nbsp;50&nbsp;mL,0
43,<b>Tranexamic acid&nbsp;500&nbsp;mg</b><br>5% D/NSS&nbsp;10&nbsp;mL,0
43,<b>Tranexamic acid&nbsp;500&nbsp;mg</b><br>Acetar&nbsp;10&nbsp;mL,0
43,<b>Tranexamic acid&nbsp;500&nbsp;mg</b><br>Acetar&nbsp;700&nbsp;mL,0
43,<b>Tranexamic acid&nbsp;500&nbsp;mg</b><br>Acetar&nbsp;800&nbsp;mL,0
43,<b>Tranexamic acid&nbsp;500&nbsp;mg</b><br>Acetar&nbsp;910&nbsp;mL,0
43,<b>Tranexamic acid&nbsp;500&nbsp;mg</b><br>Ringer A&nbsp;10&nbsp;mL,0
43,<b>Tranexamic acid&nbsp;500&nbsp;mg</b><br>Ringer A&nbsp;800&nbsp;mL,0
43,<b>Tranexamic acid&nbsp;500&nbsp;mg</b><br>Undilute&nbsp;10&nbsp;mL,0
43,<b>Tranexamic acid&nbsp;500&nbsp;mg</b><br>Undilute&nbsp;20&nbsp;mL,0
43,<b>Tranexamic acid&nbsp;500&nbsp;mg</b><br>Undilute&nbsp;25&nbsp;mL,0
43,<b>Tranexamic acid&nbsp;500&nbsp;mg</b><br>Undilute&nbsp;50&nbsp;mL,0
43,<b>Tranexamic acid&nbsp;600&nbsp;mg</b><br>0.9% NaC&nbsp;24&nbsp;mL,0
43,<b>Tranexamic acid&nbsp;600&nbsp;mg</b><br>Undilute&nbsp;12&nbsp;mL,0
43,<b>Tranexamic acid&nbsp;750&nbsp;mg</b><br>0.9% NaC&nbsp;30&nbsp;mL,0
43,<b>Tranexamic acid&nbsp;750&nbsp;mg</b><br>Undilute&nbsp;15&nbsp;mL,0
43,<b>Tranexamic acid&nbsp;850&nbsp;mg</b><br>Undilute&nbsp;25&nbsp;mL,0
28,<b>Tranexamic acid</b><br>,0
28,<b>Tranexamic acid</b><br>IV,0
28,<b>Tranexamic acid</b><br>Local infiltration,0
52,<b>Transamine</b><br>25&nbsp;mg/ml,0
11,<b>Urine</b>,0
11,<b>Urine</b><br>,0
28,<b>Valproic acid</b><br>,0
28,<b>Valproic acid</b><br>IV,0
50,<b>Vancomycin&nbsp;1&nbsp;g</b><br>0.9% NaC&nbsp;100&nbsp;ml,0
55,<b>Vancomycin&nbsp;1&nbsp;g</b><br>0.9% NaC&nbsp;100&nbsp;mL,0
55,<b>Vancomycin&nbsp;1&nbsp;g</b><br>0.9% NaC&nbsp;200&nbsp;mL,0
55,<b>Vancomycin&nbsp;1&nbsp;g</b><br>0.9% NaC&nbsp;250&nbsp;mL,0
50,<b>Vancomycin&nbsp;1&nbsp;g</b><br>0.9% NaC&nbsp;500&nbsp;ml,0
55,<b>Vancomycin&nbsp;1&nbsp;g</b><br>0.9% NaC&nbsp;502&nbsp;mL,0
55,<b>Vancomycin&nbsp;1.2&nbsp;g</b><br>0.9% NaC&nbsp;450&nbsp;mL,0
55,<b>Vancomycin&nbsp;1.5&nbsp;g</b><br>0.9% NaC&nbsp;200&nbsp;mL,0
55,<b>Vancomycin&nbsp;1000&nbsp;mg</b><br>0.9% NaC&nbsp;100&nbsp;mL,0
55,<b>Vancomycin&nbsp;1000&nbsp;mg</b><br>0.9% NaC&nbsp;200&nbsp;mL,0
55,<b>Vancomycin&nbsp;1000&nbsp;mg</b><br>0.9% NaC&nbsp;250&nbsp;mL,0
55,<b>Vancomycin&nbsp;1000&nbsp;mg</b><br>5% D/W&nbsp;200&nbsp;mL,0
55,<b>Vancomycin&nbsp;1100&nbsp;mg</b><br>0.9% NaC&nbsp;200&nbsp;mL,0
55,<b>Vancomycin&nbsp;1200&nbsp;mg</b><br>0.9% NaC&nbsp;250&nbsp;mL,0
55,<b>Vancomycin&nbsp;1250&nbsp;mg</b><br>0.9% NaC&nbsp;250&nbsp;mL,0
55,<b>Vancomycin&nbsp;1250&nbsp;mg</b><br>0.9% NaC&nbsp;300&nbsp;mL,0
55,<b>Vancomycin&nbsp;1250&nbsp;mg</b><br>0.9% NaC&nbsp;500&nbsp;mL,0
55,<b>Vancomycin&nbsp;1250&nbsp;mg</b><br>5% D/W&nbsp;100&nbsp;mL,0
55,<b>Vancomycin&nbsp;130&nbsp;mg</b><br>5% D/W&nbsp;20&nbsp;mL,0
55,<b>Vancomycin&nbsp;130&nbsp;mg</b><br>5% D/W&nbsp;30&nbsp;mL,0
55,<b>Vancomycin&nbsp;150&nbsp;mg</b><br>5% D/W&nbsp;30&nbsp;mL,0
55,<b>Vancomycin&nbsp;1500&nbsp;mg</b><br>0.9% NaC&nbsp;300&nbsp;mL,0
55,<b>Vancomycin&nbsp;160&nbsp;mg</b><br>0.9% NaC&nbsp;40&nbsp;mL,0
55,<b>Vancomycin&nbsp;165&nbsp;mg</b><br>5% D/W&nbsp;20&nbsp;mL,0
55,<b>Vancomycin&nbsp;1750&nbsp;mg</b><br>0.9% NaC&nbsp;400&nbsp;mL,0
55,<b>Vancomycin&nbsp;1750&nbsp;mg</b><br>5% D/W&nbsp;2350&nbsp;mL,0
55,<b>Vancomycin&nbsp;20&nbsp;mg</b><br>Sterile&nbsp;10&nbsp;mL,0
55,<b>Vancomycin&nbsp;200&nbsp;mg</b><br>5% D/W&nbsp;40&nbsp;mL,0
55,<b>Vancomycin&nbsp;22&nbsp;mg</b><br>5% D/W&nbsp;5&nbsp;mL,0
55,<b>Vancomycin&nbsp;250&nbsp;mg</b><br>0.9% NaC&nbsp;250&nbsp;mL,0
55,<b>Vancomycin&nbsp;50&nbsp;mg</b><br>5% D/W&nbsp;10&nbsp;mL,0
55,<b>Vancomycin&nbsp;500&nbsp;mg</b><br>0.9% NaC&nbsp;100&nbsp;mL,0
55,<b>Vancomycin&nbsp;650&nbsp;mg</b><br>0.9% NaC&nbsp;100&nbsp;mL,0
55,<b>Vancomycin&nbsp;750&nbsp;mg</b><br>0.9% NaC&nbsp;150&nbsp;mL,0
55,<b>Vancomycin&nbsp;750&nbsp;mg</b><br>0.9% NaC&nbsp;250&nbsp;mL,0
55,<b>Vancomycin&nbsp;750&nbsp;mg</b><br>0.9% NaC&nbsp;75&nbsp;mL,0
55,<b>Vancomycin&nbsp;750&nbsp;mg</b><br>5% D/W&nbsp;100&nbsp;mL,0
55,<b>Vancomycin&nbsp;750&nbsp;mg</b><br>5% D/W&nbsp;200&nbsp;mL,0
9,<b>Vancomycin</b><br>IV,0
16,<b>Vecuronium</b><br>IV,0
24,<b>Ventolin</b>,0
43,<b>Vitamin K&nbsp;1500&nbsp;mg</b><br>Undilute&nbsp;30&nbsp;mL,0
28,<b>Vitamin K</b><br>IV,0
1,<b>Volulyte</b><br>IV,0
1,<b>Volulyte</b><br>IV<br>,0
1,<b>Volulyte</b><br>IV<br>KCl 10 mEq,0
1,<b>Voluven</b><br>IV,0
1,<b>Voluven</b><br>IV<br>,0
3,<b>WB</b>,0
56,<b>WB</b>,0
